090100,001060,30900,3,0,0.0,0.0,0,0,0,0,0,0,0,30900,30900,30900,0,0,0,0,0,0,0
090100,001060,30900,3,0,0.0,0.0,0,0,0,0,0,0,0,30900,30900,30900,0,0,0,0,0,0,0
090100,001060,30800,5,100,-0.32,314.29,21,66,45,1,2,1,353,30750,30950,30750,353,1,2,205,3177,21,66
090100,001060,30850,5,50,-0.16,360.98,41,148,107,2,7,5,455,30750,31000,30750,455,2,7,255,3663,41,148
090200,001060,30950,2,50,0.16,497.56,41,204,163,2,10,8,511,31000,31000,30950,54,0,2,313,3036,0,54
090200,001060,30950,2,50,0.16,384.91,53,204,151,3,10,7,523,31000,31000,30950,66,1,2,691,2026,12,54
090300,001060,31000,2,100,0.32,106.01,316,335,19,7,13,6,917,30950,31200,30950,394,4,3,1322,3035,263,131
090300,001060,31250,2,350,1.13,110.59,406,449,43,9,15,6,1121,30950,31250,30950,598,6,5,1249,2995,353,245
090400,001060,31050,2,150,0.49,111.33,406,452,46,9,16,7,1124,31050,31050,31050,3,0,1,1838,1990,0,3
090400,001060,30850,5,50,-0.16,46.52,1034,481,-553,18,18,0,1781,31050,31050,30850,660,9,3,1385,3463,628,32
090500,001060,30800,5,100,-0.32,46.07,1044,481,-563,19,18,-1,1791,30800,30800,30800,10,1,0,1343,3593,10,0
090500,001060,30800,5,100,-0.32,46.07,1044,481,-563,19,18,-1,1791,30800,30800,30800,10,1,0,1343,3593,10,0
090600,001060,31000,2,100,0.32,46.08,1046,482,-564,20,19,-1,1794,31000,31000,31000,1,0,1,1362,2571,0,1
090600,001060,31000,2,100,0.32,23.38,2066,483,-1583,27,20,-7,2815,31000,31000,30800,1022,7,2,1396,4056,1020,2
090700,001060,30900,3,0,0.0,24.39,2066,504,-1562,27,21,-6,2836,30900,30900,30900,21,0,1,1368,3087,0,21
090700,001060,30900,3,0,0.0,24.86,2144,533,-1611,31,22,-9,2943,30900,30950,30900,128,4,2,1514,2256,78,50
090800,001060,30900,3,0,0.0,24.86,2144,533,-1611,31,22,-9,2943,30900,30900,30900,0,0,0,1514,2256,0,0
090800,001060,30900,3,0,0.0,24.86,2144,533,-1611,31,22,-9,2943,30900,30900,30900,0,0,0,1514,2256,0,0
090900,001060,30900,3,0,0.0,24.86,2144,533,-1611,31,22,-9,2943,30900,30900,30900,0,0,0,1597,2345,0,0
090900,001060,30900,3,0,0.0,25.92,2346,608,-1738,33,26,-7,3220,30900,30900,30900,277,2,4,1566,2503,202,75
091000,001060,30950,2,50,0.16,26.7,2356,629,-1727,34,27,-7,3251,30900,30950,30900,31,1,1,1376,2474,10,21
091100,001060,31000,2,100,0.32,29.41,2356,693,-1663,34,29,-5,3315,31000,31000,31000,0,0,0,1627,2772,0,0
091100,001060,31150,2,250,0.81,31.96,2359,754,-1605,35,31,-4,3379,30950,31150,30950,64,1,2,2354,3042,3,61
091200,001060,31100,2,200,0.65,32.24,2410,777,-1633,36,33,-3,3453,31100,31100,31100,0,0,0,2273,2448,0,0
091200,001060,31100,2,200,0.65,36.09,2430,877,-1553,37,34,-3,3573,31100,31100,31100,120,1,1,2273,2083,20,100
091300,001060,32000,2,1100,3.56,276.05,2430,6708,4278,37,52,15,9404,32000,32000,32000,0,0,0,2271,2443,0,0
091300,001060,32000,2,1100,3.56,276.05,2430,6708,4278,37,52,15,9404,32000,32000,32000,0,0,0,2271,2443,0,0
091400,001060,32000,2,1100,3.56,276.05,2430,6708,4278,37,52,15,9404,32000,32000,32000,0,0,0,2271,2443,0,0
091400,001060,32000,2,1100,3.56,276.05,2430,6708,4278,37,52,15,9404,32000,32000,32000,0,0,0,2271,2443,0,0
091500,001060,32000,2,1100,3.56,276.05,2430,6708,4278,37,52,15,9404,32000,32000,32000,0,0,0,2271,2443,0,0
091500,001060,32100,2,1200,3.88,102.52,7137,7317,180,58,69,11,16815,32000,32100,31550,7411,21,17,2013,3300,4707,609
091600,001060,32300,2,1400,4.53,122.52,7919,9702,1783,76,97,21,19982,32200,32300,32200,145,3,4,5895,2155,12,133
091600,001060,32100,2,1200,3.88,101.28,10106,10235,129,107,116,9,22702,32200,32400,31950,2865,34,23,6216,585,2199,666
091700,001060,31950,2,1050,3.4,103.91,10363,10768,405,113,127,14,23492,32000,32000,31950,45,2,0,7324,696,45,0
091700,001060,31950,2,1050,3.4,95.11,11461,10901,-560,137,135,-2,24723,32000,32250,31550,1276,26,8,7266,1410,1143,133
091800,001060,31750,2,850,2.75,89.81,12403,11139,-1264,146,138,-8,25913,31800,31800,31750,260,1,2,2660,1933,24,236
091800,001060,31750,2,850,2.75,89.24,12594,11239,-1355,155,139,-16,26480,31800,31800,31650,827,10,3,2031,1400,215,336
091900,001060,31800,2,900,2.91,89.15,12931,11528,-1403,162,146,-16,27126,31800,31800,31800,2,1,0,4136,1538,2,0
091900,001060,31800,2,900,2.91,82.16,14207,11672,-2535,172,148,-24,28546,31800,31800,31500,1422,11,2,1255,1605,1278,144
092000,001060,31750,2,850,2.75,81.72,14308,11693,-2615,174,150,-24,28668,31750,31750,31750,20,0,1,1444,1021,0,20
092000,001060,31850,2,950,3.07,82.39,14681,12096,-2585,182,162,-20,29444,31750,32000,31750,796,8,13,2247,1579,373,423
092100,001060,31550,2,650,2.1,78.32,15744,12330,-3414,192,167,-25,30741,31550,31550,31550,0,0,0,3094,2079,0,0
092100,001060,31900,2,1000,3.24,78.81,15768,12426,-3342,194,170,-24,30861,31850,31900,31650,120,2,3,2611,2269,24,96
092200,001060,31850,2,950,3.07,79.16,15798,12505,-3293,197,174,-23,30970,31850,31850,31850,48,1,1,2877,2238,27,21
092200,001060,31550,2,650,2.1,76.63,16813,12884,-3929,205,181,-24,32364,31850,31900,31550,1442,9,8,3327,2399,1042,400
092300,001060,31650,2,750,2.43,77.18,16900,13044,-3856,206,184,-22,32611,31650,31650,31650,87,1,0,3680,1807,87,0
092300,001060,31850,2,950,3.07,77.47,16921,13108,-3813,209,186,-23,32696,31650,31900,31650,172,4,2,3811,2287,108,64
092400,001060,31850,2,950,3.07,77.46,16933,13117,-3816,212,187,-25,32717,31850,31850,31850,11,2,0,4545,2410,11,0
092400,001060,31850,2,950,3.07,77.6,16961,13161,-3800,214,188,-26,32789,31850,31850,31800,83,4,1,4740,2795,39,44
092500,001060,31800,2,900,2.91,77.29,17298,13370,-3928,220,190,-30,33380,31800,31800,31800,57,1,0,5256,2903,57,0
092500,001060,31800,2,900,2.91,77.41,17329,13415,-3914,221,192,-29,33456,31800,31800,31800,133,2,2,4631,3151,88,45
092600,001060,31700,2,800,2.59,77.07,17527,13508,-4019,225,194,-31,33747,31750,31750,31700,47,2,0,4370,3168,47,0
092600,001060,31650,2,750,2.43,76.02,17809,13538,-4271,228,195,-33,34059,31750,31750,31650,359,5,1,3687,3199,329,30
092700,001060,31650,2,750,2.43,76.19,17863,13610,-4253,230,198,-32,34185,31700,31700,31650,84,1,1,3222,3235,40,44
092700,001060,31600,2,700,2.27,74.45,18280,13610,-4670,235,198,-37,34602,31700,31700,31600,501,6,1,3634,2828,457,44
092800,001060,31600,2,700,2.27,74.45,18407,13704,-4703,237,201,-36,34823,31600,31600,31600,51,1,1,4026,2713,22,29
092800,001060,31600,2,700,2.27,74.42,18544,13801,-4743,240,206,-34,35057,31600,31600,31600,285,4,6,4440,2753,159,126
092900,001060,31800,2,900,2.91,80.55,18584,14970,-3614,242,216,-26,36266,31650,31800,31650,824,0,7,4350,2969,0,824
092900,001060,31800,2,900,2.91,80.56,18585,14973,-3612,243,219,-24,36270,31650,31800,31650,828,1,10,4377,2921,1,827
093000,001060,31700,2,800,2.59,80.9,18592,15041,-3551,246,222,-24,36345,31700,31700,31700,6,2,0,4233,2972,6,0
093000,001060,31650,2,750,2.43,80.47,18691,15041,-3650,249,222,-27,36444,31700,31700,31650,105,5,0,3478,2978,105,0
093100,001060,31650,2,750,2.43,79.83,18843,15043,-3800,252,224,-28,36598,31650,31650,31650,1,0,1,2975,2886,0,1
093100,001060,31400,2,500,1.62,70.03,21518,15069,-6449,275,225,-50,39299,31650,31650,31400,2702,23,2,2038,502,2675,27
093200,001060,31350,2,450,1.46,69.49,21695,15075,-6620,279,226,-53,39482,31350,31350,31350,4,1,0,1645,769,4,0
093200,001060,31450,2,550,1.78,70.61,21695,15319,-6376,279,231,-48,39726,31350,31450,31350,248,1,5,1991,629,4,244
093300,001060,31400,2,500,1.62,70.66,21778,15389,-6389,282,232,-50,39879,31400,31400,31400,53,2,0,1971,656,53,0
093300,001060,31450,2,550,1.78,70.81,21778,15421,-6357,282,233,-49,39911,31400,31450,31400,85,2,1,1950,578,53,32
093400,001060,31450,2,550,1.78,71.29,21778,15525,-6253,282,238,-44,40015,31450,31450,31450,103,0,4,1845,603,0,103
093400,001060,31500,2,600,1.94,71.94,21778,15667,-6111,282,242,-40,40157,31450,31500,31450,245,0,8,1864,603,0,245
093500,001060,31400,2,500,1.62,72.14,21779,15711,-6068,283,244,-39,40202,31400,31400,31400,1,1,0,1829,602,1,0
093500,001060,31500,2,600,1.94,71.95,21841,15714,-6127,285,247,-38,40267,31400,31500,31400,66,3,3,1799,582,63,3
093600,001060,31450,2,550,1.78,71.91,21914,15759,-6155,288,249,-39,40385,31450,31500,31450,118,3,2,3575,1751,73,45
093600,001060,31500,2,600,1.94,73.17,21932,16048,-5884,289,252,-37,40692,31450,31500,31450,425,4,5,3984,1642,91,334
093700,001060,31500,2,600,1.94,72.98,21991,16048,-5943,293,252,-41,40751,31500,31500,31500,59,4,0,3966,1445,59,0
093700,001060,31500,2,600,1.94,73.07,22066,16124,-5942,294,254,-40,40902,31500,31550,31500,210,5,2,3892,1464,134,76
093800,001060,31500,2,600,1.94,73.07,22067,16124,-5943,295,254,-41,40903,31500,31500,31500,0,0,0,3892,1433,0,0
093800,001060,31550,2,650,2.1,73.52,22067,16223,-5844,295,256,-39,41002,31550,31550,31550,99,0,2,3846,1565,0,99
093900,001060,31550,2,650,2.1,73.61,22067,16243,-5824,295,257,-38,41022,31550,31550,31550,0,0,0,3802,1585,0,0
093900,001060,31450,2,550,1.78,72.7,22341,16243,-6098,301,257,-44,41296,31550,31550,31450,274,6,0,3986,1463,274,0
094000,001060,31400,2,500,1.62,72.13,22518,16243,-6275,303,257,-46,41473,31450,31450,31400,177,2,0,2168,1460,177,0
094000,001060,31400,2,500,1.62,72.16,22518,16248,-6270,303,258,-45,41478,31450,31450,31400,182,2,1,2173,1773,177,5
094100,001060,31400,2,500,1.62,72.21,22610,16326,-6284,306,260,-46,41648,31400,31450,31400,170,3,2,4273,1753,92,78
094100,001060,31400,2,500,1.62,72.08,22650,16326,-6324,308,260,-48,41888,31400,31450,31400,410,5,2,4839,1683,132,78
094200,001060,31400,2,500,1.62,72.05,22660,16326,-6334,309,260,-49,41898,31400,31400,31400,10,1,0,4869,1645,10,0
094200,001060,31400,2,500,1.62,72.04,22661,16326,-6335,310,260,-50,41899,31400,31400,31400,11,2,0,5043,1719,11,0
094300,001060,31400,2,500,1.62,72.04,22661,16326,-6335,310,260,-50,41899,31400,31400,31400,0,0,0,5043,1719,0,0
094300,001060,31450,2,550,1.78,72.04,22662,16326,-6336,311,260,-51,41900,31450,31450,31450,1,1,0,4882,1705,1,0
094400,001060,31450,2,550,1.78,72.04,22662,16326,-6336,311,260,-51,41900,31450,31450,31450,0,0,0,4882,1705,0,0
094400,001060,31500,2,600,1.94,71.98,22718,16352,-6366,313,261,-52,41982,31450,31500,31450,82,2,1,4967,1774,56,26
094500,001060,31500,2,600,1.94,73.05,22718,16596,-6122,313,263,-50,42226,31500,31500,31500,244,0,2,4899,1776,0,244
094500,001060,31500,2,600,1.94,73.05,22718,16596,-6122,313,263,-50,42226,31500,31500,31500,244,0,2,4899,1776,0,244
094600,001060,31450,2,550,1.78,73.06,22728,16604,-6124,314,265,-49,42244,31500,31500,31450,18,1,2,4719,1787,10,8
094600,001060,31450,2,550,1.78,72.95,22787,16624,-6163,315,266,-49,42323,31500,31500,31450,97,2,3,4699,1821,69,28
094700,001060,31500,2,600,1.94,73.82,22792,16824,-5968,316,267,-49,42528,31500,31500,31500,200,0,1,4702,1787,0,200
094700,001060,31500,2,600,1.94,74.12,22792,16893,-5899,316,271,-45,42597,31500,31500,31500,269,0,5,4540,1789,0,269
094800,001060,31500,2,600,1.94,74.13,22792,16896,-5896,316,272,-44,42600,31500,31500,31500,3,0,1,4528,1869,0,3
094800,001060,31500,2,600,1.94,74.13,22834,16926,-5908,318,273,-45,42672,31500,31500,31450,75,2,2,4525,1832,42,33
094900,001060,31450,2,550,1.78,74.1,22903,16970,-5933,319,274,-45,42785,31450,31450,31450,69,1,0,4467,1885,69,0
094900,001060,31500,2,600,1.94,74.1,22903,16971,-5932,319,275,-44,42786,31450,31500,31450,70,1,1,4403,1822,69,1
095000,001060,31500,2,600,1.94,74.4,22903,17039,-5864,319,277,-42,42854,31500,31500,31500,68,0,2,4340,1822,0,68
095000,001060,31500,2,600,1.94,74.4,22903,17039,-5864,319,277,-42,42854,31500,31500,31500,68,0,2,4340,1822,0,68
095100,001060,31500,2,600,1.94,74.4,22903,17039,-5864,319,277,-42,42854,31500,31500,31500,0,0,0,4336,1872,0,0
095200,001060,31500,2,600,1.94,74.99,22903,17174,-5729,319,279,-40,42989,31500,31500,31500,0,0,0,4292,1872,0,0
095200,001060,31500,2,600,1.94,76.67,22997,17631,-5366,321,281,-40,43540,31500,31500,31500,551,2,2,4517,1863,94,457
095300,001060,31500,2,600,1.94,76.65,23003,17631,-5372,323,281,-42,43546,31500,31500,31500,0,0,0,4515,1866,0,0
095300,001060,31550,2,650,2.1,77.31,23087,17848,-5239,324,285,-39,43847,31500,31550,31500,301,1,4,4150,2017,84,217
095400,001060,31550,2,650,2.1,77.44,23087,17878,-5209,324,286,-38,43877,31550,31550,31550,0,0,0,3957,2017,0,0
095400,001060,31550,2,650,2.1,77.71,23087,17940,-5147,324,288,-36,43939,31550,31550,31550,62,0,2,3909,2017,0,62
095500,001060,31550,2,650,2.1,77.71,23087,17941,-5146,324,289,-35,43940,31550,31550,31550,0,0,0,3915,2048,0,0
095500,001060,31550,2,650,2.1,77.9,23087,17985,-5102,324,290,-34,43984,31550,31550,31550,44,0,1,3915,2348,0,44
095600,001060,31550,2,650,2.1,78.08,23087,18027,-5060,324,293,-31,44026,31550,31550,31550,0,0,0,4232,2378,0,0
095600,001060,31550,2,650,2.1,78.58,23087,18142,-4945,324,294,-30,44141,31550,31550,31550,115,0,1,4201,2378,0,115
095700,001060,31450,2,550,1.78,78.08,23291,18186,-5105,326,295,-31,44389,31450,31450,31450,0,0,0,1942,2278,0,0
095700,001060,31450,2,550,1.78,78.43,23291,18266,-5025,326,296,-30,44469,31450,31450,31450,80,0,1,1862,2220,0,80
095800,001060,31450,2,550,1.78,78.13,23391,18276,-5115,327,297,-30,44579,31450,31450,31450,0,0,0,1645,2120,0,0
095800,001060,31450,2,550,1.78,77.95,23446,18276,-5170,328,297,-31,44634,31450,31450,31450,55,1,0,3886,2199,55,0
095900,001060,31450,2,550,1.78,78.49,23446,18402,-5044,328,301,-27,44760,31450,31450,31450,0,0,0,2003,2250,0,0
095900,001060,31450,2,550,1.78,78.96,23446,18514,-4932,328,303,-25,44872,31450,31450,31450,112,0,2,1885,2250,0,112
100000,001060,31450,2,550,1.78,78.94,23454,18514,-4940,329,303,-26,44880,31450,31450,31450,0,0,0,4084,2288,0,0
100000,001060,31450,2,550,1.78,78.94,23454,18514,-4940,329,303,-26,44880,31450,31450,31450,0,0,0,4084,2288,0,0
100100,001060,31450,2,550,1.78,78.94,23454,18514,-4940,329,303,-26,44880,31450,31450,31450,0,0,0,4084,2280,0,0
100100,001060,31500,2,600,1.94,78.72,23520,18515,-5005,330,304,-26,44947,31500,31500,31500,67,1,1,4177,2352,66,1
100200,001060,31450,2,550,1.78,78.52,23580,18515,-5065,333,304,-29,45007,31450,31450,31450,20,1,0,4167,2384,20,0
100200,001060,31450,2,550,1.78,78.52,23580,18515,-5065,333,304,-29,45007,31450,31450,31450,20,1,0,4167,2384,20,0
100300,001060,31450,2,550,1.78,78.16,23690,18515,-5175,334,304,-30,45117,31450,31450,31450,0,0,0,4167,2430,0,0
100300,001060,31500,2,600,1.94,77.92,23761,18515,-5246,335,304,-31,45188,31500,31500,31500,71,1,0,4227,2297,71,0
100400,001060,31500,2,600,1.94,77.93,23761,18516,-5245,335,305,-30,45189,31500,31500,31500,1,0,1,2259,2370,0,1
100400,001060,31450,2,550,1.78,77.81,23796,18516,-5280,336,305,-31,45225,31500,31500,31450,37,1,1,4337,2399,35,1
100500,001060,31450,2,550,1.78,77.81,23796,18516,-5280,336,305,-31,45225,31450,31450,31450,0,0,0,4337,2399,0,0
100500,001060,31500,2,600,1.94,77.6,23862,18516,-5346,337,305,-32,45291,31500,31500,31500,66,1,0,4353,2336,66,0
100600,001060,31500,2,600,1.94,77.45,23906,18516,-5390,338,305,-33,45335,31500,31500,31500,0,0,0,4353,2314,0,0
100600,001060,31500,2,600,1.94,77.45,23906,18516,-5390,338,305,-33,45335,31500,31500,31500,0,0,0,4353,2314,0,0
100700,001060,31550,2,650,2.1,77.78,23906,18593,-5313,338,308,-30,45412,31550,31550,31550,37,0,2,3984,2274,0,37
100700,001060,31500,2,600,1.94,77.88,23911,18621,-5290,339,309,-30,45445,31550,31550,31500,70,1,3,1928,2394,5,65
100800,001060,31550,2,650,2.1,77.89,23911,18625,-5286,339,310,-29,45449,31550,31550,31550,4,0,1,4019,2521,0,4
100800,001060,31500,2,600,1.94,77.76,24005,18666,-5339,342,311,-31,45584,31550,31550,31500,139,3,2,4649,2540,94,45
100900,001060,31500,2,600,1.94,77.85,24005,18688,-5317,342,312,-30,45606,31500,31500,31500,0,0,0,4686,2544,0,0
100900,001060,31500,2,600,1.94,78.03,24005,18732,-5273,342,313,-29,45650,31500,31500,31500,44,0,1,2559,2544,0,44
101000,001060,31450,2,550,1.78,78.23,24015,18787,-5228,343,314,-29,45715,31450,31450,31450,10,1,0,2021,2544,10,0
101000,001060,31450,2,550,1.78,78.23,24016,18787,-5229,344,314,-30,45716,31450,31450,31450,11,2,0,2021,2534,11,0
101100,001060,31500,2,600,1.94,78.86,24016,18939,-5077,344,317,-27,45868,31500,31500,31500,0,0,0,1865,2633,0,0
101100,001060,31500,2,600,1.94,78.86,24016,18939,-5077,344,317,-27,45868,31500,31500,31500,0,0,0,1865,2633,0,0
101200,001060,31500,2,600,1.94,78.86,24016,18939,-5077,344,317,-27,45868,31500,31500,31500,0,0,0,4042,2583,0,0
101200,001060,31550,2,650,2.1,79.03,24016,18980,-5036,344,319,-25,45909,31550,31550,31550,41,0,2,4091,3622,0,41
101300,001060,31550,2,650,2.1,79.42,24017,19075,-4942,345,320,-25,46005,31550,31550,31550,1,1,0,4008,3274,1,0
101300,001060,31550,2,650,2.1,79.12,24109,19075,-5034,347,320,-27,46097,31550,31550,31550,93,3,0,4141,3316,93,0
101400,001060,31550,2,650,2.1,79.7,24109,19215,-4894,347,324,-23,46237,31550,31550,31550,135,0,3,4346,2578,0,135
101400,001060,31550,2,650,2.1,80.0,24109,19288,-4821,347,326,-21,46310,31550,31550,31550,208,0,5,4340,2578,0,208
101500,001060,31550,2,650,2.1,81.11,24146,19586,-4560,348,327,-21,46645,31550,31550,31550,335,1,1,4325,2377,37,298
101500,001060,31500,2,600,1.94,77.26,25351,19586,-5765,353,327,-26,47850,31550,31550,31500,1540,6,1,4554,2579,1242,298
101600,001060,31500,2,600,1.94,77.13,25395,19586,-5809,354,327,-27,47894,31500,31500,31500,44,1,0,4590,1533,44,0
101600,001060,31450,2,550,1.78,76.47,25612,19586,-6026,358,327,-31,48111,31500,31500,31450,261,5,0,2727,1485,261,0
101700,001060,31400,2,500,1.62,76.0,25828,19629,-6199,360,329,-31,48370,31400,31400,31400,209,1,2,1535,1451,166,43
101700,001060,31400,2,500,1.62,76.03,25831,19639,-6192,362,330,-32,48383,31400,31400,31400,222,3,3,1688,1502,169,53
101800,001060,31350,2,450,1.46,76.15,25857,19691,-6166,363,332,-31,48461,31400,31400,31350,78,1,2,1629,1520,26,52
101800,001060,31350,2,450,1.46,76.15,25857,19691,-6166,363,332,-31,48461,31400,31400,31350,78,1,2,1629,1520,26,52
101900,001060,31350,2,450,1.46,75.63,26037,19691,-6346,366,332,-34,48641,31350,31350,31350,180,3,0,1712,1451,180,0
101900,001060,31300,2,400,1.29,75.62,26041,19691,-6350,368,332,-36,48645,31350,31350,31300,184,5,0,1853,1462,184,0
102000,001060,31350,2,450,1.46,75.63,26066,19714,-6352,369,333,-36,48693,31350,31350,31350,23,0,1,1760,1440,0,23
102000,001060,31300,2,400,1.29,75.33,26170,19714,-6456,370,333,-37,48797,31350,31350,31300,127,1,1,1858,1486,104,23
102100,001060,31250,2,350,1.13,75.15,26312,19773,-6539,371,335,-36,48998,31300,31300,31250,201,1,2,1612,1569,142,59
102100,001060,31200,2,300,0.97,74.85,26417,19774,-6643,374,336,-38,49104,31300,31300,31200,307,4,3,1734,1549,247,60
102200,001060,31250,2,350,1.13,75.12,26417,19845,-6572,374,338,-36,49175,31250,31250,31250,44,0,1,1622,1472,0,44
102200,001060,31250,2,350,1.13,75.25,26417,19879,-6538,374,342,-32,49209,31250,31250,31250,78,0,5,1546,1472,0,78
102300,001060,31250,2,350,1.13,75.15,26457,19882,-6575,376,343,-33,49252,31200,31250,31200,33,1,1,1544,1628,30,3
102300,001060,31250,2,350,1.13,74.95,26617,19949,-6668,377,346,-31,49479,31200,31250,31200,260,2,4,1515,1509,190,70
102400,001060,31250,2,350,1.13,74.95,26617,19949,-6668,377,346,-31,49479,31250,31250,31250,0,0,0,1515,1509,0,0
102400,001060,31200,2,300,0.97,74.6,26742,19949,-6793,379,346,-33,49604,31200,31200,31200,125,2,0,1514,1596,125,0
102500,001060,31250,2,350,1.13,74.61,26742,19953,-6789,379,347,-32,49608,31250,31250,31250,4,0,1,1549,1898,0,4
102600,001060,31200,2,300,0.97,73.54,27173,19982,-7191,384,348,-36,50068,31200,31200,31200,0,0,0,1517,1579,0,0
102600,001060,31200,2,300,0.97,73.39,27226,19982,-7244,385,348,-37,50121,31200,31200,31200,53,1,0,1477,1539,53,0
102700,001060,31250,2,350,1.13,73.47,27226,20002,-7224,385,350,-35,50141,31250,31250,31250,10,0,1,1487,1543,0,10
102700,001060,31250,2,350,1.13,73.47,27226,20002,-7224,385,350,-35,50141,31250,31250,31250,10,0,1,1487,1543,0,10
102800,001060,31100,2,200,0.65,72.86,27538,20065,-7473,388,352,-36,50516,31100,31100,31100,0,0,0,1568,1670,0,0
102800,001060,31100,2,200,0.65,72.8,27563,20065,-7498,389,352,-37,50541,31100,31100,31100,25,1,0,1263,1450,25,0
102900,001060,31100,2,200,0.65,72.67,27613,20065,-7548,390,352,-38,50591,31100,31100,31100,0,0,0,1357,1553,0,0
102900,001060,31150,2,250,0.81,72.78,27613,20097,-7516,390,353,-37,50623,31150,31150,31150,32,0,1,1607,1503,0,32
103000,001060,31150,2,250,0.81,74.06,27613,20449,-7164,390,355,-35,50975,31150,31150,31150,0,0,0,1445,1503,0,0
103000,001060,31200,2,300,0.97,74.06,27613,20450,-7163,390,356,-34,50976,31200,31200,31200,1,0,1,1318,1871,0,1
103100,001060,31200,2,300,0.97,74.06,27613,20450,-7163,390,356,-34,50976,31200,31200,31200,0,0,0,1318,1871,0,0
103100,001060,31150,2,250,0.81,74.35,27634,20547,-7087,391,359,-32,51094,31200,31200,31150,118,1,3,2316,1667,21,97
103200,001060,30900,3,0,0.0,72.06,28514,20547,-7967,399,359,-40,51974,30900,30900,30900,106,2,0,2940,1717,106,0
103200,001060,30900,3,0,0.0,72.11,28583,20611,-7972,401,362,-39,52107,30900,30900,30900,239,4,3,2437,2642,175,64
103300,001060,30950,2,50,0.16,72.21,28627,20671,-7956,403,364,-39,52211,30900,30950,30900,101,1,2,2724,2645,41,60
103300,001060,30950,2,50,0.16,72.78,28627,20836,-7791,403,365,-38,52376,30900,30950,30900,266,1,3,2728,1873,41,225
103400,001060,31000,2,100,0.32,73.56,28667,21087,-7580,404,366,-38,52667,31000,31000,31000,0,0,0,2637,2498,0,0
103400,001060,31000,2,100,0.32,73.56,28667,21087,-7580,404,366,-38,52667,31000,31000,31000,0,0,0,2637,2498,0,0
103500,001060,31050,2,150,0.49,72.75,28987,21087,-7900,407,366,-41,52987,31050,31050,31050,0,0,0,2534,1800,0,0
103500,001060,31050,2,150,0.49,72.75,28987,21087,-7900,407,366,-41,52987,31050,31050,31050,0,0,0,2534,1800,0,0
103600,001060,31050,2,150,0.49,72.71,29004,21089,-7915,408,367,-41,53006,31050,31050,31050,17,1,0,2599,2006,17,0
103600,001060,31050,2,150,0.49,72.69,29012,21089,-7923,409,367,-42,53014,31050,31050,31050,25,2,0,2582,1989,25,0
103700,001060,31100,2,200,0.65,72.52,29142,21134,-8008,410,369,-41,53189,31100,31100,31100,0,0,0,2582,1847,0,0
103700,001060,31100,2,200,0.65,72.52,29142,21134,-8008,410,369,-41,53189,31100,31100,31100,0,0,0,2582,1847,0,0
103800,001060,31050,2,150,0.49,72.51,29147,21134,-8013,412,369,-43,53194,31050,31050,31050,0,0,0,2552,2222,0,0
103800,001060,31100,2,200,0.65,72.55,29157,21154,-8003,413,370,-43,53224,31050,31100,31050,30,1,1,2552,2547,10,20
103900,001060,31100,2,200,0.65,72.7,29157,21198,-7959,413,371,-42,53268,31100,31100,31100,44,0,1,2562,2566,0,44
103900,001060,31100,2,200,0.65,72.71,29157,21199,-7958,413,372,-41,53269,31100,31100,31100,45,0,2,2518,2518,0,45
104000,001060,31150,2,250,0.81,74.09,29157,21601,-7556,413,374,-39,53671,31150,31150,31150,100,0,1,2257,2310,0,100
104000,001060,31150,2,250,0.81,73.76,29328,21631,-7697,415,375,-40,53872,31150,31200,31150,301,2,2,2238,2193,171,130
104100,001060,31150,2,250,0.81,73.76,29328,21631,-7697,415,375,-40,53872,31150,31150,31150,0,0,0,2238,2193,0,0
104100,001060,31150,2,250,0.81,73.91,29328,21675,-7653,415,376,-39,53916,31150,31150,31150,44,0,1,2497,2225,0,44
104200,001060,31150,2,250,0.81,75.0,29328,21997,-7331,415,377,-38,54238,31150,31150,31150,322,0,1,2490,2325,0,322
104200,001060,31150,2,250,0.81,75.0,29328,21997,-7331,415,377,-38,54238,31150,31150,31150,322,0,1,2490,2325,0,322
104300,001060,31150,2,250,0.81,75.0,29328,21997,-7331,415,377,-38,54238,31150,31150,31150,0,0,0,2490,2325,0,0
104300,001060,31150,2,250,0.81,75.0,29328,21997,-7331,415,377,-38,54238,31150,31150,31150,0,0,0,2238,2230,0,0
104400,001060,31500,2,600,1.94,81.12,29328,23790,-5538,415,387,-28,56031,31350,31500,31350,146,0,4,1328,1807,0,146
104400,001060,31350,2,450,1.46,80.6,29516,23790,-5726,417,387,-30,56219,31350,31500,31350,334,2,4,1531,2026,188,146
104500,001060,31400,2,500,1.62,80.6,29517,23790,-5727,418,387,-31,56220,31400,31400,31400,1,1,0,1732,1717,1,0
104500,001060,31450,2,550,1.78,80.62,29561,23831,-5730,420,388,-32,56305,31400,31450,31400,86,3,1,1348,1818,45,41
104600,001060,31400,2,500,1.62,80.56,29582,23831,-5751,421,388,-33,56326,31400,31400,31400,21,1,0,1943,1586,21,0
104600,001060,31350,2,450,1.46,80.69,29590,23875,-5715,422,389,-33,56378,31400,31400,31350,73,2,1,1369,1828,29,44
104700,001060,31350,2,450,1.46,80.69,29600,23883,-5717,423,390,-33,56396,31350,31350,31350,8,0,1,1100,2022,0,8
104700,001060,31350,2,450,1.46,81.14,29600,24017,-5583,423,392,-31,56530,31350,31350,31350,142,0,3,1203,2037,0,142
104800,001060,31350,2,450,1.46,81.14,29600,24017,-5583,423,392,-31,56530,31350,31350,31350,0,0,0,1203,2037,0,0
104800,001060,31350,2,450,1.46,81.14,29600,24017,-5583,423,392,-31,56530,31350,31350,31350,0,0,0,1203,2037,0,0
104900,001060,31350,2,450,1.46,81.14,29600,24017,-5583,423,392,-31,56530,31350,31350,31350,0,0,0,1386,1999,0,0
104900,001060,31400,2,500,1.62,80.93,29700,24036,-5664,424,393,-31,56649,31350,31400,31350,119,1,1,1452,1766,100,19
105000,001060,31400,2,500,1.62,81.03,29700,24066,-5634,424,394,-30,56679,31400,31400,31400,30,0,1,1454,1761,0,30
105000,001060,31350,2,450,1.46,81.14,29715,24110,-5605,425,395,-30,56738,31400,31400,31350,89,1,2,1440,1761,15,74
105100,001060,31350,2,450,1.46,81.14,29715,24110,-5605,425,395,-30,56738,31350,31350,31350,0,0,0,1440,1761,0,0
105100,001060,31400,2,500,1.62,81.41,29715,24192,-5523,425,397,-28,56820,31400,31400,31400,82,0,2,1393,1746,0,82
105200,001060,31300,2,400,1.29,80.96,29883,24192,-5691,429,397,-32,56988,31400,31400,31300,168,4,0,1622,1893,168,0
105200,001060,31200,2,300,0.97,80.86,29918,24192,-5726,430,397,-33,57023,31400,31400,31200,203,5,0,1445,2261,203,0
105300,001060,31200,2,300,0.97,80.86,29918,24192,-5726,430,397,-33,57023,31200,31200,31200,0,0,0,1445,2261,0,0
105300,001060,31200,2,300,0.97,80.86,29918,24192,-5726,430,397,-33,57023,31200,31200,31200,0,0,0,1445,2261,0,0
105400,001060,31200,2,300,0.97,80.86,29918,24192,-5726,430,397,-33,57023,31200,31200,31200,0,0,0,1508,2360,0,0
105400,001060,31300,2,400,1.29,80.86,29919,24192,-5727,431,397,-34,57024,31300,31300,31300,1,1,0,1529,2200,1,0
105500,001060,31400,2,500,1.62,80.9,29940,24221,-5719,432,398,-34,57074,31350,31400,31350,50,1,1,1510,2229,21,29
105500,001060,31350,2,450,1.46,81.04,29941,24265,-5676,433,399,-34,57119,31350,31400,31350,95,2,2,1407,2045,22,73
105600,001060,31350,2,450,1.46,81.04,29941,24265,-5676,433,399,-34,57119,31350,31350,31350,0,0,0,1407,2045,0,0
105700,001060,31350,2,450,1.46,81.04,29941,24265,-5676,433,399,-34,57119,31350,31350,31350,0,0,0,1407,2347,0,0
105700,001060,31400,2,500,1.62,81.11,29941,24285,-5656,433,400,-33,57139,31400,31400,31400,20,0,1,1407,2391,0,20
105800,001060,31400,2,500,1.62,82.2,29971,24635,-5336,434,403,-31,57519,31400,31400,31400,0,0,0,1927,2141,0,0
105800,001060,31400,2,500,1.62,82.2,29971,24635,-5336,434,403,-31,57519,31400,31400,31400,0,0,0,1927,2141,0,0
105900,001060,31450,2,550,1.78,80.98,30673,24838,-5835,437,404,-33,58424,31500,31500,31400,702,3,0,2112,1994,702,0
105900,001060,31450,2,550,1.78,80.11,31010,24842,-6168,441,405,-36,58765,31500,31500,31400,1043,7,1,2514,2295,1039,4
110000,001060,31450,2,550,1.78,80.11,31010,24842,-6168,441,405,-36,58765,31450,31450,31450,0,0,0,2514,2295,0,0
110000,001060,31450,2,550,1.78,80.11,31010,24842,-6168,441,405,-36,58765,31450,31450,31450,0,0,0,2514,2295,0,0
110100,001060,31500,2,600,1.94,80.19,31010,24868,-6142,441,407,-34,58791,31500,31500,31500,1,0,1,2323,2137,0,1
110100,001060,31500,2,600,1.94,80.48,31010,24957,-6053,441,409,-32,58880,31500,31500,31500,90,0,3,2345,2137,0,90
110200,001060,31500,2,600,1.94,80.71,31010,25027,-5983,441,412,-29,58950,31500,31500,31500,0,0,0,2654,2029,0,0
110200,001060,31350,2,450,1.46,80.59,31055,25027,-6028,442,412,-30,58995,31350,31350,31350,45,1,0,2664,2219,45,0
110300,001060,31350,2,450,1.46,80.59,31055,25027,-6028,442,412,-30,58995,31350,31350,31350,0,0,0,2664,2219,0,0
110300,001060,31350,2,450,1.46,80.59,31055,25027,-6028,442,412,-30,58995,31350,31350,31350,0,0,0,2704,2219,0,0
110400,001060,31350,2,450,1.46,80.59,31056,25027,-6029,443,412,-31,58996,31350,31350,31350,1,1,0,2744,2169,1,0
110400,001060,31350,2,450,1.46,80.59,31056,25027,-6029,443,412,-31,58996,31350,31350,31350,1,1,0,2744,2169,1,0
110500,001060,31350,2,450,1.46,80.49,31093,25027,-6066,445,412,-33,59033,31350,31350,31350,0,0,0,2741,2284,0,0
110500,001060,31350,2,450,1.46,80.49,31094,25027,-6067,446,412,-34,59034,31350,31350,31350,1,1,0,2888,2284,1,0
110600,001060,31350,2,450,1.46,80.39,31133,25027,-6106,447,412,-35,59073,31350,31350,31350,39,1,0,2490,2283,39,0
110600,001060,31350,2,450,1.46,80.39,31133,25027,-6106,447,412,-35,59073,31350,31350,31350,39,1,0,2490,2283,39,0
110700,001060,31300,2,400,1.29,80.38,31134,25027,-6107,448,412,-36,59074,31300,31300,31300,1,1,0,2735,2375,1,0
110700,001060,31300,2,400,1.29,80.38,31135,25027,-6108,449,412,-37,59075,31300,31300,31300,2,2,0,2660,2374,2,0
110800,001060,31300,2,400,1.29,79.87,31336,25027,-6309,450,412,-38,59276,31300,31300,31300,201,1,0,2875,2423,201,0
110800,001060,31300,2,400,1.29,79.96,31386,25096,-6290,451,414,-37,59395,31300,31300,31250,320,2,2,2324,2322,251,69
110900,001060,31300,2,400,1.29,79.97,31387,25100,-6287,452,416,-36,59400,31300,31300,31300,0,0,0,2357,2321,0,0
110900,001060,31300,2,400,1.29,79.97,31387,25100,-6287,452,416,-36,59400,31300,31300,31300,0,0,0,2357,2321,0,0
111000,001060,31300,2,400,1.29,80.0,31387,25110,-6277,452,417,-35,59410,31300,31300,31300,0,0,0,2338,2267,0,0
111000,001060,31300,2,400,1.29,80.0,31387,25110,-6277,452,417,-35,59410,31300,31300,31300,0,0,0,2338,2267,0,0
111100,001060,31300,2,400,1.29,80.02,31387,25115,-6272,452,418,-34,59415,31300,31300,31300,5,0,1,2254,2338,0,5
111100,001060,31300,2,400,1.29,80.06,31387,25130,-6257,452,421,-31,59430,31300,31300,31300,20,0,4,2267,2352,0,20
111200,001060,31300,2,400,1.29,80.06,31387,25130,-6257,452,421,-31,59430,31300,31300,31300,0,0,0,2267,2352,0,0
111200,001060,31200,2,300,0.97,79.3,31689,25130,-6559,455,421,-34,59732,31250,31250,31200,302,3,0,3096,2312,302,0
111300,001060,31150,2,250,0.81,78.51,32007,25130,-6877,465,421,-44,60050,31200,31200,31150,235,6,0,2735,2258,235,0
111300,001060,31150,2,250,0.81,78.51,32007,25130,-6877,465,421,-44,60050,31200,31200,31150,235,6,0,2735,2258,235,0
111400,001060,31150,2,250,0.81,78.51,32007,25130,-6877,465,421,-44,60050,31150,31150,31150,0,0,0,2735,2258,0,0
111400,001060,31150,2,250,0.81,78.51,32007,25130,-6877,465,421,-44,60050,31150,31150,31150,0,0,0,2596,2408,0,0
111500,001060,31150,2,250,0.81,78.51,32007,25130,-6877,465,421,-44,60050,31150,31150,31150,0,0,0,2166,2708,0,0
111500,001060,31200,2,300,0.97,78.82,32008,25228,-6780,466,423,-43,60149,31200,31200,31200,99,1,2,2192,2414,1,98
111600,001060,31250,2,350,1.13,78.82,32009,25229,-6780,467,424,-43,60151,31200,31250,31200,2,1,1,2285,2564,1,1
111600,001060,31250,2,350,1.13,78.82,32009,25229,-6780,467,424,-43,60151,31200,31250,31200,2,1,1,2285,2564,1,1
111700,001060,31250,2,350,1.13,78.82,32009,25229,-6780,467,424,-43,60151,31250,31250,31250,0,0,0,2285,2564,0,0
111700,001060,31250,2,350,1.13,78.82,32009,25229,-6780,467,424,-43,60151,31250,31250,31250,0,0,0,2306,2584,0,0
111800,001060,31250,2,350,1.13,78.82,32009,25230,-6779,467,425,-42,60152,31250,31250,31250,1,0,1,2348,2697,0,1
111800,001060,31200,2,300,0.97,78.82,32010,25230,-6780,468,425,-43,60153,31250,31250,31200,2,1,1,2547,2697,1,1
111900,001060,31200,2,300,0.97,78.82,32010,25230,-6780,468,425,-43,60153,31200,31200,31200,0,0,0,2547,2697,0,0
111900,001060,31250,2,350,1.13,78.85,32010,25239,-6771,468,426,-42,60162,31250,31250,31250,9,0,1,2547,2697,0,9
112000,001060,31250,2,350,1.13,78.85,32010,25239,-6771,468,426,-42,60162,31250,31250,31250,0,0,0,2547,2697,0,0
112000,001060,31200,2,300,0.97,78.7,32070,25239,-6831,471,426,-45,60222,31200,31200,31200,60,3,0,2517,2713,60,0
112100,001060,31200,2,300,0.97,78.7,32070,25239,-6831,471,426,-45,60222,31200,31200,31200,0,0,0,2517,2713,0,0
112100,001060,31200,2,300,0.97,78.7,32070,25239,-6831,471,426,-45,60222,31200,31200,31200,0,0,0,2496,2396,0,0
112200,001060,31200,2,300,0.97,78.7,32070,25239,-6831,471,426,-45,60222,31200,31200,31200,0,0,0,2496,2396,0,0
112200,001060,31250,2,350,1.13,79.75,32070,25577,-6493,471,427,-44,60560,31250,31250,31250,338,0,1,2517,2352,0,338
112300,001060,31250,2,350,1.13,79.75,32070,25577,-6493,471,427,-44,60560,31250,31250,31250,0,0,0,2517,2352,0,0
112300,001060,31250,2,350,1.13,79.75,32070,25577,-6493,471,427,-44,60560,31250,31250,31250,0,0,0,2517,2352,0,0
112400,001060,31300,2,400,1.29,80.89,32070,25940,-6130,471,429,-42,60923,31300,31300,31300,363,0,2,2118,2348,0,363
112500,001060,31300,2,400,1.29,80.89,32070,25940,-6130,471,429,-42,60923,31300,31300,31300,0,0,0,2118,2348,0,0
112500,001060,31300,2,400,1.29,80.89,32070,25940,-6130,471,429,-42,60923,31300,31300,31300,0,0,0,2591,2154,0,0
112600,001060,31300,2,400,1.29,80.72,32136,25940,-6196,473,429,-44,60989,31300,31300,31300,0,0,0,2698,2222,0,0
112600,001060,31300,2,400,1.29,80.72,32136,25940,-6196,473,429,-44,60989,31300,31300,31300,0,0,0,2698,2222,0,0
112700,001060,31300,2,400,1.29,80.72,32137,25940,-6197,474,429,-45,60990,31300,31300,31300,0,0,0,2698,2267,0,0
112700,001060,31300,2,400,1.29,80.72,32137,25940,-6197,474,429,-45,60990,31300,31300,31300,0,0,0,2698,2267,0,0
112800,001060,31350,2,450,1.46,80.71,32140,25941,-6199,475,430,-45,60994,31350,31350,31350,0,0,0,3015,2264,0,0
112800,001060,31350,2,450,1.46,80.71,32140,25941,-6199,475,430,-45,60994,31350,31350,31350,0,0,0,3015,2264,0,0
112900,001060,31400,2,500,1.62,81.34,32140,26144,-5996,475,432,-43,61197,31400,31400,31400,0,0,0,3224,2176,0,0
112900,001060,31400,2,500,1.62,81.34,32140,26144,-5996,475,432,-43,61197,31400,31400,31400,0,0,0,3224,2176,0,0
113000,001060,31350,2,450,1.46,81.24,32182,26144,-6038,478,432,-46,61239,31350,31350,31350,0,0,0,3318,2166,0,0
113000,001060,31350,2,450,1.46,81.19,32202,26144,-6058,479,432,-47,61259,31350,31350,31350,20,1,0,3318,2155,20,0
113100,001060,31350,2,450,1.46,81.14,32222,26144,-6078,480,432,-48,61279,31350,31350,31350,0,0,0,3318,2156,0,0
113100,001060,31350,2,450,1.46,81.14,32222,26144,-6078,480,432,-48,61279,31350,31350,31350,0,0,0,3318,2156,0,0
113200,001060,31350,2,450,1.46,81.14,32222,26144,-6078,480,432,-48,61279,31350,31350,31350,0,0,0,3318,2136,0,0
113200,001060,31350,2,450,1.46,81.14,32222,26144,-6078,480,432,-48,61279,31350,31350,31350,0,0,0,3318,2136,0,0
113300,001060,31350,2,450,1.46,81.14,32222,26144,-6078,480,432,-48,61279,31350,31350,31350,0,0,0,3318,2136,0,0
113300,001060,31400,2,500,1.62,82.44,32222,26564,-5658,480,434,-46,61699,31400,31400,31400,420,0,2,3367,2139,0,420
113400,001060,31400,2,500,1.62,82.71,32222,26650,-5572,480,437,-43,61785,31400,31400,31400,21,0,2,2880,2144,0,21
113400,001060,31400,2,500,1.62,82.71,32222,26650,-5572,480,437,-43,61785,31400,31400,31400,21,0,2,2880,2144,0,21
113500,001060,31400,2,500,1.62,82.71,32222,26650,-5572,480,437,-43,61785,31400,31400,31400,0,0,0,2880,2144,0,0
113500,001060,31400,2,500,1.62,82.71,32222,26651,-5571,480,438,-42,61786,31400,31400,31400,1,0,1,2871,2125,0,1
113600,001060,31400,2,500,1.62,82.71,32222,26651,-5571,480,438,-42,61786,31400,31400,31400,0,0,0,2871,2125,0,0
113600,001060,31400,2,500,1.62,82.71,32222,26651,-5571,480,438,-42,61786,31400,31400,31400,0,0,0,2870,2125,0,0
113700,001060,31400,2,500,1.62,82.71,32222,26651,-5571,480,438,-42,61786,31400,31400,31400,0,0,0,2870,2133,0,0
113700,001060,31350,2,450,1.46,82.71,32223,26651,-5572,481,438,-43,61787,31350,31350,31350,1,1,0,2870,2536,1,0
113800,001060,31350,2,450,1.46,82.71,32223,26651,-5572,481,438,-43,61787,31350,31350,31350,0,0,0,2870,2536,0,0
113800,001060,31350,2,450,1.46,82.25,32401,26651,-5750,482,438,-44,61965,31350,31350,31350,178,1,0,2870,2535,178,0
113900,001060,31350,2,450,1.46,82.25,32401,26651,-5750,482,438,-44,61965,31350,31350,31350,0,0,0,2870,2535,0,0
113900,001060,31350,2,450,1.46,82.25,32401,26651,-5750,482,438,-44,61965,31350,31350,31350,0,0,0,2870,2535,0,0
114000,001060,31350,2,450,1.46,82.25,32401,26651,-5750,482,438,-44,61965,31350,31350,31350,0,0,0,2870,2357,0,0
114000,001060,31350,2,450,1.46,82.25,32401,26651,-5750,482,438,-44,61965,31350,31350,31350,0,0,0,2870,2357,0,0
114100,001060,31350,2,450,1.46,82.25,32402,26651,-5751,483,438,-45,61966,31350,31350,31350,1,1,0,2872,2381,1,0
114100,001060,31350,2,450,1.46,82.25,32402,26651,-5751,483,438,-45,61966,31350,31350,31350,1,1,0,2872,2381,1,0
114200,001060,31350,2,450,1.46,82.23,32412,26651,-5761,484,438,-46,61976,31350,31350,31350,10,1,0,2879,2380,10,0
114200,001060,31350,2,450,1.46,82.23,32412,26651,-5761,484,438,-46,61976,31350,31350,31350,10,1,0,2879,2380,10,0
114300,001060,31350,2,450,1.46,82.23,32412,26651,-5761,484,438,-46,61976,31350,31350,31350,0,0,0,2879,2380,0,0
114300,001060,31450,2,550,1.78,83.8,32412,27162,-5250,484,440,-44,62487,31400,31450,31400,511,0,2,3082,2591,0,511
114400,001060,31450,2,550,1.78,83.9,32412,27194,-5218,484,441,-43,62519,31450,31450,31450,32,0,1,3138,2612,0,32
114400,001060,31450,2,550,1.78,83.9,32412,27194,-5218,484,441,-43,62519,31450,31450,31450,32,0,1,3138,2612,0,32
114500,001060,31450,2,550,1.78,83.9,32412,27194,-5218,484,441,-43,62519,31450,31450,31450,0,0,0,3138,2612,0,0
114500,001060,31450,2,550,1.78,83.9,32412,27194,-5218,484,441,-43,62519,31450,31450,31450,0,0,0,3100,2632,0,0
114600,001060,31450,2,550,1.78,83.9,32412,27194,-5218,484,441,-43,62519,31450,31450,31450,0,0,0,3556,2674,0,0
114600,001060,31450,2,550,1.78,83.9,32412,27195,-5217,484,442,-42,62520,31450,31450,31450,1,0,1,3756,2724,0,1
114700,001060,31450,2,550,1.78,84.19,32412,27287,-5125,484,443,-41,62612,31450,31450,31450,92,0,1,3785,2631,0,92
114700,001060,31450,2,550,1.78,84.19,32412,27287,-5125,484,443,-41,62612,31450,31450,31450,92,0,1,3785,2631,0,92
114800,001060,31450,2,550,1.78,84.82,32412,27492,-4920,484,448,-36,62817,31450,31450,31450,205,0,5,3568,2449,0,205
114800,001060,31450,2,550,1.78,85.04,32413,27565,-4848,485,449,-36,62993,31450,31450,31400,381,1,6,4102,2422,1,278
114900,001060,31400,2,500,1.62,84.96,32446,27565,-4881,486,449,-37,63026,31400,31400,31400,33,1,0,4562,2423,33,0
114900,001060,31400,2,500,1.62,84.96,32446,27565,-4881,486,449,-37,63026,31400,31400,31400,33,1,0,4562,2423,33,0
115000,001060,31350,2,450,1.46,83.73,33017,27644,-5373,490,450,-40,63676,31400,31400,31350,650,4,1,3447,2346,571,79
115100,001060,31350,2,450,1.46,83.73,33017,27644,-5373,490,450,-40,63676,31350,31350,31350,0,0,0,3447,2346,0,0
115100,001060,31350,2,450,1.46,83.68,33037,27644,-5393,491,450,-41,63696,31350,31350,31350,20,1,0,3136,4124,20,0
115200,001060,31350,2,450,1.46,82.67,33437,27644,-5793,492,450,-42,64096,31350,31350,31350,0,0,0,3706,4154,0,0
115200,001060,31350,2,450,1.46,82.67,33438,27644,-5794,493,450,-43,64097,31350,31350,31350,1,1,0,3306,3754,1,0
115300,001060,31350,2,450,1.46,82.68,33439,27649,-5790,494,451,-43,64103,31350,31350,31350,0,0,0,3221,3748,0,0
115300,001060,31350,2,450,1.46,82.68,33439,27649,-5790,494,451,-43,64103,31350,31350,31350,0,0,0,3221,3748,0,0
115400,001060,31350,2,450,1.46,82.68,33439,27649,-5790,494,451,-43,64103,31350,31350,31350,0,0,0,3221,3747,0,0
115400,001060,31350,2,450,1.46,82.68,33439,27649,-5790,494,451,-43,64103,31350,31350,31350,0,0,0,3200,3747,0,0
115500,001060,31350,2,450,1.46,82.68,33439,27649,-5790,494,451,-43,64103,31350,31350,31350,0,0,0,3200,3747,0,0
115500,001060,31350,2,450,1.46,83.14,33446,27807,-5639,495,453,-42,64268,31400,31400,31350,165,1,2,3670,4596,7,158
115600,001060,31350,2,450,1.46,83.14,33446,27807,-5639,495,453,-42,64268,31350,31350,31350,0,0,0,3670,4596,0,0
115600,001060,31500,2,600,1.94,83.14,33447,27808,-5639,496,454,-42,64270,31400,31500,31400,2,1,1,3940,4272,1,1
115700,001060,31400,2,500,1.62,83.09,33466,27808,-5658,497,454,-43,64289,31400,31400,31400,19,1,0,3946,4014,19,0
115700,001060,31400,2,500,1.62,83.09,33466,27808,-5658,497,454,-43,64289,31400,31400,31400,19,1,0,3946,4014,19,0
115800,001060,31400,2,500,1.62,83.09,33466,27808,-5658,497,454,-43,64289,31400,31400,31400,0,0,0,3946,4014,0,0
115800,001060,31400,2,500,1.62,83.09,33466,27808,-5658,497,454,-43,64289,31400,31400,31400,0,0,0,3227,3995,0,0
115900,001060,31400,2,500,1.62,83.09,33466,27808,-5658,497,454,-43,64289,31400,31400,31400,0,0,0,3227,4015,0,0
115900,001060,31400,2,500,1.62,83.09,33467,27808,-5659,498,454,-44,64290,31400,31400,31400,1,1,0,3227,4017,1,0
120000,001060,31450,2,550,1.78,83.09,33467,27809,-5658,498,455,-43,64291,31450,31450,31450,0,0,0,3327,4016,0,0
120000,001060,31450,2,550,1.78,83.09,33467,27809,-5658,498,455,-43,64291,31450,31450,31450,0,0,0,3327,4016,0,0
120100,001060,31450,2,550,1.78,83.09,33467,27809,-5658,498,455,-43,64291,31450,31450,31450,0,0,0,3326,4016,0,0
120100,001060,31450,2,550,1.78,83.09,33467,27809,-5658,498,455,-43,64291,31450,31450,31450,0,0,0,3326,4042,0,0
120200,001060,31450,2,550,1.78,83.09,33467,27809,-5658,498,455,-43,64291,31450,31450,31450,0,0,0,3356,4092,0,0
120200,001060,31450,2,550,1.78,83.09,33467,27809,-5658,498,455,-43,64291,31450,31450,31450,0,0,0,3356,4092,0,0
120300,001060,31450,2,550,1.78,83.09,33467,27809,-5658,498,455,-43,64291,31450,31450,31450,0,0,0,3356,4092,0,0
120300,001060,31450,2,550,1.78,83.09,33467,27809,-5658,498,455,-43,64291,31450,31450,31450,0,0,0,3356,4092,0,0
120400,001060,31450,2,550,1.78,83.66,33468,28000,-5468,499,456,-43,64483,31450,31450,31450,191,0,1,3410,4091,0,191
120400,001060,31450,2,550,1.78,83.66,33468,28000,-5468,499,456,-43,64483,31450,31450,31450,191,0,1,3410,4091,0,191
120500,001060,31500,2,600,1.94,83.74,33468,28026,-5442,499,457,-42,64509,31500,31500,31500,0,0,0,3784,4053,0,0
120500,001060,31500,2,600,1.94,83.74,33468,28026,-5442,499,457,-42,64509,31500,31500,31500,0,0,0,3784,4053,0,0
120600,001060,31500,2,600,1.94,83.74,33468,28026,-5442,499,457,-42,64509,31500,31500,31500,0,0,0,3851,4199,0,0
120600,001060,31500,2,600,1.94,83.74,33468,28026,-5442,499,457,-42,64509,31500,31500,31500,0,0,0,3851,4220,0,0
120700,001060,31500,2,600,1.94,83.74,33468,28026,-5442,499,457,-42,64509,31500,31500,31500,0,0,0,3863,4220,0,0
120700,001060,31450,2,550,1.78,83.71,33478,28026,-5452,500,457,-43,64519,31450,31450,31450,10,1,0,3880,4220,10,0
120800,001060,31450,2,550,1.78,83.71,33478,28026,-5452,500,457,-43,64519,31450,31450,31450,0,0,0,3880,4220,0,0
120800,001060,31450,2,550,1.78,83.71,33478,28026,-5452,500,457,-43,64519,31450,31450,31450,0,0,0,3887,4250,0,0
120900,001060,31450,2,550,1.78,83.63,33511,28026,-5485,501,457,-44,64552,31450,31450,31450,33,1,0,3887,4291,33,0
120900,001060,31450,2,550,1.78,83.63,33511,28026,-5485,501,457,-44,64552,31450,31450,31450,33,1,0,3887,4291,33,0
121000,001060,31450,2,550,1.78,83.63,33512,28026,-5486,502,457,-45,64553,31450,31450,31450,1,1,0,3887,4218,1,0
121000,001060,31450,2,550,1.78,83.63,33512,28026,-5486,502,457,-45,64553,31450,31450,31450,1,1,0,3887,4218,1,0
121100,001060,31450,2,550,1.78,83.63,33512,28026,-5486,502,457,-45,64553,31450,31450,31450,0,0,0,3887,4218,0,0
121100,001060,31450,2,550,1.78,83.63,33512,28026,-5486,502,457,-45,64553,31450,31450,31450,0,0,0,3631,4217,0,0
121200,001060,31450,2,550,1.78,83.63,33512,28026,-5486,502,457,-45,64553,31450,31450,31450,0,0,0,3631,4237,0,0
121200,001060,31450,2,550,1.78,83.63,33512,28026,-5486,502,457,-45,64553,31450,31450,31450,0,0,0,3631,4312,0,0
121300,001060,31450,2,550,1.78,83.63,33513,28026,-5487,503,457,-46,64554,31450,31450,31450,0,0,0,3631,4312,0,0
121300,001060,31450,2,550,1.78,83.63,33513,28026,-5487,503,457,-46,64554,31450,31450,31450,0,0,0,3631,4312,0,0
121400,001060,31450,2,550,1.78,83.45,33583,28026,-5557,504,457,-47,64624,31450,31450,31450,70,1,0,3702,4314,70,0
121500,001060,31450,2,550,1.78,83.45,33583,28026,-5557,504,457,-47,64624,31450,31450,31450,0,0,0,3702,4314,0,0
121500,001060,31450,2,550,1.78,83.01,33764,28026,-5738,507,457,-50,64805,31450,31450,31450,181,3,0,3703,4112,181,0
121600,001060,31450,2,550,1.78,83.01,33764,28026,-5738,507,457,-50,64805,31450,31450,31450,0,0,0,3703,4112,0,0
121600,001060,31450,2,550,1.78,83.01,33764,28026,-5738,507,457,-50,64805,31450,31450,31450,0,0,0,3682,4091,0,0
121700,001060,31450,2,550,1.78,83.01,33764,28026,-5738,507,457,-50,64805,31450,31450,31450,0,0,0,3682,4091,0,0
121700,001060,31450,2,550,1.78,83.01,33764,28026,-5738,507,457,-50,64805,31450,31450,31450,0,0,0,3689,4091,0,0
121800,001060,31450,2,550,1.78,83.01,33764,28026,-5738,507,457,-50,64805,31450,31450,31450,0,0,0,3689,4112,0,0
121800,001060,31450,2,550,1.78,83.01,33764,28026,-5738,507,457,-50,64805,31450,31450,31450,0,0,0,3689,4162,0,0
121900,001060,31450,2,550,1.78,83.01,33764,28026,-5738,507,457,-50,64805,31450,31450,31450,0,0,0,3689,4072,0,0
121900,001060,31450,2,550,1.78,83.01,33764,28026,-5738,507,457,-50,64805,31450,31450,31450,0,0,0,3699,4072,0,0
122000,001060,31450,2,550,1.78,82.98,33774,28026,-5748,508,457,-51,64815,31450,31450,31450,0,0,0,3699,4073,0,0
122000,001060,31450,2,550,1.78,82.93,33795,28026,-5769,509,457,-52,64836,31450,31450,31450,21,1,0,3699,4163,21,0
122100,001060,31450,2,550,1.78,82.93,33795,28026,-5769,509,457,-52,64836,31450,31450,31450,0,0,0,3699,4163,0,0
122100,001060,31450,2,550,1.78,82.93,33795,28026,-5769,509,457,-52,64836,31450,31450,31450,0,0,0,3783,4192,0,0
122200,001060,31450,2,550,1.78,82.58,33937,28026,-5911,512,457,-55,64978,31450,31450,31450,0,0,0,3784,4093,0,0
122200,001060,31450,2,550,1.78,82.58,33937,28026,-5911,512,457,-55,64978,31450,31450,31450,0,0,0,3784,4093,0,0
122300,001060,31450,2,550,1.78,82.56,33947,28026,-5921,513,457,-56,64988,31450,31450,31450,0,0,0,3747,4144,0,0
122300,001060,31450,2,550,1.78,82.56,33947,28026,-5921,513,457,-56,64988,31450,31450,31450,0,0,0,3747,4144,0,0
122400,001060,31450,2,550,1.78,82.48,33980,28026,-5954,515,457,-58,65021,31450,31450,31450,3,1,0,3747,4124,3,0
122400,001060,31450,2,550,1.78,82.48,33980,28026,-5954,515,457,-58,65021,31450,31450,31450,3,1,0,3747,4124,3,0
122500,001060,31450,2,550,1.78,82.48,33980,28026,-5954,515,457,-58,65021,31450,31450,31450,0,0,0,3747,4124,0,0
122500,001060,31450,2,550,1.78,82.37,34023,28026,-5997,516,457,-59,65064,31450,31450,31450,43,1,0,3746,4188,43,0
122600,001060,31450,2,550,1.78,82.1,34137,28026,-6111,517,457,-60,65178,31450,31450,31450,114,1,0,3747,4145,114,0
122600,001060,31450,2,550,1.78,82.05,34156,28026,-6130,520,457,-63,65197,31450,31450,31450,133,4,0,3747,4013,133,0
122700,001060,31450,2,550,1.78,82.05,34156,28026,-6130,520,457,-63,65197,31450,31450,31450,0,0,0,3747,4013,0,0
122700,001060,31450,2,550,1.78,82.05,34156,28026,-6130,520,457,-63,65197,31450,31450,31450,0,0,0,3747,4013,0,0
122800,001060,31450,2,550,1.78,82.05,34156,28026,-6130,520,457,-63,65197,31450,31450,31450,0,0,0,3727,4012,0,0
122800,001060,31500,2,600,1.94,82.38,34156,28139,-6017,520,458,-62,65310,31500,31500,31500,113,0,1,3515,4012,0,113
122900,001060,31500,2,600,1.94,82.39,34156,28140,-6016,520,459,-61,65311,31500,31500,31500,0,0,0,3402,3257,0,0
122900,001060,31500,2,600,1.94,82.85,34156,28298,-5858,520,460,-60,65469,31500,31500,31500,158,0,1,3400,3257,0,158
123000,001060,31500,2,600,1.94,82.85,34156,28298,-5858,520,460,-60,65469,31500,31500,31500,0,0,0,3400,3257,0,0
123000,001060,31500,2,600,1.94,82.85,34156,28298,-5858,520,460,-60,65469,31500,31500,31500,0,0,0,3243,3257,0,0
123100,001060,31450,2,550,1.78,82.82,34171,28301,-5870,521,461,-60,65487,31500,31500,31450,18,1,1,3280,3259,15,3
123100,001060,31500,2,600,1.94,82.95,34171,28344,-5827,521,464,-57,65530,31500,31500,31450,61,1,4,3240,4202,15,46
123200,001060,31500,2,600,1.94,82.95,34171,28344,-5827,521,464,-57,65530,31500,31500,31500,0,0,0,3240,4202,0,0
123200,001060,31450,2,550,1.78,82.93,34181,28345,-5836,522,465,-57,65541,31500,31500,31450,11,1,1,3351,4203,10,1
123300,001060,31500,2,600,1.94,82.94,34181,28349,-5832,522,467,-55,65545,31500,31500,31500,4,0,2,3348,4249,0,4
123300,001060,31500,2,600,1.94,82.94,34181,28349,-5832,522,467,-55,65545,31500,31500,31500,4,0,2,3348,4249,0,4
123400,001060,31500,2,600,1.94,83.08,34181,28399,-5782,522,468,-54,65595,31500,31500,31500,50,0,1,3365,4249,0,50
123400,001060,31500,2,600,1.94,83.34,34181,28488,-5693,522,470,-52,65684,31500,31500,31500,139,0,3,3324,4199,0,139
123500,001060,31550,2,650,2.1,83.75,34181,28628,-5553,522,472,-50,65824,31550,31550,31550,140,0,2,5499,4071,0,140
123500,001060,31550,2,650,2.1,83.93,34181,28688,-5493,522,474,-48,65884,31550,31550,31550,200,0,4,5593,4904,0,200
123600,001060,31550,2,650,2.1,84.45,34181,28867,-5314,522,476,-46,66063,31550,31550,31550,129,0,1,5493,4904,0,129
123600,001060,31550,2,650,2.1,85.69,34181,29290,-4891,522,477,-45,66486,31550,31550,31550,552,0,2,5616,4775,0,552
123700,001060,31500,2,600,1.94,85.69,34182,29290,-4892,523,477,-46,66487,31500,31500,31500,1,1,0,5260,4352,1,0
123800,001060,31550,2,650,2.1,85.62,34216,29296,-4920,524,479,-45,66527,31550,31550,31550,5,0,1,5325,4420,0,5
123800,001060,31550,2,650,2.1,85.64,34217,29303,-4914,525,481,-44,66535,31550,31550,31500,13,1,3,5471,4502,1,12
123900,001060,31600,2,700,2.27,85.96,34217,29412,-4805,525,483,-42,66644,31600,31600,31600,0,0,0,5426,4496,0,0
123900,001060,31600,2,700,2.27,86.28,34217,29521,-4696,525,488,-37,66753,31600,31600,31600,109,0,5,5447,4496,0,109
124000,001060,31600,2,700,2.27,87.15,34217,29821,-4396,525,489,-36,67053,31600,31600,31600,0,0,0,5191,4496,0,0
124000,001060,31600,2,700,2.27,87.37,34217,29895,-4322,525,490,-35,67127,31600,31600,31600,74,0,1,5354,4502,0,74
124100,001060,31600,2,700,2.27,87.72,34217,30016,-4201,525,491,-34,67248,31600,31600,31600,0,0,0,5282,4502,0,0
124100,001060,31600,2,700,2.27,87.73,34217,30017,-4200,525,492,-33,67249,31600,31600,31600,1,0,1,5279,5502,0,1
124200,001060,31600,2,700,2.27,87.73,34217,30017,-4200,525,492,-33,67249,31600,31600,31600,0,0,0,5279,5502,0,0
124200,001060,31600,2,700,2.27,87.87,34217,30067,-4150,525,493,-32,67299,31600,31600,31600,50,0,1,5276,5522,0,50
124300,001060,31650,2,750,2.43,87.9,34218,30077,-4141,526,494,-32,67310,31650,31650,31650,0,0,0,5537,5286,0,0
124300,001060,31650,2,750,2.43,87.9,34218,30077,-4141,526,494,-32,67310,31650,31650,31650,0,0,0,5537,5286,0,0
124400,001060,31650,2,750,2.43,88.58,34218,30311,-3907,526,498,-28,67544,31650,31650,31650,1,0,1,5256,4317,0,1
124400,001060,31650,2,750,2.43,88.59,34218,30314,-3904,526,501,-25,67547,31650,31650,31650,4,0,4,5494,4337,0,4
124500,001060,31650,2,750,2.43,89.09,34240,30505,-3735,527,502,-25,67760,31650,31650,31650,0,0,0,6036,4120,0,0
124500,001060,31650,2,750,2.43,89.21,34240,30545,-3695,527,503,-24,67800,31650,31650,31650,40,0,1,5616,4266,0,40
124600,001060,31650,2,750,2.43,89.21,34240,30545,-3695,527,503,-24,67800,31650,31650,31650,0,0,0,5616,4266,0,0
124600,001060,31650,2,750,2.43,89.24,34240,30557,-3683,527,505,-22,67812,31650,31650,31650,12,0,2,5597,4262,0,12
124700,001060,31550,2,650,2.1,86.15,35470,30557,-4913,529,505,-24,69042,31550,31550,31550,0,0,0,6381,4258,0,0
124700,001060,31550,2,650,2.1,86.15,35470,30557,-4913,529,505,-24,69042,31550,31550,31550,0,0,0,6381,4258,0,0
124800,001060,31550,2,650,2.1,86.15,35471,30557,-4914,530,505,-25,69043,31550,31550,31550,0,0,0,6108,3589,0,0
124800,001060,31550,2,650,2.1,86.15,35471,30557,-4914,530,505,-25,69043,31550,31550,31550,0,0,0,6108,3589,0,0
124900,001060,31550,2,650,2.1,86.1,35491,30557,-4934,531,505,-26,69063,31550,31550,31550,0,0,0,6209,3519,0,0
124900,001060,31550,2,650,2.1,86.06,35506,30557,-4949,532,505,-27,69078,31550,31550,31550,15,1,0,6139,3519,15,0
125000,001060,31550,2,650,2.1,86.06,35506,30557,-4949,532,505,-27,69078,31550,31550,31550,0,0,0,6139,3519,0,0
125000,001060,31550,2,650,2.1,85.99,35534,30557,-4977,534,505,-29,69106,31550,31550,31550,28,2,0,6171,3498,28,0
125100,001060,31550,2,650,2.1,85.99,35534,30557,-4977,534,505,-29,69106,31550,31550,31550,0,0,0,6171,3498,0,0
125100,001060,31300,2,400,1.29,82.24,37156,30557,-6599,539,505,-34,70728,31500,31500,31300,1622,5,0,6182,3570,1622,0
125200,001060,31300,2,400,1.29,81.78,37366,30557,-6809,540,505,-35,70938,31300,31300,31300,0,0,0,5287,2548,0,0
125200,001060,31400,2,500,1.62,80.07,38162,30557,-7605,543,505,-38,71734,31400,31400,31400,796,3,0,4890,3353,796,0
125300,001060,31400,2,500,1.62,80.07,38162,30558,-7604,543,506,-37,71735,31400,31400,31400,0,0,0,3689,2838,0,0
125300,001060,31400,2,500,1.62,80.07,38162,30558,-7604,543,506,-37,71735,31400,31400,31400,0,0,0,3689,2838,0,0
125400,001060,31400,2,500,1.62,80.08,38162,30561,-7601,543,507,-36,71738,31400,31400,31400,3,0,1,3711,2938,0,3
125400,001060,31400,2,500,1.62,80.1,38162,30566,-7596,543,508,-35,71743,31400,31400,31400,8,0,2,3708,2938,0,8
125500,001060,31400,2,500,1.62,80.1,38162,30566,-7596,543,508,-35,71743,31400,31400,31400,0,0,0,3708,2938,0,0
125500,001060,31400,2,500,1.62,80.1,38162,30566,-7596,543,508,-35,71743,31400,31400,31400,0,0,0,3708,2938,0,0
125600,001060,31400,2,500,1.62,80.12,38162,30574,-7588,543,509,-34,71751,31400,31400,31400,8,0,1,3864,2848,0,8
125600,001060,31400,2,500,1.62,80.12,38162,30574,-7588,543,509,-34,71751,31400,31400,31400,8,0,1,3864,2848,0,8
125700,001060,31400,2,500,1.62,80.64,38162,30774,-7388,543,510,-33,71951,31400,31400,31400,200,0,1,3856,2910,0,200
125700,001060,31400,2,500,1.62,80.64,38162,30774,-7388,543,510,-33,71951,31400,31400,31400,200,0,1,3856,2910,0,200
125800,001060,31400,2,500,1.62,80.64,38162,30774,-7388,543,510,-33,71951,31400,31400,31400,0,0,0,3856,2910,0,0
125800,001060,31350,2,450,1.46,80.64,38163,30774,-7389,544,510,-34,71952,31350,31350,31350,1,1,0,3605,2910,1,0
125900,001060,31350,2,450,1.46,80.64,38163,30774,-7389,544,510,-34,71952,31350,31350,31350,0,0,0,3605,2910,0,0
130000,001060,31350,2,450,1.46,80.64,38163,30774,-7389,544,510,-34,71952,31350,31350,31350,0,0,0,3605,2978,0,0
130000,001060,31350,2,450,1.46,80.64,38163,30774,-7389,544,510,-34,71952,31350,31350,31350,0,0,0,3634,2978,0,0
130100,001060,31350,2,450,1.46,80.64,38164,30774,-7390,545,510,-35,71953,31350,31350,31350,0,0,0,3677,3018,0,0
130100,001060,31400,2,500,1.62,80.65,38164,30779,-7385,545,511,-34,71958,31400,31400,31400,5,0,1,3732,3074,0,5
130200,001060,31400,2,500,1.62,80.65,38164,30779,-7385,545,511,-34,71958,31400,31400,31400,0,0,0,3732,3074,0,0
130200,001060,31400,2,500,1.62,80.65,38164,30779,-7385,545,511,-34,71958,31400,31400,31400,0,0,0,3732,3074,0,0
130300,001060,31400,2,500,1.62,80.65,38164,30779,-7385,545,511,-34,71958,31400,31400,31400,0,0,0,3779,3154,0,0
130300,001060,31400,2,500,1.62,80.65,38164,30780,-7384,545,512,-33,71959,31400,31400,31400,1,0,1,3779,3197,0,1
130400,001060,31400,2,500,1.62,80.65,38164,30780,-7384,545,512,-33,71959,31400,31400,31400,0,0,0,3779,3197,0,0
130400,001060,31400,2,500,1.62,80.66,38164,30782,-7382,545,513,-32,71961,31400,31400,31400,2,0,1,3889,3153,0,2
130500,001060,31400,2,500,1.62,80.82,38164,30845,-7319,545,517,-28,72024,31400,31400,31400,2,0,2,3825,3153,0,2
130500,001060,31400,2,500,1.62,80.89,38172,30876,-7296,546,519,-27,72063,31400,31400,31350,41,1,4,3793,3145,8,33
130600,001060,31400,2,500,1.62,80.89,38172,30876,-7296,546,519,-27,72063,31400,31400,31400,0,0,0,3793,3145,0,0
130600,001060,31400,2,500,1.62,81.03,38172,30931,-7241,546,520,-26,72118,31400,31400,31400,55,0,1,3822,3145,0,55
130700,001060,31350,2,450,1.46,80.42,38464,30931,-7533,549,520,-29,72410,31350,31350,31350,142,2,0,3710,2879,142,0
130700,001060,31350,2,450,1.46,80.42,38464,30931,-7533,549,520,-29,72410,31350,31350,31350,142,2,0,3710,2879,142,0
130800,001060,31350,2,450,1.46,80.33,38507,30931,-7576,550,520,-30,72453,31350,31350,31350,43,1,0,3689,2972,43,0
130800,001060,31350,2,450,1.46,80.33,38507,30931,-7576,550,520,-30,72453,31350,31350,31350,43,1,0,3689,2972,43,0
130900,001060,31350,2,450,1.46,80.33,38507,30931,-7576,550,520,-30,72453,31350,31350,31350,0,0,0,3689,2972,0,0
130900,001060,31350,2,450,1.46,80.32,38511,30931,-7580,552,520,-32,72457,31350,31350,31350,4,2,0,3812,3028,4,0
131000,001060,31350,2,450,1.46,80.16,38587,30931,-7656,554,520,-34,72533,31350,31350,31350,0,0,0,3812,3026,0,0
131000,001060,31350,2,450,1.46,80.05,38639,30931,-7708,556,520,-36,72585,31350,31350,31350,52,2,0,3812,2914,52,0
131100,001060,31350,2,450,1.46,79.95,38689,30931,-7758,557,520,-37,72635,31350,31350,31350,0,0,0,3812,2902,0,0
131100,001060,31350,2,450,1.46,79.95,38689,30931,-7758,557,520,-37,72635,31350,31350,31350,0,0,0,3812,2902,0,0
131200,001060,31350,2,450,1.46,79.95,38690,30931,-7759,558,520,-38,72636,31350,31350,31350,1,1,0,3849,2857,1,0
131200,001060,31350,2,450,1.46,79.95,38690,30931,-7759,558,520,-38,72636,31350,31350,31350,1,1,0,3849,2857,1,0
131300,001060,31350,2,450,1.46,79.95,38690,30931,-7759,558,520,-38,72636,31350,31350,31350,0,0,0,3849,2857,0,0
131300,001060,31350,2,450,1.46,79.95,38690,30931,-7759,558,520,-38,72636,31350,31350,31350,0,0,0,3854,2856,0,0
131400,001060,31350,2,450,1.46,79.95,38690,30931,-7759,558,520,-38,72636,31350,31350,31350,0,0,0,3854,2933,0,0
131400,001060,31350,2,450,1.46,79.93,38697,30931,-7766,559,520,-39,72643,31350,31350,31350,7,1,0,3881,2956,7,0
131500,001060,31350,2,450,1.46,79.93,38697,30931,-7766,559,520,-39,72643,31350,31350,31350,0,0,0,3881,2956,0,0
131500,001060,31350,2,450,1.46,79.93,38697,30931,-7766,559,520,-39,72643,31350,31350,31350,0,0,0,3881,3876,0,0
131600,001060,31350,2,450,1.46,79.98,38735,30981,-7754,561,521,-40,72731,31350,31400,31350,88,2,1,3831,3920,38,50
131600,001060,31400,2,500,1.62,80.77,38735,31288,-7447,561,523,-38,73038,31350,31400,31350,395,2,3,3631,3943,38,357
131700,001060,31400,2,500,1.62,80.77,38735,31288,-7447,561,523,-38,73038,31400,31400,31400,0,0,0,3631,3943,0,0
131700,001060,31400,2,500,1.62,80.77,38735,31288,-7447,561,523,-38,73038,31400,31400,31400,0,0,0,3631,3943,0,0
131800,001060,31400,2,500,1.62,80.77,38735,31288,-7447,561,523,-38,73038,31400,31400,31400,0,0,0,4312,3943,0,0
131800,001060,31400,2,500,1.62,80.77,38735,31288,-7447,561,523,-38,73038,31400,31400,31400,0,0,0,4312,3943,0,0
131900,001060,31400,2,500,1.62,80.77,38735,31288,-7447,561,523,-38,73038,31400,31400,31400,0,0,0,4312,3943,0,0
131900,001060,31400,2,500,1.62,80.77,38735,31288,-7447,561,523,-38,73038,31400,31400,31400,0,0,0,4312,3943,0,0
132000,001060,31350,2,450,1.46,80.77,38736,31288,-7448,562,523,-39,73039,31350,31350,31350,1,1,0,4329,3943,1,0
132100,001060,31350,2,450,1.46,80.77,38736,31288,-7448,562,523,-39,73039,31350,31350,31350,0,0,0,4329,3943,0,0
132100,001060,31350,2,450,1.46,80.77,38736,31288,-7448,562,523,-39,73039,31350,31350,31350,0,0,0,4329,4052,0,0
132200,001060,31350,2,450,1.46,80.71,38766,31288,-7478,563,523,-40,73069,31350,31350,31350,0,0,0,3714,4052,0,0
132200,001060,31350,2,450,1.46,80.71,38766,31288,-7478,563,523,-40,73069,31350,31350,31350,0,0,0,3714,4052,0,0
132300,001060,31350,2,450,1.46,80.6,38820,31288,-7532,568,523,-45,73123,31350,31350,31350,1,1,0,3721,4079,1,0
132300,001060,31350,2,450,1.46,80.6,38821,31288,-7533,569,523,-46,73124,31350,31350,31350,2,2,0,3721,4078,2,0
132400,001060,31350,2,450,1.46,80.6,38821,31288,-7533,569,523,-46,73124,31350,31350,31350,0,0,0,3721,4078,0,0
132400,001060,31350,2,450,1.46,80.59,38824,31288,-7536,572,523,-49,73127,31350,31350,31350,3,3,0,3721,4072,3,0
132500,001060,31350,2,450,1.46,80.59,38825,31288,-7537,573,523,-50,73128,31350,31350,31350,0,0,0,3721,4071,0,0
132500,001060,31350,2,450,1.46,80.59,38826,31288,-7538,574,523,-51,73129,31350,31350,31350,1,1,0,3721,4071,1,0
132600,001060,31350,2,450,1.46,80.59,38826,31288,-7538,574,523,-51,73129,31350,31350,31350,0,0,0,3721,4071,0,0
132600,001060,31350,2,450,1.46,80.59,38826,31288,-7538,574,523,-51,73129,31350,31350,31350,0,0,0,3762,4070,0,0
132700,001060,31400,2,500,1.62,81.13,38826,31501,-7325,574,526,-48,73342,31400,31400,31400,163,0,2,3583,4090,0,163
132700,001060,31400,2,500,1.62,81.13,38826,31501,-7325,574,526,-48,73342,31400,31400,31400,163,0,2,3583,4090,0,163
132800,001060,31400,2,500,1.62,81.13,38826,31501,-7325,574,526,-48,73342,31400,31400,31400,0,0,0,3583,4090,0,0
132800,001060,31400,2,500,1.62,81.13,38826,31501,-7325,574,526,-48,73342,31400,31400,31400,0,0,0,4137,3823,0,0
132900,001060,31400,2,500,1.62,81.13,38828,31501,-7327,575,526,-49,73344,31400,31400,31400,0,0,0,4230,3943,0,0
132900,001060,31400,2,500,1.62,81.11,38837,31501,-7336,576,526,-50,73353,31400,31400,31400,9,1,0,4230,3922,9,0
133000,001060,31400,2,500,1.62,81.11,38837,31501,-7336,576,526,-50,73353,31400,31400,31400,0,0,0,4230,3922,0,0
133000,001060,31400,2,500,1.62,81.1,38840,31501,-7339,577,526,-51,73356,31400,31400,31400,3,1,0,4130,4113,3,0
133100,001060,31400,2,500,1.62,81.11,38841,31502,-7339,578,527,-51,73358,31400,31400,31400,1,1,0,4129,4110,1,0
133100,001060,31400,2,500,1.62,81.11,38841,31502,-7339,578,527,-51,73358,31400,31400,31400,1,1,0,4129,4110,1,0
133200,001060,31400,2,500,1.62,81.0,38891,31502,-7389,579,527,-52,73408,31400,31400,31400,50,1,0,4129,4109,50,0
133200,001060,31400,2,500,1.62,80.98,38901,31502,-7399,589,527,-62,73418,31400,31400,31400,60,11,0,4129,4050,60,0
133300,001060,31400,2,500,1.62,80.93,38924,31502,-7422,591,527,-64,73441,31400,31400,31400,8,1,0,4177,4074,8,0
133300,001060,31400,2,500,1.62,80.85,38963,31502,-7461,592,527,-65,73480,31400,31400,31400,47,2,0,4177,4066,47,0
133400,001060,31400,2,500,1.62,80.85,38964,31502,-7462,593,527,-66,73481,31400,31400,31400,1,1,0,4177,4027,1,0
133400,001060,31400,2,500,1.62,80.85,38965,31502,-7463,594,527,-67,73482,31400,31400,31400,2,2,0,4257,4086,2,0
133500,001060,31400,2,500,1.62,80.85,38965,31502,-7463,594,527,-67,73482,31400,31400,31400,0,0,0,4257,4086,0,0
133500,001060,31400,2,500,1.62,80.85,38965,31502,-7463,594,527,-67,73482,31400,31400,31400,0,0,0,4257,4086,0,0
133600,001060,31400,2,500,1.62,80.12,39398,31564,-7834,595,530,-65,73977,31400,31400,31400,62,0,3,3578,4061,0,62
133600,001060,31400,2,500,1.62,80.16,39408,31589,-7819,596,531,-65,74012,31400,31400,31400,97,1,4,4157,3757,10,87
133700,001060,31400,2,500,1.62,80.06,39458,31589,-7869,597,531,-66,74062,31400,31400,31400,0,0,0,4157,3697,0,0
133700,001060,31400,2,500,1.62,80.06,39459,31589,-7870,598,531,-67,74063,31400,31400,31400,1,1,0,4158,3797,1,0
133800,001060,31400,2,500,1.62,80.05,39461,31589,-7872,600,531,-69,74065,31400,31400,31400,1,1,0,4157,3795,1,0
133800,001060,31400,2,500,1.62,80.05,39461,31589,-7872,600,531,-69,74065,31400,31400,31400,1,1,0,4157,3795,1,0
133900,001060,31400,2,500,1.62,80.05,39461,31589,-7872,600,531,-69,74065,31400,31400,31400,0,0,0,4157,3795,0,0
133900,001060,31400,2,500,1.62,80.05,39461,31589,-7872,600,531,-69,74065,31400,31400,31400,0,0,0,4157,3794,0,0
134000,001060,31400,2,500,1.62,80.05,39461,31589,-7872,600,531,-69,74065,31400,31400,31400,0,0,0,4157,3794,0,0
134100,001060,31400,2,500,1.62,80.05,39461,31589,-7872,600,531,-69,74065,31400,31400,31400,0,0,0,4157,3794,0,0
134100,001060,31400,2,500,1.62,80.05,39461,31589,-7872,600,531,-69,74065,31400,31400,31400,0,0,0,4157,3924,0,0
134200,001060,31400,2,500,1.62,80.05,39462,31589,-7873,601,531,-70,74066,31400,31400,31400,1,1,0,4157,3925,1,0
134200,001060,31400,2,500,1.62,79.81,39582,31589,-7993,602,531,-71,74186,31400,31400,31400,121,2,0,4157,3974,121,0
134300,001060,31400,2,500,1.62,79.81,39582,31589,-7993,602,531,-71,74186,31400,31400,31400,0,0,0,4157,3974,0,0
134300,001060,31400,2,500,1.62,79.81,39582,31589,-7993,602,531,-71,74186,31400,31400,31400,0,0,0,4157,3875,0,0
134400,001060,31400,2,500,1.62,79.81,39582,31589,-7993,602,531,-71,74186,31400,31400,31400,0,0,0,4177,3876,0,0
134400,001060,31400,2,500,1.62,79.5,39733,31589,-8144,605,531,-74,74337,31400,31400,31400,151,3,0,4129,3755,151,0
134500,001060,31400,2,500,1.62,79.56,39733,31613,-8120,605,533,-72,74361,31400,31400,31400,14,0,1,3563,4070,0,14
134500,001060,31400,2,500,1.62,79.56,39733,31613,-8120,605,533,-72,74361,31400,31400,31400,14,0,1,3563,4070,0,14
134600,001060,31400,2,500,1.62,79.56,39733,31613,-8120,605,533,-72,74361,31400,31400,31400,0,0,0,3563,4070,0,0
134600,001060,31450,2,550,1.78,79.75,39734,31688,-8046,606,535,-71,74437,31350,31450,31350,76,1,2,4129,3868,1,75
134700,001060,31400,2,500,1.62,79.46,39879,31688,-8191,607,535,-72,74582,31400,31400,31400,0,0,0,4119,3868,0,0
134700,001060,31400,2,500,1.62,79.46,39879,31688,-8191,607,535,-72,74582,31400,31400,31400,0,0,0,4119,3868,0,0
134800,001060,31400,2,500,1.62,79.46,39879,31688,-8191,607,535,-72,74582,31400,31400,31400,0,0,0,4141,4069,0,0
134800,001060,31450,2,550,1.78,79.71,39879,31788,-8091,607,537,-70,74682,31400,31450,31400,100,0,2,3517,4069,0,100
134900,001060,31450,2,550,1.78,79.71,39879,31788,-8091,607,537,-70,74682,31450,31450,31450,0,0,0,3517,4069,0,0
134900,001060,31400,2,500,1.62,79.7,39884,31788,-8096,608,537,-71,74687,31400,31400,31400,5,1,0,4030,3483,5,0
135000,001060,31400,2,500,1.62,79.7,39885,31788,-8097,609,537,-72,74688,31400,31400,31400,1,1,0,3880,3528,1,0
135000,001060,31400,2,500,1.62,79.7,39885,31788,-8097,609,537,-72,74688,31400,31400,31400,1,1,0,3880,3528,1,0
135100,001060,31400,2,500,1.62,79.7,39885,31788,-8097,609,537,-72,74688,31400,31400,31400,0,0,0,3880,3528,0,0
135100,001060,31400,2,500,1.62,79.7,39885,31788,-8097,609,537,-72,74688,31400,31400,31400,0,0,0,4942,3527,0,0
135200,001060,31400,2,500,1.62,79.7,39885,31788,-8097,609,537,-72,74688,31400,31400,31400,0,0,0,4942,3527,0,0
135200,001060,31400,2,500,1.62,79.7,39885,31788,-8097,609,537,-72,74688,31400,31400,31400,0,0,0,4942,3527,0,0
135300,001060,31400,2,500,1.62,79.57,39950,31788,-8162,610,537,-73,74753,31400,31400,31400,65,1,0,4077,3577,65,0
135300,001060,31400,2,500,1.62,79.57,39951,31788,-8163,611,537,-74,74754,31400,31400,31400,66,2,0,4077,3512,66,0
135400,001060,31400,2,500,1.62,79.57,39951,31788,-8163,611,537,-74,74754,31400,31400,31400,0,0,0,4077,3512,0,0
135400,001060,31400,2,500,1.62,79.57,39951,31788,-8163,611,537,-74,74754,31400,31400,31400,0,0,0,4077,3512,0,0
135500,001060,31400,2,500,1.62,79.57,39951,31788,-8163,611,537,-74,74754,31400,31400,31400,0,0,0,4115,3491,0,0
135500,001060,31400,2,500,1.62,79.57,39951,31788,-8163,611,537,-74,74754,31400,31400,31400,0,0,0,4077,3491,0,0
135600,001060,31400,2,500,1.62,79.57,39951,31788,-8163,611,537,-74,74754,31400,31400,31400,0,0,0,4077,3491,0,0
135600,001060,31400,2,500,1.62,79.57,39951,31788,-8163,611,537,-74,74754,31400,31400,31400,0,0,0,4077,3491,0,0
135700,001060,31400,2,500,1.62,79.57,39951,31788,-8163,611,537,-74,74754,31400,31400,31400,0,0,0,4077,3541,0,0
135700,001060,31450,2,550,1.78,79.96,39952,31946,-8006,612,538,-74,74913,31400,31450,31400,159,1,1,4077,3545,1,158
135800,001060,31400,2,500,1.62,79.96,39953,31946,-8007,613,538,-75,74914,31400,31400,31400,1,1,0,3919,3545,1,0
135800,001060,31400,2,500,1.62,79.96,39953,31946,-8007,613,538,-75,74914,31400,31400,31400,1,1,0,3919,3545,1,0
135900,001060,31400,2,500,1.62,79.56,40153,31946,-8207,614,538,-76,75114,31400,31400,31400,200,1,0,3939,3567,200,0
140000,001060,31400,2,500,1.62,79.44,40216,31946,-8270,616,538,-78,75177,31400,31400,31400,0,0,0,3935,3325,0,0
140000,001060,31450,2,550,1.78,79.44,40216,31947,-8269,616,539,-77,75178,31450,31450,31450,1,0,1,3941,3304,0,1
140100,001060,31450,2,550,1.78,79.44,40216,31947,-8269,616,539,-77,75178,31450,31450,31450,0,0,0,3941,3304,0,0
140100,001060,31450,2,550,1.78,79.44,40216,31947,-8269,616,539,-77,75178,31450,31450,31450,0,0,0,3941,3304,0,0
140200,001060,31350,2,450,1.46,77.48,41660,32277,-9383,628,541,-87,76952,31350,31350,31350,0,0,0,3707,2296,0,0
140200,001060,31350,2,450,1.46,77.48,41660,32280,-9380,628,544,-84,76955,31350,31350,31350,3,0,3,3847,2166,0,3
140300,001060,31350,2,450,1.46,77.49,41660,32284,-9376,628,548,-80,76959,31350,31350,31350,0,0,0,3843,2166,0,0
140300,001060,31350,2,450,1.46,77.49,41660,32284,-9376,628,548,-80,76959,31350,31350,31350,0,0,0,3843,2166,0,0
140400,001060,31350,2,450,1.46,77.49,41660,32284,-9376,628,548,-80,76959,31350,31350,31350,0,0,0,3797,2229,0,0
140400,001060,31350,2,450,1.46,77.49,41660,32284,-9376,628,548,-80,76959,31350,31350,31350,0,0,0,3797,2229,0,0
140500,001060,31300,2,400,1.29,77.47,41673,32284,-9389,630,548,-82,76972,31300,31300,31300,3,1,0,3797,2279,3,0
140500,001060,31300,2,400,1.29,76.73,42078,32287,-9791,632,551,-81,77380,31300,31300,31300,411,3,3,2897,2071,408,3
140600,001060,31300,2,400,1.29,76.73,42078,32288,-9790,632,552,-80,77381,31300,31300,31300,0,0,0,2896,2071,0,0
140600,001060,31300,2,400,1.29,76.73,42078,32288,-9790,632,552,-80,77381,31300,31300,31300,0,0,0,2896,2071,0,0
140700,001060,31300,2,400,1.29,76.76,42078,32299,-9779,632,554,-78,77392,31300,31300,31300,10,0,1,2914,2062,0,10
140700,001060,31300,2,400,1.29,76.76,42078,32299,-9779,632,554,-78,77392,31300,31300,31300,10,0,1,2914,2062,0,10
140800,001060,31300,2,400,1.29,76.76,42078,32299,-9779,632,554,-78,77392,31300,31300,31300,0,0,0,2914,2062,0,0
140800,001060,31300,2,400,1.29,76.76,42078,32299,-9779,632,554,-78,77392,31300,31300,31300,0,0,0,2954,2085,0,0
140900,001060,31250,2,350,1.13,76.52,42211,32299,-9912,635,554,-81,77525,31250,31250,31250,132,2,0,2975,2083,132,0
140900,001060,31250,2,350,1.13,76.52,42212,32299,-9913,636,554,-82,77526,31250,31250,31250,133,3,0,2882,1953,133,0
141000,001060,31100,2,200,0.65,76.68,42834,32846,-9988,639,560,-79,78695,31150,31150,31100,763,1,5,1991,1817,217,546
141000,001060,31200,2,300,0.97,76.61,42887,32856,-10031,642,561,-81,78758,31150,31200,31100,826,4,6,2510,2194,270,556
141100,001060,31200,2,300,0.97,76.62,42909,32877,-10032,644,563,-81,78801,31200,31200,31200,42,2,1,2395,1918,22,20
141100,001060,31200,2,300,0.97,76.63,42909,32881,-10028,644,564,-80,78805,31200,31200,31200,46,2,2,2374,2304,22,24
141200,001060,31200,2,300,0.97,76.63,42909,32882,-10027,644,565,-79,78806,31200,31200,31200,1,0,1,2370,2296,0,1
141200,001060,31200,2,300,0.97,76.63,42909,32882,-10027,644,565,-79,78806,31200,31200,31200,1,0,1,2370,2296,0,1
141300,001060,31200,2,300,0.97,76.64,42909,32885,-10024,644,568,-76,78809,31200,31200,31200,3,0,3,1900,2297,0,3
141300,001060,31200,2,300,0.97,76.64,42909,32887,-10022,644,570,-74,78811,31200,31200,31200,5,0,5,1898,2297,0,5
141400,001060,31200,2,300,0.97,76.64,42909,32887,-10022,644,570,-74,78811,31200,31200,31200,0,0,0,1898,2297,0,0
141400,001060,31200,2,300,0.97,76.64,42909,32887,-10022,644,570,-74,78811,31200,31200,31200,0,0,0,1897,1967,0,0
141500,001060,31200,2,300,0.97,76.64,42909,32887,-10022,644,570,-74,78811,31200,31200,31200,0,0,0,1897,1967,0,0
141500,001060,31150,2,250,0.81,76.48,43002,32888,-10114,647,571,-76,78905,31150,31200,31150,94,3,1,1990,1938,93,1
141600,001060,31050,2,150,0.49,76.65,43101,33039,-10062,650,573,-77,79155,31200,31200,31050,250,3,2,2369,1937,99,151
141600,001060,31200,2,300,0.97,76.66,43101,33040,-10061,650,574,-76,79156,31200,31200,31050,251,3,3,2369,2168,99,152
141700,001060,31150,2,250,0.81,76.49,43201,33044,-10157,651,578,-73,79260,31200,31200,31050,104,1,4,2581,2024,100,4
141800,001060,31150,2,250,0.81,76.49,43201,33045,-10156,651,579,-72,79261,31150,31150,31150,0,0,0,2540,2044,0,0
141800,001060,31150,2,250,0.81,76.49,43201,33046,-10155,651,580,-71,79262,31150,31150,31150,1,0,1,2633,2094,0,1
141900,001060,31100,2,200,0.65,75.19,43955,33048,-10907,656,582,-74,80018,31100,31100,31100,1,0,1,2580,2469,0,1
141900,001060,31100,2,200,0.65,75.19,43955,33049,-10906,656,583,-73,80019,31100,31100,31100,2,0,2,2486,2596,0,2
142000,001060,30950,2,50,0.16,75.19,43956,33050,-10906,657,584,-73,80021,30950,30950,30950,0,0,0,2578,2650,0,0
142000,001060,30950,2,50,0.16,75.19,43956,33050,-10906,657,584,-73,80021,30950,30950,30950,0,0,0,2578,2650,0,0
142100,001060,30950,2,50,0.16,75.19,43956,33050,-10906,657,584,-73,80021,30950,30950,30950,0,0,0,2296,2652,0,0
142100,001060,31050,2,150,0.49,75.4,43956,33145,-10811,657,585,-72,80116,31050,31050,31050,95,0,1,2101,3104,0,95
142200,001060,31050,2,150,0.49,75.4,43956,33145,-10811,657,585,-72,80116,31050,31050,31050,0,0,0,2101,3104,0,0
142200,001060,31200,2,300,0.97,75.41,43956,33146,-10810,657,586,-71,80117,31200,31200,31200,1,0,1,1866,2694,0,1
142300,001060,31350,2,450,1.46,77.01,43956,33851,-10105,657,589,-68,80822,31350,31350,31350,0,0,0,2389,3576,0,0
142300,001060,31350,2,450,1.46,77.01,43956,33851,-10105,657,589,-68,80822,31350,31350,31350,0,0,0,2389,3576,0,0
142400,001060,31200,2,300,0.97,75.99,44836,34072,-10764,660,591,-69,81923,31200,31200,31200,0,0,0,1751,2938,0,0
142400,001060,31200,2,300,0.97,75.99,44836,34072,-10764,660,591,-69,81923,31200,31200,31200,0,0,0,1751,2938,0,0
142500,001060,31200,2,300,0.97,75.99,44836,34072,-10764,660,591,-69,81923,31200,31200,31200,0,0,0,1800,3142,0,0
142500,001060,31200,2,300,0.97,75.99,44836,34072,-10764,660,591,-69,81923,31200,31200,31200,0,0,0,1892,3144,0,0
142600,001060,31200,2,300,0.97,75.93,44870,34072,-10798,661,591,-70,81957,31200,31200,31200,0,0,0,1926,2837,0,0
142600,001060,31200,2,300,0.97,75.93,44870,34072,-10798,661,591,-70,81957,31200,31200,31200,0,0,0,1926,2837,0,0
142700,001060,31200,2,300,0.97,75.82,44937,34072,-10865,662,591,-71,82024,31200,31200,31200,0,0,0,1543,2754,0,0
142700,001060,31200,2,300,0.97,75.82,44937,34073,-10864,662,592,-70,82025,31200,31200,31200,1,0,1,1707,3121,0,1
142800,001060,31200,2,300,0.97,75.82,44937,34073,-10864,662,592,-70,82025,31200,31200,31200,0,0,0,1707,3121,0,0
142800,001060,31200,2,300,0.97,75.82,44937,34073,-10864,662,592,-70,82025,31200,31200,31200,0,0,0,1374,3141,0,0
142900,001060,31200,2,300,0.97,74.85,45677,34191,-11486,665,594,-71,82883,31200,31200,31200,5,1,0,1875,2384,5,0
142900,001060,31200,2,300,0.97,74.85,45677,34191,-11486,665,594,-71,82883,31200,31200,31200,5,1,0,1875,2384,5,0
143000,001060,31200,2,300,0.97,74.82,45698,34191,-11507,666,594,-72,82904,31200,31200,31200,21,1,0,1720,2400,21,0
143000,001060,31050,2,150,0.49,74.82,45699,34191,-11508,667,594,-73,82905,31200,31200,31050,22,2,0,1708,2600,22,0
143100,001060,31050,2,150,0.49,74.82,45699,34191,-11508,667,594,-73,82905,31050,31050,31050,0,0,0,1708,2600,0,0
143100,001060,31100,2,200,0.65,74.88,45741,34249,-11492,668,595,-73,83005,31050,31100,31050,100,1,1,1608,2537,42,58
143200,001060,31100,2,200,0.65,74.88,45741,34249,-11492,668,595,-73,83005,31100,31100,31100,0,0,0,1608,2537,0,0
143200,001060,31150,2,250,0.81,75.13,45741,34363,-11378,668,599,-69,83119,31150,31150,31150,114,0,4,1512,2621,0,114
143300,001060,31150,2,250,0.81,75.13,45741,34364,-11377,668,600,-68,83120,31150,31150,31150,1,0,1,1585,2600,0,1
143300,001060,31300,2,400,1.29,75.88,45741,34710,-11031,668,604,-64,83466,31150,31300,31150,347,0,5,1687,1852,0,347
143400,001060,31300,2,400,1.29,75.88,45741,34710,-11031,668,604,-64,83466,31300,31300,31300,0,0,0,1687,1852,0,0
143500,001060,31300,2,400,1.29,75.88,45741,34710,-11031,668,604,-64,83466,31300,31300,31300,0,0,0,1714,1852,0,0
143500,001060,31300,2,400,1.29,76.1,45741,34810,-10931,668,605,-63,83566,31300,31300,31300,100,0,1,1713,1852,0,100
143600,001060,31250,2,350,1.13,76.0,45824,34827,-10997,669,606,-63,83666,31250,31250,31250,0,0,0,1343,2085,0,0
143600,001060,31250,2,350,1.13,75.96,45849,34827,-11022,672,606,-66,83691,31250,31250,31250,25,3,0,1632,1713,25,0
143700,001060,31250,2,350,1.13,75.96,45849,34827,-11022,672,606,-66,83691,31250,31250,31250,0,0,0,1632,1713,0,0
143700,001060,31300,2,400,1.29,75.8,45950,34830,-11120,675,607,-68,83795,31200,31300,31150,104,3,1,1632,2397,101,3
143800,001060,31250,2,350,1.13,75.8,45950,34831,-11119,675,608,-67,83796,31250,31250,31250,0,0,0,1324,2491,0,0
143800,001060,31200,2,300,0.97,75.79,45956,34831,-11125,676,608,-68,83802,31200,31200,31200,6,1,0,1723,2308,6,0
143900,001060,31250,2,350,1.13,75.79,45956,34832,-11124,676,609,-67,83803,31250,31250,31250,0,0,0,1694,2276,0,0
143900,001060,31250,2,350,1.13,75.79,45956,34832,-11124,676,609,-67,83803,31250,31250,31250,0,0,0,1694,2276,0,0
144000,001060,31250,2,350,1.13,75.79,45956,34832,-11124,676,609,-67,83803,31250,31250,31250,0,0,0,1600,2329,0,0
144000,001060,31250,2,350,1.13,75.79,45956,34832,-11124,676,609,-67,83803,31250,31250,31250,0,0,0,1623,2329,0,0
144100,001060,31300,2,400,1.29,76.84,45956,35311,-10645,676,611,-65,84282,31250,31300,31250,479,0,2,1622,2332,0,479
144100,001060,31300,2,400,1.29,76.29,47568,36290,-11278,680,614,-66,86873,31250,31300,31250,3070,4,5,2652,3071,1612,1458
144200,001060,31250,2,350,1.13,76.28,47572,36290,-11282,682,614,-68,86877,31250,31250,31250,3,1,0,2935,3677,3,0
144200,001060,31350,2,450,1.46,76.39,47572,36338,-11234,682,616,-66,86925,31250,31350,31250,51,1,2,2902,3472,3,48
144300,001060,31300,2,400,1.29,76.39,47573,36339,-11234,683,617,-66,86927,31300,31300,31300,0,0,0,2866,3472,0,0
144300,001060,31300,2,400,1.29,76.32,47613,36339,-11274,684,617,-67,86967,31300,31300,31300,40,1,0,2866,3471,40,0
144400,001060,31300,2,400,1.29,76.32,47613,36339,-11274,684,617,-67,86967,31300,31300,31300,0,0,0,2866,3471,0,0
144400,001060,31350,2,450,1.46,76.33,47613,36343,-11270,684,618,-66,86971,31350,31350,31350,4,0,1,2940,3501,0,4
144500,001060,31350,2,450,1.46,76.33,47613,36343,-11270,684,618,-66,86971,31350,31350,31350,0,0,0,2940,3501,0,0
144500,001060,31350,2,450,1.46,76.33,47613,36343,-11270,684,618,-66,86971,31350,31350,31350,0,0,0,2940,3501,0,0
144600,001060,31350,2,450,1.46,76.33,47613,36343,-11270,684,618,-66,86971,31350,31350,31350,0,0,0,2936,3501,0,0
144600,001060,31350,2,450,1.46,76.33,47613,36343,-11270,684,618,-66,86971,31350,31350,31350,0,0,0,2937,3501,0,0
144700,001060,31250,2,350,1.13,73.36,49540,36343,-13197,687,618,-69,88898,31300,31300,31250,1927,3,0,2937,1950,1927,0
144700,001060,31250,2,350,1.13,73.36,49540,36343,-13197,687,618,-69,88898,31300,31300,31250,1927,3,0,2937,1950,1927,0
144800,001060,31350,2,450,1.46,73.36,49540,36344,-13196,687,619,-68,88899,31350,31350,31350,1,0,1,3005,2267,0,1
144800,001060,31300,2,400,1.29,73.33,49561,36344,-13217,688,619,-69,88920,31350,31350,31300,22,1,1,2956,2156,21,1
144900,001060,31300,2,400,1.29,73.33,49561,36344,-13217,688,619,-69,88920,31300,31300,31300,0,0,0,2956,2156,0,0
144900,001060,31300,2,400,1.29,73.33,49561,36344,-13217,688,619,-69,88920,31300,31300,31300,0,0,0,2956,2156,0,0
145000,001060,31250,2,350,1.13,73.27,49600,36344,-13256,691,619,-72,88959,31250,31250,31250,39,3,0,1943,2347,39,0
145000,001060,31250,2,350,1.13,73.27,49600,36344,-13256,691,619,-72,88959,31250,31250,31250,39,3,0,1943,2347,39,0
145100,001060,31250,2,350,1.13,73.27,49600,36344,-13256,691,619,-72,88959,31250,31250,31250,0,0,0,1943,2347,0,0
145200,001060,31250,2,350,1.13,73.27,49600,36344,-13256,691,619,-72,88959,31250,31250,31250,0,0,0,1606,2507,0,0
145200,001060,31200,2,300,0.97,73.27,49601,36344,-13257,692,619,-73,88960,31200,31200,31200,1,1,0,1675,2507,1,0
145300,001060,31250,2,350,1.13,73.44,49601,36426,-13175,692,623,-69,89042,31250,31250,31250,0,0,0,1518,2598,0,0
145300,001060,31300,2,400,1.29,73.44,49601,36427,-13174,692,624,-68,89043,31300,31300,31300,1,0,1,1805,2306,0,1
145400,001060,31250,2,350,1.13,73.35,49665,36427,-13238,693,624,-69,89107,31250,31250,31250,0,0,0,1904,2306,0,0
145400,001060,31250,2,350,1.13,73.35,49665,36428,-13237,693,625,-68,89108,31250,31250,31250,1,0,1,1693,2558,0,1
145500,001060,31300,2,400,1.29,73.26,49891,36552,-13339,695,627,-68,89458,31300,31300,31300,186,1,0,3090,2410,186,0
145500,001060,31350,2,450,1.46,73.27,49891,36553,-13338,695,628,-67,89459,31300,31350,31300,187,1,1,3156,2488,186,1
145600,001060,31350,2,450,1.46,73.27,49891,36553,-13338,695,628,-67,89459,31350,31350,31350,0,0,0,3156,2488,0,0
145600,001060,31350,2,450,1.46,73.27,49891,36553,-13338,695,628,-67,89459,31350,31350,31350,0,0,0,2242,2179,0,0
145700,001060,31250,2,350,1.13,73.26,49896,36554,-13342,696,629,-67,89465,31250,31250,31250,5,1,0,2283,2179,5,0
145700,001060,31150,2,250,0.81,73.15,50182,36708,-13474,699,630,-69,89905,31250,31250,31150,445,4,1,1868,2633,291,154
145800,001060,31150,2,250,0.81,73.14,50192,36708,-13484,700,630,-70,89915,31150,31150,31150,0,0,0,1962,2576,0,0
145800,001060,31150,2,250,0.81,72.99,50292,36709,-13583,701,631,-70,90016,31200,31200,31150,101,1,1,1962,2566,100,1
145900,001060,31150,2,250,0.81,72.99,50292,36709,-13583,701,631,-70,90016,31150,31150,31150,0,0,0,1962,2566,0,0
145900,001060,31150,2,250,0.81,72.56,50588,36709,-13879,702,631,-71,90312,31150,31150,31150,296,1,0,1966,2466,296,0
150000,001060,31150,2,250,0.81,72.58,50588,36717,-13871,702,632,-70,90320,31150,31150,31150,8,0,1,1640,2213,0,8
150000,001060,31150,2,250,0.81,72.58,50588,36717,-13871,702,632,-70,90320,31150,31150,31150,8,0,1,1640,2213,0,8
150100,001060,31150,2,250,0.81,72.58,50588,36717,-13871,702,632,-70,90320,31150,31150,31150,0,0,0,1640,2213,0,0
150100,001060,31100,2,200,0.65,72.48,50659,36717,-13942,705,632,-73,90391,31150,31150,31100,71,3,0,1617,2237,71,0
150200,001060,31100,2,200,0.65,72.48,50659,36717,-13942,705,632,-73,90391,31100,31100,31100,0,0,0,1617,2237,0,0
150200,001060,31100,2,200,0.65,72.31,50776,36717,-14059,706,632,-74,90508,31100,31100,31100,117,1,0,1565,2336,117,0
150300,001060,31050,2,150,0.49,72.31,50777,36717,-14060,707,632,-75,90509,31050,31050,31050,1,1,0,1662,2444,1,0
150300,001060,31100,2,200,0.65,72.32,50777,36723,-14054,707,635,-72,90515,31050,31100,31050,7,1,3,1655,2443,1,6
150400,001060,31150,2,250,0.81,72.34,50780,36734,-14046,708,637,-71,90529,31150,31150,31150,10,0,1,1673,2464,0,10
150400,001060,31200,2,300,0.97,72.62,50780,36876,-13904,708,639,-69,90671,31150,31200,31150,152,0,3,1882,2495,0,152
150500,001060,31150,2,250,0.81,72.52,50860,36886,-13974,710,640,-70,90761,31200,31200,31150,90,2,1,2093,2343,80,10
150500,001060,31150,2,250,0.81,72.51,50870,36886,-13984,712,640,-72,90771,31200,31200,31150,100,4,1,1769,2506,90,10
150600,001060,31150,2,250,0.81,72.51,50870,36886,-13984,712,640,-72,90771,31150,31150,31150,0,0,0,1769,2506,0,0
150600,001060,31150,2,250,0.81,72.51,50870,36886,-13984,712,640,-72,90771,31150,31150,31150,0,0,0,1769,2506,0,0
150700,001060,31150,2,250,0.81,72.51,50870,36886,-13984,712,640,-72,90771,31150,31150,31150,0,0,0,1774,2505,0,0
150800,001060,31150,2,250,0.81,72.45,50915,36886,-14029,713,640,-73,90816,31150,31150,31150,0,0,0,1774,3074,0,0
150800,001060,31150,2,250,0.81,72.45,50915,36886,-14029,713,640,-73,90816,31150,31150,31150,0,0,0,1774,3074,0,0
150900,001060,31150,2,250,0.81,72.45,50915,36887,-14028,713,641,-72,90817,31150,31150,31150,0,0,0,1780,3052,0,0
150900,001060,31150,2,250,0.81,72.45,50915,36887,-14028,713,641,-72,90817,31150,31150,31150,0,0,0,1780,3052,0,0
151000,001060,31200,2,300,0.97,72.57,50915,36947,-13968,713,643,-70,90877,31200,31200,31200,0,0,0,1827,3497,0,0
151000,001060,31250,2,350,1.13,72.76,50915,37048,-13867,713,645,-68,90978,31200,31250,31200,101,0,2,2285,3515,0,101
151100,001060,31250,2,350,1.13,72.76,50915,37048,-13867,713,645,-68,90978,31250,31250,31250,0,0,0,2285,3515,0,0
151100,001060,31250,2,350,1.13,72.79,50915,37063,-13852,713,646,-67,90993,31250,31250,31250,15,0,1,2206,3123,0,15
151200,001060,31250,2,350,1.13,72.83,50915,37083,-13832,713,647,-66,91013,31250,31250,31250,20,0,1,2192,3257,0,20
151200,001060,31300,2,400,1.29,73.16,50968,37290,-13678,716,650,-66,91273,31250,31300,31250,280,3,4,3195,2104,53,227
151300,001060,31300,2,400,1.29,73.17,50968,37291,-13677,716,651,-65,91274,31300,31300,31300,1,0,1,2881,2305,0,1
151300,001060,31300,2,400,1.29,73.18,50968,37296,-13672,716,655,-61,91279,31300,31300,31300,6,0,5,2876,2386,0,6
151400,001060,31300,2,400,1.29,73.18,50968,37300,-13668,716,659,-57,91283,31300,31300,31300,2,0,2,2801,2427,0,2
151400,001060,31400,2,500,1.62,74.51,50968,37977,-12991,716,664,-52,91960,31300,31400,31300,679,0,7,3373,2481,0,679
151500,001060,31400,2,500,1.62,74.51,50968,37977,-12991,716,664,-52,91960,31400,31400,31400,0,0,0,3373,2481,0,0
151500,001060,31450,2,550,1.78,75.38,50968,38419,-12549,716,669,-47,92402,31400,31450,31400,442,0,5,3491,2308,0,442
151600,001060,31350,2,450,1.46,75.29,51107,38479,-12628,720,671,-49,92601,31400,31400,31350,199,4,2,3148,2128,139,60
151600,001060,31250,2,350,1.13,74.93,51484,38579,-12905,724,672,-52,93078,31400,31400,31250,676,8,3,2180,1961,516,160
151700,001060,31300,2,400,1.29,74.95,51485,38588,-12897,725,675,-50,93088,31250,31300,31250,8,1,2,2081,1980,1,7
151700,001060,31250,2,350,1.13,74.95,51486,38588,-12898,726,675,-51,93089,31250,31300,31250,9,2,2,2075,1980,2,7
151800,001060,31300,2,400,1.29,74.95,51486,38589,-12897,726,676,-50,93090,31300,31300,31300,0,0,0,2957,2532,0,0
151800,001060,31350,2,450,1.46,74.89,51538,38599,-12939,729,677,-52,93152,31300,31350,31300,62,3,1,3538,3103,52,10
151900,001060,31350,2,450,1.46,74.96,51539,38633,-12906,730,681,-49,93187,31400,31400,31350,22,0,3,3579,3153,0,22
151900,001060,31350,2,450,1.46,75.21,51550,38770,-12780,735,684,-51,93335,31400,31400,31350,170,5,6,3931,4062,11,159
152000,001060,31200,2,300,0.97,75.09,51631,38771,-12860,742,685,-57,93417,31350,31350,31200,31,5,1,2734,5126,30,1
152000,001060,31300,2,400,1.29,75.16,51636,38810,-12826,743,689,-54,93461,31350,31350,31200,75,6,5,2731,5114,35,40
152000,001060,31300,2,400,1.29,75.16,51636,38810,-12826,743,689,-54,93461,31350,31350,31200,75,6,5,2731,5114,35,40
152000,001060,31300,2,400,1.29,75.16,51636,38810,-12826,743,689,-54,93461,31350,31350,31200,75,6,5,2731,5114,35,40
152000,001060,31300,2,400,1.29,75.16,51636,38810,-12826,743,689,-54,93461,31350,31350,31200,75,6,5,2731,5114,35,40
152000,001060,31300,2,400,1.29,75.16,51636,38810,-12826,743,689,-54,93461,31350,31350,31200,75,6,5,2731,5114,35,40
152000,001060,31300,2,400,1.29,75.16,51636,38810,-12826,743,689,-54,93461,31350,31350,31200,75,6,5,2731,5114,35,40
152000,001060,31300,2,400,1.29,75.16,51636,38810,-12826,743,689,-54,93461,31350,31350,31200,75,6,5,2731,5114,35,40
152000,001060,31300,2,400,1.29,75.16,51636,38810,-12826,743,689,-54,93461,31350,31350,31200,75,6,5,2731,5114,35,40
152000,001060,31300,2,400,1.29,75.16,51636,38810,-12826,743,689,-54,93461,31350,31350,31200,75,6,5,2731,5114,35,40
152000,001060,31300,2,400,1.29,75.16,51636,38810,-12826,743,689,-54,93461,31350,31350,31200,75,6,5,2731,5114,35,40
152000,001060,31300,2,400,1.29,75.16,51636,38810,-12826,743,689,-54,93461,31350,31350,31200,75,6,5,2731,5114,35,40
152000,001060,31300,2,400,1.29,75.16,51636,38810,-12826,743,689,-54,93461,31350,31350,31200,75,6,5,2731,5114,35,40
152000,001060,31300,2,400,1.29,75.16,51636,38810,-12826,743,689,-54,93461,31350,31350,31200,75,6,5,2731,5114,35,40
152000,001060,31300,2,400,1.29,75.16,51636,38810,-12826,743,689,-54,93461,31350,31350,31200,75,6,5,2731,5114,35,40
152000,001060,31300,2,400,1.29,75.16,51636,38810,-12826,743,689,-54,93461,31350,31350,31200,75,6,5,2731,5114,35,40
152000,001060,31300,2,400,1.29,75.16,51636,38810,-12826,743,689,-54,93461,31350,31350,31200,75,6,5,2731,5114,35,40
152000,001060,31300,2,400,1.29,75.16,51636,38810,-12826,743,689,-54,93461,31350,31350,31200,75,6,5,2731,5114,35,40
152000,001060,31300,2,400,1.29,75.16,51636,38810,-12826,743,689,-54,93461,31350,31350,31200,75,6,5,2731,5114,35,40
152000,001060,31300,2,400,1.29,75.16,51636,38810,-12826,743,689,-54,93461,31350,31350,31200,75,6,5,2731,5114,35,40
152000,001060,31300,2,400,1.29,75.16,51636,38810,-12826,743,689,-54,93461,31350,31350,31200,75,6,5,2731,5114,35,40
153000,001060,31300,2,400,1.29,75.16,51636,38810,-12826,743,689,-54,93461,31300,31300,31300,0,0,0,2825,5113,0,0
