090100,123690,8010,3,0,0.0,0.0,0,0,0,0,0,0,0,8010,8010,8010,0,0,0,0,0,0,0
090100,123690,8010,3,0,0.0,0.0,0,0,0,0,0,0,0,8010,8010,8010,0,0,0,0,0,0,0
090100,123690,8010,3,0,0.0,0.0,0,0,0,0,0,0,0,8010,8010,8010,0,0,0,0,0,0,0
090100,123690,8010,3,0,0.0,0.0,0,0,0,0,0,0,0,8010,8010,8010,0,0,0,0,0,0,0
090200,123690,8010,3,0,0.0,0.0,0,0,0,0,0,0,0,8010,8010,8010,0,0,0,0,0,0,0
090200,123690,8010,3,0,0.0,0.0,0,0,0,0,0,0,0,8010,8010,8010,0,0,0,0,0,0,0
090300,123690,8010,3,0,0.0,0.0,0,0,0,0,0,0,0,8010,8010,8010,0,0,0,0,0,0,0
090300,123690,9380,2,1370,17.1,111.8,14497,16207,1710,69,62,-7,162665,9350,9400,9330,162665,69,62,36753,29907,14497,16207
090400,123690,9590,2,1580,19.73,148.14,56234,83304,27070,238,391,153,271595,9410,9590,9400,55875,87,211,15785,8495,16242,39633
090400,123690,9890,2,1880,23.47,193.32,97739,188949,91210,571,963,392,418828,9410,10000,9400,203108,420,783,44675,11977,57747,145278
090500,123690,9780,2,1770,22.1,165.33,137919,228015,90096,885,1236,351,498260,9930,9950,9770,35972,184,102,8947,3561,24392,11445
090500,123690,9610,2,1600,19.98,134.3,184254,247452,63198,1125,1436,311,564096,9930,9950,9510,101808,424,302,17193,22965,70727,30882
090600,123690,9660,2,1650,20.6,119.65,223264,267145,43881,1256,1588,332,622804,9620,9670,9610,21009,67,86,16405,14402,11557,9451
090600,123690,9610,2,1600,19.98,112.89,248693,280748,32055,1392,1678,286,662049,9620,9670,9560,60254,203,176,37013,28418,36986,23054
090700,123690,9420,2,1410,17.6,98.62,293026,288971,-4055,1571,1789,218,714637,9500,9530,9400,20414,103,75,20955,11461,14329,6053
090700,123690,9630,2,1620,20.22,112.84,304116,343159,39043,1662,1960,298,781804,9500,9630,9400,87581,194,246,24587,16723,25419,60241
090800,123690,9700,2,1690,21.1,120.78,323846,391147,67301,1737,2178,441,849628,9660,9710,9650,37035,46,126,36664,24904,8266,28663
090800,123690,9810,2,1800,22.47,125.05,349684,437294,87610,1872,2437,565,922030,9660,9860,9650,109437,181,385,40825,23893,34104,74810
090900,123690,9740,2,1730,21.6,113.14,404584,457765,53181,2062,2577,515,997602,9810,9830,9740,45832,114,60,43858,10545,39825,5973
090900,123690,9600,2,1590,19.85,107.36,433276,465163,31887,2213,2660,447,1033916,9810,9830,9570,82146,265,143,20126,9454,68517,13371
091000,123690,9720,2,1710,21.35,110.69,440705,487823,47118,2268,2791,523,1064042,9660,9770,9630,20799,38,88,50613,18165,6174,14609
091000,123690,9740,2,1730,21.6,112.52,448838,505025,56187,2332,2923,591,1089389,9660,9770,9630,46146,102,220,55962,34166,14307,31811
091100,123690,9700,2,1690,21.1,111.16,465892,517876,51984,2398,3021,623,1119294,9740,9750,9700,21746,44,59,62035,29829,13006,8740
091100,123690,9700,2,1690,21.1,106.61,497271,530145,32874,2462,3100,638,1162948,9740,9750,9660,65400,108,138,62809,24879,44385,21009
091200,123690,9650,2,1640,20.47,104.57,513839,537326,23487,2529,3175,646,1186697,9700,9700,9650,17840,59,39,65744,17801,15019,2821
091200,123690,9600,2,1590,19.85,101.79,532030,541543,9513,2600,3218,618,1209105,9700,9700,9600,40248,130,82,21696,15933,33210,7038
091300,123690,9580,2,1570,19.6,99.8,546258,545186,-1072,2662,3261,599,1226987,9610,9620,9560,12947,49,27,28199,26240,10994,1942
091300,123690,9620,2,1610,20.1,102.12,557420,569242,11822,2735,3322,587,1262407,9610,9630,9560,48367,122,88,15311,25876,22156,25998
091400,123690,9750,2,1740,21.72,108.53,560896,608753,47857,2764,3415,651,1305394,9630,9750,9630,38453,21,77,46273,9135,2826,35627
091400,123690,9750,2,1740,21.72,115.03,575932,662500,86568,2853,3614,761,1374541,9630,9820,9630,107600,110,276,47089,12768,17862,89374
091500,123690,9700,2,1690,21.1,113.48,594138,674257,80119,2955,3722,767,1404546,9780,9780,9680,16354,62,72,25267,12981,10809,5503
091500,123690,9720,2,1710,21.35,115.21,601125,692583,91458,2980,3817,837,1429859,9780,9780,9680,41667,87,167,19571,18562,17796,23829
091600,123690,9740,2,1730,21.6,115.12,607101,698922,91821,3016,3885,869,1442176,9720,9750,9710,9387,31,52,28101,18816,3871,5514
091600,123690,9590,2,1580,19.73,108.68,648049,704294,56245,3105,3942,837,1490439,9720,9750,9590,57650,120,109,15097,44379,44819,10886
091700,123690,9700,2,1690,21.1,108.99,651320,709843,58523,3154,4014,860,1499259,9610,9700,9600,6394,38,65,30035,20124,1027,5367
091700,123690,9700,2,1690,21.1,108.33,663336,718590,55254,3266,4135,869,1520022,9610,9730,9600,27157,150,186,20020,25491,13043,14114
091800,123690,9680,2,1670,20.85,108.17,668752,723364,54612,3311,4156,845,1530249,9680,9690,9650,4734,34,14,17790,40511,3952,745
091800,123690,9770,2,1760,21.97,111.24,676374,752408,76034,3341,4237,896,1566915,9680,9780,9650,41400,64,95,51769,16708,11574,29789
091900,123690,9910,2,1900,23.72,120.91,689515,833703,144188,3417,4398,981,1662083,9740,9910,9720,92911,68,151,85360,16341,12294,79885
091900,123690,9800,2,1790,22.35,120.32,707924,851772,143848,3520,4619,1099,1698664,9740,9910,9720,129492,171,372,32291,7111,30703,97954
092000,123690,9840,2,1830,22.85,120.66,715947,863858,147911,3586,4765,1179,1718908,9790,9850,9780,19257,55,144,33623,16422,7117,12056
092000,123690,9770,2,1760,21.97,117.91,752518,887302,134784,3658,4920,1262,1779203,9790,9860,9700,79552,127,299,14810,15748,43688,35500
092100,123690,9770,2,1760,21.97,117.96,756597,892475,135878,3680,5073,1393,1788458,9750,9770,9740,8277,19,133,24509,24564,4070,4204
092100,123690,9780,2,1770,22.1,117.83,765582,902086,136504,3719,5188,1469,1807064,9750,9780,9730,26883,58,248,24235,29755,13055,13815
110600,123690,10300,2,2290,28.59,61.5,3489678,2146307,-1343371,7604,9405,1801,6208106,10350,10350,10300,2504,4,22,32174,242194,121,2383
110700,123690,10300,2,2290,28.59,61.57,3491183,2149520,-1341663,7610,9417,1807,6212824,10300,10300,10300,13,1,0,29363,245816,13,0
110700,123690,10350,2,2340,29.21,61.75,3491188,2155868,-1335320,7611,9434,1823,6219177,10300,10350,10300,6366,2,17,26072,252809,18,6348
110800,123690,10350,2,2340,29.21,61.8,3494908,2159996,-1334912,7618,9455,1837,6227025,10350,10350,10350,493,0,2,27552,255000,0,493
110800,123690,10350,2,2340,29.21,61.99,3496192,2167396,-1328796,7623,9471,1848,6235709,10350,10400,10350,9177,5,18,20768,256024,1284,7893
110900,123690,10350,2,2340,29.21,62.08,3496354,2170591,-1325763,7625,9494,1869,6239066,10350,10350,10350,63,1,1,22958,253613,62,1
110900,123690,10350,2,2340,29.21,62.14,3497253,2173318,-1323935,7627,9507,1880,6242692,10350,10350,10350,3689,3,14,23536,250100,961,2728
111000,123690,10350,2,2340,29.21,62.17,3498941,2175310,-1323631,7628,9523,1895,6246372,10350,10350,10350,1554,0,6,26251,249813,0,1554
111000,123690,10300,2,2290,28.59,62.12,3507462,2178859,-1328603,7635,9538,1903,6258442,10350,10400,10300,13624,7,21,32012,243605,8521,5103
111100,123690,10300,2,2290,28.59,62.07,3511343,2179352,-1331991,7649,9556,1907,6262816,10350,10350,10300,1177,4,3,39817,244115,1142,35
111100,123690,10350,2,2340,29.21,62.06,3514665,2181186,-1333479,7654,9577,1923,6267972,10350,10350,10300,6333,9,24,39797,243312,4464,1869
111200,123690,10300,2,2290,28.59,62.03,3518601,2182470,-1336131,7661,9596,1935,6273192,10350,10350,10300,3122,3,3,42272,242632,2256,866
111200,123690,10350,2,2340,29.21,62.02,3520762,2183461,-1337301,7668,9610,1942,6276344,10350,10350,10300,6274,10,17,44388,241816,4417,1857
111300,123690,10350,2,2340,29.21,62.03,3521155,2184040,-1337115,7671,9617,1946,6277316,10350,10350,10300,98,1,4,45115,241787,90,8
111300,123690,10350,2,2340,29.21,62.04,3521564,2184906,-1336658,7673,9632,1959,6278591,10350,10350,10300,1373,3,19,45046,248463,499,874
111400,123690,10350,2,2340,29.21,62.11,3521764,2187287,-1334477,7674,9644,1970,6281172,10350,10350,10350,1099,0,7,43688,251987,0,1099
111400,123690,10350,2,2340,29.21,62.13,3522101,2188338,-1333763,7677,9654,1977,6282560,10350,10350,10300,2487,3,17,45246,252764,337,2150
111500,123690,10350,2,2340,29.21,62.12,3522800,2188432,-1334368,7683,9659,1976,6283353,10350,10350,10300,575,3,4,48953,251458,491,84
111500,123690,10350,2,2340,29.21,62.08,3525446,2188696,-1336750,7690,9670,1980,6286263,10350,10350,10300,3485,10,15,49637,249815,3137,348
111600,123690,10350,2,2340,29.21,62.02,3529178,2188854,-1340324,7694,9681,1987,6290153,10300,10350,10300,1336,2,2,49401,247304,1314,22
111600,123690,10350,2,2340,29.21,62.04,3529929,2190110,-1339819,7701,9693,1992,6292160,10300,10350,10300,3343,9,14,51200,249121,2065,1278
111700,123690,10350,2,2340,29.21,62.01,3532155,2190284,-1341871,7707,9697,1990,6294560,10350,10350,10300,61,1,2,49917,246515,41,20
111700,123690,10350,2,2340,29.21,62.02,3532848,2191071,-1341777,7711,9708,1997,6296040,10350,10350,10300,1541,5,13,49960,248911,734,807
111800,123690,10350,2,2340,29.21,62.02,3532848,2191124,-1341724,7711,9712,2001,6296093,10350,10350,10350,51,0,2,51872,249796,0,51
111800,123690,10350,2,2340,29.21,62.08,3533001,2193224,-1339777,7714,9727,2013,6298346,10350,10350,10300,2304,3,17,52125,253246,153,2151
111900,123690,10350,2,2340,29.21,62.09,3533216,2193769,-1339447,7718,9748,2030,6299106,10350,10350,10300,237,4,10,51807,252898,215,22
111900,123690,10350,2,2340,29.21,62.12,3533599,2195013,-1338586,7721,9764,2043,6300733,10350,10350,10300,1864,7,26,51076,248652,598,1266
112000,123690,10350,2,2340,29.21,62.08,3536931,2195711,-1341220,7727,9782,2055,6304763,10300,10350,10300,1654,5,13,49921,246281,972,682
112000,123690,10350,2,2340,29.21,62.24,3536941,2201224,-1335717,7728,9810,2082,6310286,10300,10350,10300,7177,6,41,44064,244708,982,6195
112100,123690,10350,2,2340,29.21,62.31,3536951,2203935,-1333016,7729,9830,2101,6313007,10350,10350,10300,442,1,9,41477,245061,10,432
112100,123690,10400,1,2390,29.84,62.46,3536951,2209307,-1327644,7729,9841,2112,6318379,10350,10400,10300,5814,1,20,37128,248290,10,5804
112200,123690,10400,1,2390,29.84,62.54,3536992,2212165,-1324827,7730,9856,2126,6321278,10400,10400,10400,1908,0,11,38941,241397,0,1908
112200,123690,10350,2,2340,29.21,62.5,3540391,2212634,-1327757,7736,9867,2131,6325146,10400,10400,10300,5776,6,22,43246,236482,3399,2377
112300,123690,10350,2,2340,29.21,62.51,3540392,2212981,-1327411,7737,9875,2138,6325494,10350,10350,10300,186,1,4,43713,238401,1,185
112300,123690,10350,2,2340,29.21,62.51,3540392,2213136,-1327256,7737,9887,2150,6325649,10350,10350,10300,341,1,16,44163,238692,1,340
112400,123690,10350,2,2340,29.21,62.64,3540397,2217803,-1322594,7738,9895,2157,6330321,10350,10350,10350,4671,1,7,40146,239915,5,4666
112400,123690,10350,2,2340,29.21,62.6,3542576,2217813,-1324763,7744,9898,2154,6332510,10350,10400,10350,6860,7,10,40162,230075,2184,4676
112500,123690,10350,2,2340,29.21,62.56,3545299,2217874,-1327425,7749,9901,2152,6335294,10350,10400,10350,2777,5,2,40607,228503,2723,54
112500,123690,10350,2,2340,29.21,62.55,3548144,2219214,-1328930,7757,9910,2153,6339479,10350,10400,10300,6962,13,11,40743,235218,5568,1394
112600,123690,10400,1,2390,29.84,62.6,3548281,2221383,-1326898,7760,9915,2155,6341785,10400,10400,10350,2296,2,5,39749,235960,127,2169
112600,123690,10350,2,2340,29.21,62.6,3551383,2223082,-1328301,7764,9917,2153,6346586,10400,10400,10350,7097,6,7,37826,232771,3229,3868
112700,123690,10400,1,2390,29.84,62.56,3554798,2223761,-1331037,7771,9935,2164,6350680,10350,10400,10350,2652,6,17,35920,234617,2415,237
112700,123690,10400,1,2390,29.84,62.57,3554993,2224257,-1330736,7774,9945,2171,6351371,10350,10400,10350,3343,9,27,39005,237003,2610,733
112800,123690,10400,1,2390,29.84,62.56,3555648,2224557,-1331091,7778,9949,2171,6352326,10400,10400,10350,955,4,4,40153,237692,655,300
112800,123690,10400,1,2390,29.84,62.6,3555678,2225830,-1329848,7780,9956,2176,6353629,10400,10400,10350,2258,6,11,42533,238395,685,1573
112900,123690,10350,2,2340,29.21,62.6,3555787,2225884,-1329903,7782,9958,2176,6353792,10350,10400,10350,163,2,2,42423,238685,109,54
113000,123690,10350,2,2340,29.21,62.52,3560127,2225884,-1334243,7798,9958,2160,6358132,10350,10350,10350,50,1,0,42722,247949,50,0
113000,123690,10350,2,2340,29.21,62.49,3561945,2225890,-1336055,7803,9960,2157,6359956,10350,10400,10350,1874,6,2,40795,242974,1868,6
113100,123690,10400,1,2390,29.84,62.58,3561955,2229083,-1332872,7804,9965,2161,6363159,10400,10400,10400,0,0,0,38332,242795,0,0
113100,123690,10400,1,2390,29.84,62.62,3562125,2230660,-1331465,7806,9974,2168,6364906,10400,10400,10350,1747,2,9,37196,241790,170,1577
113200,123690,10400,1,2390,29.84,62.65,3562261,2231814,-1330447,7810,9978,2168,6366196,10400,10400,10400,0,0,0,36623,240283,0,0
113200,123690,10400,1,2390,29.84,62.69,3562480,2233361,-1329119,7811,9983,2172,6367962,10400,10400,10350,1766,1,5,38010,241608,219,1547
113300,123690,10400,1,2390,29.84,62.69,3562480,2233486,-1328994,7811,9988,2177,6368087,10400,10400,10400,0,0,0,37827,242042,0,0
113300,123690,10400,1,2390,29.84,63.14,3562480,2249447,-1313033,7811,10006,2195,6384048,10400,10400,10400,15961,0,18,23067,240609,0,15961
113400,123690,10400,1,2390,29.84,63.58,3576584,2274011,-1302573,7820,10039,2219,6422716,10400,10400,10400,394,0,6,1889,243920,0,394
113400,123690,10400,1,2390,29.84,63.62,3576605,2275422,-1301183,7822,10060,2238,6424148,10400,10400,10350,1826,2,27,3483,243832,21,1805
113500,123690,10400,1,2390,29.84,63.6,3578606,2275871,-1302735,7825,10065,2240,6426598,10400,10400,10400,67,0,2,17007,244695,0,67
113500,123690,10350,2,2340,29.21,63.57,3579842,2275881,-1303961,7831,10068,2237,6427844,10400,10400,10350,1313,6,5,17131,244600,1236,77
113600,123690,10400,1,2390,29.84,63.59,3580063,2276471,-1303592,7834,10071,2237,6428655,10400,10400,10400,0,0,0,17070,244294,0,0
113600,123690,10400,1,2390,29.84,63.61,3580063,2277289,-1302774,7834,10078,2244,6429473,10400,10400,10400,818,0,7,17017,245596,0,818
113700,123690,10400,1,2390,29.84,63.62,3582756,2279465,-1303291,7842,10082,2240,6434342,10350,10400,10350,2492,2,3,15134,247176,395,2097
113700,123690,10350,2,2340,29.21,63.64,3583438,2280531,-1302907,7845,10087,2242,6436090,10350,10400,10350,4240,5,8,14520,246666,1077,3163
113800,123690,10400,1,2390,29.84,63.64,3583438,2280642,-1302796,7845,10091,2246,6436201,10400,10400,10400,13,0,1,14888,247365,0,13
113800,123690,10350,2,2340,29.21,63.65,3583448,2280822,-1302626,7846,10092,2246,6436391,10400,10400,10350,203,1,2,15020,251997,10,193
113900,123690,10350,2,2340,29.21,63.62,3584818,2280833,-1303985,7852,10094,2242,6437772,10350,10400,10350,1046,3,1,15405,252886,1036,10
113900,123690,10400,1,2390,29.84,63.63,3584869,2281204,-1303665,7854,10100,2246,6438194,10350,10400,10350,1468,5,7,16229,251860,1087,381
114000,123690,10400,1,2390,29.84,63.64,3584934,2281351,-1303583,7856,10104,2248,6438406,10350,10400,10350,152,1,3,17008,251993,11,141
114000,123690,10350,2,2340,29.21,63.64,3585120,2281573,-1303547,7859,10109,2250,6438814,10350,10400,10350,560,4,8,17404,251614,197,363
114100,123690,10350,2,2340,29.21,63.61,3586633,2281573,-1305060,7867,10109,2242,6440327,10350,10350,10350,340,3,0,18325,254259,340,0
114100,123690,10350,2,2340,29.21,63.61,3586653,2281604,-1305049,7868,10111,2243,6440378,10350,10400,10350,391,4,2,18294,251586,360,31
114200,123690,10350,2,2340,29.21,63.61,3586785,2281657,-1305128,7871,10115,2244,6440563,10400,10400,10350,153,2,3,18726,252351,101,52
114200,123690,10350,2,2340,29.21,63.6,3587634,2281657,-1305977,7878,10115,2237,6441412,10400,10400,10350,1002,9,3,18122,251400,950,52
114300,123690,10350,2,2340,29.21,63.58,3588369,2281658,-1306711,7885,10116,2231,6442148,10350,10350,10350,134,5,0,18151,252238,134,0
114300,123690,10350,2,2340,29.21,63.6,3589881,2283015,-1306866,7887,10119,2232,6445017,10350,10400,10350,3003,7,3,16818,252758,1646,1357
114400,123690,10400,1,2390,29.84,63.65,3589881,2284961,-1304920,7887,10129,2242,6446963,10400,10400,10400,1684,0,5,17486,250172,0,1684
114400,123690,10400,1,2390,29.84,63.99,3589923,2297087,-1292836,7888,10141,2253,6459131,10400,10400,10350,13852,1,17,6318,250196,42,13810
114500,123690,10400,1,2390,29.84,64.17,3590023,2303862,-1286161,7889,10158,2269,6466006,10400,10400,10400,6586,0,14,2287,244614,0,6586
114500,123690,10400,1,2390,29.84,64.21,3590981,2305744,-1285237,7893,10179,2286,6468846,10400,10400,10400,9426,4,35,1372,245797,958,8468
114600,123690,10400,1,2390,29.84,64.18,3594901,2307385,-1287516,7895,10185,2290,6474407,10400,10400,10400,5389,2,5,0,237567,3920,1469
114600,123690,10400,1,2390,29.84,64.11,3599494,2307618,-1291876,7901,10188,2287,6479233,10400,10400,10400,10215,8,8,6041,241744,8513,1702
114700,123690,10350,2,2340,29.21,64.08,3600989,2307634,-1293355,7906,10190,2284,6480744,10400,10400,10350,1511,5,2,9092,240338,1495,16
114700,123690,10400,1,2390,29.84,64.08,3601486,2307665,-1293821,7907,10195,2288,6481272,10400,10400,10350,2039,6,7,10570,244584,1992,47
114800,123690,10400,1,2390,29.84,64.08,3601586,2308017,-1293569,7908,10199,2291,6481724,10400,10400,10350,437,1,3,12541,244545,100,337
114800,123690,10350,2,2340,29.21,64.08,3602087,2308147,-1293940,7911,10202,2291,6482355,10400,10400,10350,1068,4,6,12445,247411,601,467
114900,123690,10350,2,2340,29.21,64.07,3602839,2308236,-1294603,7914,10204,2290,6483196,10400,10400,10350,609,2,2,15031,247017,520,89
114900,123690,10350,2,2340,29.21,63.93,3611057,2308656,-1302401,7919,10207,2288,6491834,10400,10400,10300,9247,7,5,21771,237352,8738,509
115000,123690,10350,2,2340,29.21,63.94,3611160,2308878,-1302282,7920,10212,2292,6492159,10350,10350,10300,325,1,5,24412,238452,103,222
115000,123690,10350,2,2340,29.21,63.95,3611817,2309769,-1302048,7926,10217,2291,6493707,10350,10350,10300,1873,7,10,31961,240858,760,1113
115100,123690,10300,2,2290,28.59,63.97,3611840,2310409,-1301431,7927,10224,2297,6494370,10350,10350,10300,626,1,6,33182,239455,23,603
115100,123690,10300,2,2290,28.59,63.95,3612859,2310444,-1302415,7934,10227,2293,6495424,10350,10350,10300,1680,8,9,36081,233715,1042,638
115200,123690,10250,2,2240,27.97,63.28,3653096,2311641,-1341455,7971,10230,2259,6536858,10300,10300,10250,41434,37,3,51280,211019,40237,1197
115300,123690,10300,2,2290,28.59,63.32,3654551,2313924,-1340627,7987,10240,2253,6540596,10300,10300,10300,150,0,2,54760,228590,0,150
115300,123690,10300,2,2290,28.59,63.34,3654893,2315021,-1339872,7992,10249,2257,6542035,10300,10300,10250,1589,5,11,57117,228760,342,1247
115400,123690,10300,2,2290,28.59,63.39,3655095,2316870,-1338225,7994,10272,2278,6544086,10300,10300,10300,101,0,2,56712,229910,0,101
115400,123690,10300,2,2290,28.59,63.39,3655109,2316888,-1338221,7995,10276,2281,6544118,10300,10300,10250,133,1,6,56847,230804,14,119
115500,123690,10300,2,2290,28.59,63.55,3658493,2324917,-1333576,8000,10294,2294,6555531,10300,10300,10300,1124,0,4,51092,237677,0,1124
115500,123690,10250,2,2240,27.97,63.6,3660518,2327976,-1332542,8005,10309,2304,6560615,10300,10350,10250,6208,5,19,67392,232383,2025,4183
115600,123690,10300,2,2290,28.59,63.6,3664419,2330556,-1333863,8013,10320,2307,6567096,10300,10300,10300,563,0,3,64596,232166,0,563
115600,123690,10300,2,2290,28.59,63.68,3664429,2333678,-1330751,8014,10324,2310,6570228,10300,10300,10250,3695,1,7,66424,235942,10,3685
115700,123690,10250,2,2240,27.97,63.69,3664676,2334099,-1330577,8017,10330,2313,6570896,10300,10300,10250,25,1,2,66262,235840,14,11
115700,123690,10250,2,2240,27.97,63.69,3665062,2334366,-1330696,8024,10334,2310,6571549,10300,10300,10250,678,8,6,68295,240406,400,278
115800,123690,10300,2,2290,28.59,63.71,3665062,2334913,-1330149,8024,10346,2322,6572096,10300,10300,10300,23,0,3,68793,243072,0,23
115800,123690,10300,2,2290,28.59,63.71,3665319,2335124,-1330195,8027,10352,2325,6572564,10300,10300,10250,491,3,9,69863,243174,257,234
115900,123690,10250,2,2240,27.97,63.74,3665336,2336381,-1328955,8029,10362,2333,6573838,10300,10300,10250,119,1,3,67693,245187,15,104
115900,123690,10300,2,2290,28.59,63.89,3665337,2341830,-1323507,8030,10376,2346,6579288,10300,10300,10250,5569,2,17,66648,244097,16,5553
120000,123690,10300,2,2290,28.59,63.89,3665340,2341855,-1323485,8031,10386,2355,6579316,10300,10300,10300,22,0,8,63929,245572,0,22
120000,123690,10300,2,2290,28.59,63.92,3666340,2343690,-1322650,8033,10425,2392,6582151,10300,10300,10250,2857,2,47,66666,243234,1000,1857
120100,123690,10300,2,2290,28.59,63.92,3666701,2343706,-1322995,8034,10441,2407,6582528,10300,10300,10300,5,0,5,67352,242374,0,5
120100,123690,10250,2,2240,27.97,63.38,3698538,2344184,-1354354,8062,10474,2412,6614843,10300,10300,10200,32320,28,38,68890,214498,31837,483
120200,123690,10300,2,2290,28.59,63.68,3701869,2357266,-1344603,8085,10519,2434,6631256,10250,10300,10250,13912,8,18,58748,235821,2478,11434
120200,123690,10350,2,2340,29.21,63.67,3702616,2357376,-1345240,8092,10549,2457,6632113,10250,10350,10250,14769,15,48,59658,242656,3225,11544
120300,123690,10350,2,2340,29.21,63.68,3702769,2357909,-1344860,8094,10563,2469,6632799,10350,10350,10350,43,0,7,61480,243890,0,43
120300,123690,10350,2,2340,29.21,63.67,3703769,2358286,-1345483,8095,10582,2487,6634176,10350,10350,10300,1420,1,26,61909,245253,1000,420
120400,123690,10350,2,2340,29.21,63.67,3704448,2358670,-1345778,8099,10603,2504,6635239,10350,10350,10300,863,3,12,64409,247334,539,324
120400,123690,10350,2,2340,29.21,63.66,3705621,2358902,-1346719,8104,10628,2524,6636644,10350,10350,10300,2268,8,37,66478,243649,1712,556
120500,123690,10350,2,2340,29.21,63.84,3705641,2365851,-1339790,8106,10646,2540,6643613,10350,10350,10300,3093,1,10,62916,241030,10,3083
120500,123690,10350,2,2340,29.21,64.01,3705641,2372061,-1333580,8106,10675,2569,6649823,10350,10350,10300,9303,1,39,61584,241141,10,9293
120600,123690,10350,2,2340,29.21,64.02,3705692,2372422,-1333270,8108,10688,2580,6650235,10350,10350,10300,222,2,9,63874,345907,51,171
120600,123690,10350,2,2340,29.21,64.05,3705779,2373733,-1332046,8109,10698,2589,6651633,10350,10350,10300,1620,3,19,62541,256260,138,1482
120700,123690,10350,2,2340,29.21,64.14,3706194,2377043,-1329151,8111,10711,2600,6655358,10350,10400,10350,3248,2,8,61767,255478,415,2833
120700,123690,10350,2,2340,29.21,64.12,3707329,2377290,-1330039,8116,10715,2599,6656740,10350,10400,10350,4630,7,12,64139,255233,1550,3080
120800,123690,10400,1,2390,29.84,64.12,3707502,2377430,-1330072,8118,10720,2602,6657053,10400,10400,10350,149,1,5,66517,261196,9,140
120800,123690,10400,1,2390,29.84,64.13,3707751,2377947,-1329804,8124,10724,2600,6657819,10400,10400,10350,915,7,9,65840,260981,258,657
120900,123690,10350,2,2340,29.21,64.12,3708668,2378047,-1330621,8129,10725,2596,6658836,10400,10400,10350,1009,3,1,65513,263964,909,100
120900,123690,10350,2,2340,29.21,64.12,3709263,2378195,-1331068,8139,10729,2590,6659579,10400,10400,10350,1752,13,5,65473,264618,1504,248
121000,123690,10400,1,2390,29.84,64.14,3709285,2378960,-1330325,8141,10733,2592,6660366,10400,10400,10350,787,2,4,65219,262323,22,765
121000,123690,10350,2,2340,29.21,64.19,3711100,2382198,-1328902,8144,10740,2596,6665419,10400,10400,10350,5840,5,11,63329,255832,1837,4003
121100,123690,10400,1,2390,29.84,64.24,3711390,2384048,-1327342,8146,10747,2601,6667559,10350,10400,10350,2132,2,5,62475,255755,290,1842
121100,123690,10350,2,2340,29.21,64.23,3711747,2384050,-1327697,8150,10749,2599,6667918,10350,10400,10350,2491,6,7,63350,255997,647,1844
121200,123690,10350,2,2340,29.21,64.24,3712836,2385040,-1327796,8154,10755,2601,6669997,10350,10400,10350,2079,4,6,65332,256019,1089,990
121200,123690,10350,2,2340,29.21,64.24,3712951,2385293,-1327658,8155,10763,2608,6670365,10350,10400,10300,2447,5,14,63790,256474,1204,1243
121300,123690,10350,2,2340,29.21,64.26,3713001,2385939,-1327062,8156,10773,2617,6671061,10350,10350,10300,696,1,10,62460,260414,50,646
121400,123690,10350,2,2340,29.21,64.32,3713011,2388058,-1324953,8157,10780,2623,6673190,10350,10350,10350,0,0,0,60215,258790,0,0
121400,123690,10300,2,2290,28.59,64.25,3717604,2388744,-1328860,8161,10786,2625,6678469,10350,10350,10300,5279,4,6,62511,256588,4593,686
121500,123690,10300,2,2290,28.59,64.25,3718098,2388948,-1329150,8167,10790,2623,6679167,10300,10300,10300,0,0,0,62341,260977,0,0
121500,123690,10350,2,2340,29.21,64.24,3718553,2388950,-1329603,8173,10792,2619,6679624,10300,10350,10300,457,6,2,65076,255922,455,2
121600,123690,10300,2,2290,28.59,64.25,3718793,2389361,-1329432,8177,10798,2621,6680275,10300,10300,10300,0,0,0,64567,259671,0,0
121600,123690,10350,2,2340,29.21,64.28,3718835,2390341,-1328494,8180,10802,2622,6681297,10300,10350,10300,1022,3,4,65302,261975,42,980
121700,123690,10350,2,2340,29.21,64.47,3718835,2397507,-1321328,8180,10807,2627,6688463,10350,10350,10350,7056,0,2,65250,263361,0,7056
121700,123690,10350,2,2340,29.21,64.5,3719880,2399295,-1320585,8181,10813,2632,6691296,10350,10350,10350,9889,1,8,63054,261547,1045,8844
121800,123690,10350,2,2340,29.21,64.54,3721344,2401900,-1319444,8183,10819,2636,6695365,10350,10400,10350,1465,2,1,61869,261255,1464,1
121800,123690,10400,1,2390,29.84,64.57,3721470,2402904,-1318566,8187,10833,2646,6696495,10350,10400,10350,2595,6,15,62699,262015,1590,1005
121900,123690,10400,1,2390,29.84,64.58,3721470,2403157,-1318313,8187,10837,2650,6696748,10400,10400,10400,0,0,0,63772,262619,0,0
121900,123690,10350,2,2340,29.21,64.67,3721858,2407106,-1314752,8190,10842,2652,6701085,10400,10400,10350,4337,3,5,62874,263089,388,3949
122000,123690,10400,1,2390,29.84,64.67,3722195,2407209,-1314986,8194,10846,2652,6701525,10350,10400,10350,235,2,1,62932,266159,234,1
122000,123690,10350,2,2340,29.21,64.64,3724641,2407705,-1316936,8199,10849,2650,6704467,10350,10400,10300,3177,7,4,62378,265438,2680,497
122100,123690,10350,2,2340,29.21,64.63,3725562,2407856,-1317706,8202,10851,2649,6705539,10350,10400,10350,912,2,1,61773,266715,762,150
122100,123690,10350,2,2340,29.21,64.55,3731104,2408274,-1322830,8204,10856,2652,6711499,10350,10400,10350,6872,4,6,62490,269136,6304,568
122200,123690,10350,2,2340,29.21,64.58,3731325,2409619,-1321706,8209,10860,2651,6713065,10400,10400,10350,497,2,1,61592,268611,158,339
122200,123690,10350,2,2340,29.21,64.57,3732592,2410110,-1322482,8216,10863,2647,6714823,10400,10400,10350,2255,9,4,67782,268510,1425,830
122300,123690,10350,2,2340,29.21,64.57,3735063,2411614,-1323449,8221,10866,2645,6718798,10400,10400,10350,1380,1,2,64650,267609,96,1284
122300,123690,10350,2,2340,29.21,64.57,3735170,2411914,-1323256,8227,10867,2640,6719205,10400,10400,10350,1787,7,3,64339,267565,203,1584
122400,123690,10350,2,2340,29.21,64.56,3738332,2413442,-1324890,8231,10869,2638,6723895,10350,10350,10350,3157,3,0,63202,264523,3157,0
122400,123690,10400,1,2390,29.84,64.63,3738486,2416257,-1322229,8234,10874,2640,6726864,10350,10400,10350,6126,6,5,63586,261134,3311,2815
122500,123690,10400,1,2390,29.84,64.62,3739821,2416588,-1323233,8238,10877,2639,6728530,10400,10400,10400,331,0,3,63733,261593,0,331
122500,123690,10350,2,2340,29.21,64.6,3741248,2416728,-1324520,8250,10882,2632,6730097,10400,10400,10300,1898,12,8,62083,258622,1427,471
122600,123690,10300,2,2290,28.59,64.51,3746408,2416730,-1329678,8257,10884,2627,6735259,10400,10400,10300,149,2,2,63368,258424,147,2
122600,123690,10350,2,2340,29.21,64.51,3746763,2417031,-1329732,8263,10887,2624,6735915,10400,10400,10300,805,8,5,64328,260068,502,303
122700,123690,10400,1,2390,29.84,64.53,3746854,2418008,-1328846,8267,10891,2624,6736983,10400,10400,10350,1015,2,3,63992,263429,40,975
122700,123690,10400,1,2390,29.84,64.55,3746854,2418685,-1328169,8267,10893,2626,6737660,10400,10400,10350,1692,2,5,63212,261928,40,1652
122800,123690,10350,2,2340,29.21,64.55,3747193,2418685,-1328508,8269,10893,2624,6737999,10350,10350,10350,339,2,0,63760,264089,339,0
122800,123690,10350,2,2340,29.21,64.54,3748192,2419045,-1329147,8275,10894,2619,6739358,10350,10400,10350,1698,8,1,60788,263007,1338,360
122900,123690,10350,2,2340,29.21,64.56,3748651,2420110,-1328541,8280,10898,2618,6740882,10350,10400,10350,1324,5,3,60322,263577,459,865
122900,123690,10350,2,2340,29.21,64.54,3751227,2421171,-1330056,8289,10902,2613,6744519,10350,10400,10350,4961,14,7,59807,263734,3035,1926
123000,123690,10350,2,2340,29.21,64.5,3753956,2421171,-1332785,8293,10902,2609,6747248,10350,10350,10350,2729,4,0,64139,261599,2729,0
123000,123690,10350,2,2340,29.21,64.57,3759150,2427399,-1331751,8299,10909,2610,6758670,10350,10400,10300,14151,10,7,68445,261357,7923,6228
123100,123690,10400,1,2390,29.84,64.56,3759870,2427501,-1332369,8306,10912,2606,6759492,10350,10400,10350,821,7,2,62740,272276,720,101
123100,123690,10350,2,2340,29.21,64.55,3760568,2427523,-1333045,8310,10916,2606,6760212,10350,10400,10350,1541,11,6,61718,271740,1418,123
123200,123690,10400,1,2390,29.84,64.54,3761768,2427752,-1334016,8312,10921,2609,6761641,10400,10400,10350,1250,2,4,61876,270367,1200,50
123200,123690,10350,2,2340,29.21,64.55,3761772,2428223,-1333549,8314,10927,2613,6762116,10400,10400,10350,1725,4,10,61513,270588,1204,521
123300,123690,10350,2,2340,29.21,64.6,3761842,2430162,-1331680,8316,10931,2615,6764125,10350,10400,10350,2009,2,4,59676,269978,70,1939
123400,123690,10400,1,2390,29.84,64.6,3761948,2430343,-1331605,8319,10937,2618,6764412,10400,10400,10400,0,0,0,59385,269980,0,0
123400,123690,10400,1,2390,29.84,64.75,3762250,2436037,-1326213,8322,10942,2620,6770408,10400,10400,10350,5996,3,5,57182,268280,302,5694
123500,123690,10400,1,2390,29.84,65.01,3763116,2446479,-1316637,8329,10948,2619,6781716,10350,10400,10350,10201,1,2,56446,268395,200,10001
123500,123690,10400,1,2390,29.84,65.06,3763536,2448636,-1314900,8332,10964,2632,6784293,10350,10400,10350,12778,4,18,45074,273260,620,12158
123600,123690,10400,1,2390,29.84,66.24,3765526,2494363,-1271163,8337,10968,2631,6832010,10400,10400,10400,1970,3,0,0,367226,1970,0
123600,123690,10400,1,2390,29.84,66.07,3775065,2494363,-1280702,8341,10968,2627,6841549,10400,10400,10400,11509,7,0,0,370422,11509,0
123700,123690,10400,1,2390,29.84,66.07,3775466,2494363,-1281103,8344,10968,2624,6841950,10400,10400,10400,0,0,0,0,348017,0,0
123700,123690,10400,1,2390,29.84,66.07,3775486,2494363,-1281123,8345,10968,2623,6841970,10400,10400,10400,20,1,0,0,348588,20,0
123800,123690,10400,1,2390,29.84,66.07,3775531,2494363,-1281168,8346,10968,2622,6842015,10400,10400,10400,0,0,0,0,348073,0,0
123800,123690,10400,1,2390,29.84,66.06,3775913,2494363,-1281550,8349,10968,2619,6842397,10400,10400,10400,382,3,0,0,340244,382,0
123900,123690,10400,1,2390,29.84,66.06,3775927,2494363,-1281564,8352,10968,2616,6842411,10400,10400,10400,3,1,0,0,339169,3,0
123900,123690,10400,1,2390,29.84,66.06,3776093,2494363,-1281730,8353,10968,2615,6842577,10400,10400,10400,169,2,0,0,338428,169,0
124000,123690,10400,1,2390,29.84,66.06,3776140,2494363,-1281777,8357,10968,2611,6842624,10400,10400,10400,11,1,0,0,338694,11,0
124000,123690,10400,1,2390,29.84,66.06,3776175,2494363,-1281812,8359,10968,2609,6842659,10400,10400,10400,46,3,0,0,338653,46,0
124100,123690,10400,1,2390,29.84,66.06,3776175,2494363,-1281812,8359,10968,2609,6842659,10400,10400,10400,0,0,0,0,338653,0,0
124100,123690,10400,1,2390,29.84,65.92,3783793,2494363,-1289430,8362,10968,2606,6850277,10400,10400,10400,7618,3,0,0,323936,7618,0
124200,123690,10350,2,2340,29.21,64.68,3856575,2494463,-1362112,8374,10969,2595,6923159,10350,10400,10350,1004,2,1,12168,232331,904,100
124200,123690,10350,2,2340,29.21,64.69,3857957,2495638,-1362319,8383,10975,2592,6925716,10350,10400,10350,3561,11,7,15149,233821,2286,1275
124300,123690,10350,2,2340,29.21,64.54,3868480,2496565,-1371915,8400,10978,2578,6937166,10350,10350,10350,1854,7,0,16104,229755,1854,0
124300,123690,10400,1,2390,29.84,64.53,3870386,2497751,-1372635,8405,10981,2576,6940258,10350,10400,10300,4946,12,3,21103,234139,3760,1186
124400,123690,10350,2,2340,29.21,64.54,3870996,2498187,-1372809,8407,10985,2578,6941304,10400,10400,10350,12,1,1,21721,235532,10,2
124400,123690,10350,2,2340,29.21,64.55,3871004,2498701,-1372303,8409,10989,2580,6941826,10400,10400,10350,534,3,5,21462,235569,18,516
124500,123690,10400,1,2390,29.84,64.57,3871033,2499380,-1371653,8412,10996,2584,6942534,10350,10400,10350,169,2,3,22314,239489,5,164
124500,123690,10350,2,2340,29.21,64.58,3871697,2500368,-1371329,8415,10999,2584,6944186,10350,10400,10350,1821,5,6,22419,239439,669,1152
124600,123690,10400,1,2390,29.84,64.59,3871711,2500878,-1370833,8416,11004,2588,6944710,10400,10400,10350,509,1,3,25021,243887,14,495
124600,123690,10350,2,2340,29.21,64.66,3872105,2503780,-1368325,8422,11008,2586,6948006,10400,10400,10350,3805,7,7,22363,245831,408,3397
124700,123690,10400,1,2390,29.84,64.66,3872106,2503793,-1368313,8423,11010,2587,6948020,10400,10400,10400,5,0,1,22709,247403,0,5
124700,123690,10350,2,2340,29.21,64.67,3872110,2503949,-1368161,8425,11015,2590,6948180,10400,10400,10350,165,2,6,22466,247078,4,161
124800,123690,10400,1,2390,29.84,64.7,3872110,2505288,-1366822,8425,11022,2597,6949519,10400,10400,10400,989,0,3,22262,243012,0,989
124800,123690,10400,1,2390,29.84,65.24,3880465,2531623,-1348842,8429,11053,2624,6984209,10400,10400,10350,35679,4,34,5115,234926,8355,27324
124900,123690,10350,2,2340,29.21,65.23,3881213,2531823,-1349390,8432,11054,2622,6985157,10350,10400,10350,947,2,1,4663,234582,747,200
124900,123690,10350,2,2340,29.21,65.25,3881214,2532440,-1348774,8433,11058,2625,6985775,10350,10400,10350,1565,3,5,6242,236006,748,817
125000,123690,10350,2,2340,29.21,65.27,3881245,2533335,-1347910,8435,11063,2628,6986701,10400,10400,10350,726,2,4,8673,239632,31,695
125000,123690,10400,1,2390,29.84,65.29,3881342,2534179,-1347163,8436,11066,2630,6987642,10400,10400,10350,1667,3,7,7073,230939,128,1539
125100,123690,10400,1,2390,29.84,65.26,3883519,2534221,-1349298,8438,11075,2637,6989861,10400,10400,10350,2219,2,9,7050,230657,2177,42
125100,123690,10400,1,2390,29.84,65.35,3883537,2538077,-1345460,8439,11156,2717,6993735,10400,10400,10350,6093,3,90,3605,234276,2195,3898
125200,123690,10350,2,2340,29.21,65.5,3883538,2543562,-1339976,8440,11173,2733,6999221,10400,10400,10350,5486,1,17,11299,230748,1,5485
125300,123690,10350,2,2340,29.21,65.5,3883649,2543844,-1339805,8444,11175,2731,6999614,10350,10350,10350,0,0,0,16006,230048,0,0
125300,123690,10400,1,2390,29.84,65.5,3883649,2543924,-1339725,8444,11179,2735,6999694,10400,10400,10400,80,0,4,16170,230311,0,80
125400,123690,10400,1,2390,29.84,65.5,3884084,2543993,-1340091,8447,11181,2734,7000198,10400,10400,10400,0,0,0,15262,230178,0,0
125400,123690,10300,2,2290,28.59,65.41,3890137,2544680,-1345457,8455,11193,2738,7006938,10350,10400,10300,6740,8,12,27500,222711,6053,687
125500,123690,10300,2,2290,28.59,65.45,3890424,2546142,-1344282,8465,11207,2742,7008687,10300,10350,10300,14,5,2,32049,230709,5,9
125500,123690,10350,2,2340,29.21,65.41,3892907,2546189,-1346718,8494,11211,2717,7011217,10300,10350,10300,2544,34,6,26753,228115,2488,56
125600,123690,10350,2,2340,29.21,65.41,3893014,2546396,-1346618,8496,11218,2722,7011531,10350,10350,10350,20,0,2,27806,229049,0,20
125600,123690,10350,2,2340,29.21,65.49,3893345,2549826,-1343519,8502,11232,2730,7015292,10350,10350,10300,3781,6,16,25899,232879,331,3450
125700,123690,10400,1,2390,29.84,65.48,3894005,2549973,-1344032,8522,11237,2715,7016099,10400,10400,10400,129,0,4,27126,232846,0,129
125700,123690,10400,1,2390,29.84,65.47,3895159,2550081,-1345078,8529,11240,2711,7017361,10400,10400,10350,1391,7,7,27722,231868,1154,237
125800,123690,10400,1,2390,29.84,65.46,3895559,2550192,-1345367,8555,11243,2688,7017872,10350,10400,10350,61,4,1,30614,233055,51,10
125800,123690,10400,1,2390,29.84,65.46,3895940,2550203,-1345737,8557,11245,2688,7018264,10350,10400,10350,453,6,3,31298,234671,432,21
125900,123690,10350,2,2340,29.21,65.46,3896059,2550416,-1345643,8559,11250,2691,7018596,10350,10350,10350,100,1,0,30302,234056,100,0
125900,123690,10350,2,2340,29.21,65.45,3896995,2550497,-1346498,8562,11252,2690,7019613,10350,10400,10350,1117,4,2,30456,228741,1036,81
130000,123690,10400,1,2390,29.84,65.43,3898330,2550759,-1347571,8566,11256,2690,7021210,10400,10400,10400,131,0,2,31544,228113,0,131
130000,123690,10400,1,2390,29.84,65.46,3898412,2551789,-1346623,8568,11264,2696,7022322,10400,10400,10350,1243,2,10,30524,227282,82,1161
130100,123690,10400,1,2390,29.84,65.52,3898512,2554257,-1344255,8569,11269,2700,7024890,10400,10400,10400,1593,0,1,30674,227906,0,1593
130100,123690,10350,2,2340,29.21,65.52,3898574,2554312,-1344262,8573,11270,2697,7025007,10400,10400,10350,1710,4,2,29527,228929,62,1648
130200,123690,10400,1,2390,29.84,65.53,3898574,2554681,-1343893,8573,11276,2703,7025376,10400,10400,10400,359,0,5,31141,222097,0,359
130200,123690,10400,1,2390,29.84,65.52,3899330,2554726,-1344604,8577,11279,2702,7026177,10400,10400,10350,1160,4,8,31634,222199,756,404
130300,123690,10400,1,2390,29.84,65.52,3899330,2554726,-1344604,8577,11279,2702,7026177,10400,10400,10400,0,0,0,31634,222199,0,0
130300,123690,10350,2,2340,29.21,65.51,3899607,2554731,-1344876,8579,11280,2701,7026459,10400,10400,10350,282,2,1,28949,218790,277,5
130400,123690,10400,1,2390,29.84,65.51,3899612,2554749,-1344863,8580,11282,2702,7026482,10400,10400,10400,5,0,1,29136,220104,0,5
130400,123690,10350,2,2340,29.21,65.46,3903033,2554801,-1348232,8585,11283,2698,7029955,10400,10400,10350,3478,5,2,29079,217021,3421,57
130500,123690,10400,1,2390,29.84,65.46,3903199,2554962,-1348237,8588,11284,2696,7030282,10350,10400,10350,192,2,1,30096,217818,31,161
130500,123690,10400,1,2390,29.84,65.45,3903699,2555086,-1348613,8589,11287,2698,7030906,10350,10400,10350,816,3,4,32160,217586,531,285
130600,123690,10400,1,2390,29.84,65.47,3904168,2556044,-1348124,8590,11292,2702,7032333,10400,10400,10400,957,0,4,31110,217560,0,957
130600,123690,10400,1,2390,29.84,65.47,3904211,2556204,-1348007,8591,11295,2704,7032536,10400,10400,10350,1160,1,7,30127,218611,43,1117
130700,123690,10400,1,2390,29.84,65.49,3904304,2557013,-1347291,8592,11296,2704,7033438,10350,10400,10350,902,1,1,30462,218603,93,809
130700,123690,10400,1,2390,29.84,65.5,3904524,2557379,-1347145,8594,11300,2706,7034024,10350,10400,10350,1488,3,5,29404,217938,313,1175
130800,123690,10400,1,2390,29.84,65.54,3904634,2559151,-1345483,8596,11303,2707,7035906,10400,10400,10350,1782,1,3,28242,217111,10,1772
130800,123690,10350,2,2340,29.21,65.53,3905229,2559151,-1346078,8599,11303,2704,7036501,10400,10400,10350,2377,4,3,26778,218079,605,1772
130900,123690,10350,2,2340,29.21,65.53,3905279,2559151,-1346128,8600,11303,2703,7036551,10350,10350,10350,50,1,0,31978,219368,50,0
130900,123690,10350,2,2340,29.21,65.53,3905319,2559271,-1346048,8602,11304,2702,7036711,10350,10400,10350,210,3,1,37204,219794,90,120
131000,123690,10350,2,2340,29.21,65.53,3905432,2559271,-1346161,8604,11304,2700,7036824,10350,10350,10350,113,2,0,37204,224269,113,0
131100,123690,10400,1,2390,29.84,65.5,3907154,2559296,-1347858,8608,11307,2699,7038571,10400,10400,10400,0,0,0,35774,226283,0,0
131100,123690,10400,1,2390,29.84,65.49,3908412,2559596,-1348816,8612,11308,2696,7040129,10350,10400,10350,1558,4,1,36836,227401,1258,300
131200,123690,10400,1,2390,29.84,65.49,3908930,2559882,-1349048,8615,11312,2697,7040933,10400,10400,10400,141,0,1,36361,228386,0,141
131200,123690,10400,1,2390,29.84,65.5,3909538,2560676,-1348862,8618,11317,2699,7042335,10400,10400,10350,1543,3,6,35175,228825,608,935
131300,123690,10400,1,2390,29.84,65.5,3909538,2560676,-1348862,8618,11317,2699,7042335,10400,10400,10400,0,0,0,35175,228825,0,0
131300,123690,10400,1,2390,29.84,65.52,3909588,2561738,-1347850,8619,11320,2701,7043447,10350,10400,10350,1112,1,3,34152,227929,50,1062
131400,123690,10400,1,2390,29.84,65.57,3909693,2563740,-1345953,8621,11327,2706,7045554,10400,10400,10400,0,0,0,31660,227167,0,0
131400,123690,10400,1,2390,29.84,65.66,3909703,2566942,-1342761,8622,11337,2715,7048766,10400,10400,10350,3212,1,10,29241,229500,10,3202
131500,123690,10350,2,2340,29.21,65.71,3910205,2569356,-1340849,8625,11343,2718,7051682,10350,10350,10350,0,0,0,26354,229341,0,0
131500,123690,10400,1,2390,29.84,65.7,3911132,2569457,-1341675,8633,11345,2712,7052710,10400,10400,10350,1028,8,2,26224,224387,927,101
131600,123690,10400,1,2390,29.84,65.68,3911841,2569458,-1342383,8637,11346,2709,7053420,10350,10400,10350,194,1,1,26924,222985,193,1
131600,123690,10350,2,2340,29.21,65.65,3913615,2569459,-1344156,8644,11347,2703,7055195,10350,10400,10350,1969,8,2,26823,219270,1967,2
131700,123690,10400,1,2390,29.84,65.66,3913760,2569743,-1344017,8647,11349,2702,7055624,10350,10400,10350,369,1,2,26571,220590,85,284
131700,123690,10400,1,2390,29.84,65.6,3917227,2569802,-1347425,8651,11351,2700,7059150,10350,10400,10350,3895,5,4,26829,217764,3552,343
131800,123690,10400,1,2390,29.84,65.6,3918577,2570769,-1347808,8653,11357,2704,7061467,10400,10400,10400,556,0,2,25439,216530,0,556
131800,123690,10400,1,2390,29.84,65.62,3918798,2571400,-1347398,8654,11363,2709,7062319,10400,10400,10350,1408,1,8,25313,217614,221,1187
131900,123690,10400,1,2390,29.84,65.63,3918799,2571738,-1347061,8655,11367,2712,7062658,10400,10400,10400,76,0,1,25853,221241,0,76
131900,123690,10400,1,2390,29.84,65.64,3918849,2572200,-1346649,8656,11370,2714,7063170,10400,10400,10350,588,1,4,25653,221900,50,538
132000,123690,10400,1,2390,29.84,65.65,3918849,2572800,-1346049,8656,11375,2719,7063770,10400,10400,10400,398,0,2,24676,222011,0,398
132000,123690,10400,1,2390,29.84,65.67,3918849,2573351,-1345498,8656,11379,2723,7064321,10400,10400,10400,949,0,6,24616,222541,0,949
132100,123690,10400,1,2390,29.84,65.73,3918860,2575874,-1342986,8658,11390,2732,7066855,10400,10400,10350,1746,2,9,23142,223038,11,1735
132100,123690,10400,1,2390,29.84,65.74,3918860,2576227,-1342633,8658,11395,2737,7067208,10400,10400,10350,2099,2,14,23124,224535,11,2088
132200,123690,10400,1,2390,29.84,65.75,3919860,2577503,-1342357,8659,11399,2740,7069484,10400,10400,10350,2275,1,3,23896,222707,1000,1275
132200,123690,10350,2,2340,29.21,65.75,3920248,2577505,-1342743,8660,11401,2741,7069874,10400,10400,10350,2665,2,5,24346,223838,1388,1277
132300,123690,10400,1,2390,29.84,65.78,3920399,2578845,-1341554,8663,11404,2741,7071365,10350,10400,10350,1491,3,3,23320,234247,151,1340
132300,123690,10400,1,2390,29.84,65.98,3921412,2587363,-1334049,8665,11416,2751,7080896,10350,10400,10350,11022,5,15,18293,235717,1164,9858
132400,123690,10400,1,2390,29.84,66.03,3921412,2589483,-1331929,8665,11435,2770,7083016,10400,10400,10400,1441,0,12,11447,235407,0,1441
132400,123690,10400,1,2390,29.84,66.06,3921412,2590475,-1330937,8665,11446,2781,7084008,10400,10400,10400,2433,0,23,12197,235439,0,2433
132500,123690,10400,1,2390,29.84,66.25,3921412,2597892,-1323520,8665,11458,2793,7091425,10400,10400,10400,7367,0,11,5619,236117,0,7367
132500,123690,10400,1,2390,29.84,66.36,3923842,2603948,-1319894,8667,11476,2809,7099911,10400,10400,10350,15853,2,29,11905,234055,2430,13423
132600,123690,10400,1,2390,29.84,66.44,3923842,2606954,-1316888,8667,11493,2826,7102917,10400,10400,10400,2969,0,15,9009,233003,0,2969
132600,123690,10400,1,2390,29.84,66.58,3927607,2614977,-1312630,8668,11512,2844,7114705,10400,10400,10350,14757,1,34,2239,232572,3765,10992
132700,123690,10400,1,2390,29.84,66.6,3929705,2617029,-1312676,8690,11528,2838,7118855,10400,10400,10350,2498,22,13,23951,232585,2098,400
132700,123690,10350,2,2340,29.21,66.44,3940559,2618085,-1322474,8715,11544,2829,7130765,10400,10400,10300,14408,47,29,27546,223321,12952,1456
132800,123690,10300,2,2290,28.59,66.43,3941273,2618203,-1323070,8741,11546,2805,7131597,10300,10350,10300,832,26,2,33872,244402,714,118
132900,123690,10350,2,2340,29.21,66.5,3943078,2622334,-1320744,8760,11562,2802,7137533,10350,10350,10350,10,0,1,31968,244768,0,10
132900,123690,10300,2,2290,28.59,66.53,3943474,2623418,-1320056,8764,11581,2817,7139013,10350,10350,10300,1490,4,20,36193,246177,396,1094
133000,123690,10350,2,2340,29.21,66.62,3943752,2627142,-1316610,8790,11590,2800,7143015,10350,10350,10300,3683,4,4,36489,246292,64,3619
133000,123690,10350,2,2340,29.21,66.66,3944016,2628947,-1315069,8795,11606,2811,7145084,10350,10400,10300,5752,9,20,38385,246348,328,5424
133100,123690,10350,2,2340,29.21,66.73,3944316,2631864,-1312452,8796,11622,2826,7148301,10350,10350,10350,655,0,4,37821,246440,0,655
133100,123690,10350,2,2340,29.21,66.75,3945406,2633499,-1311907,8809,11634,2825,7151026,10350,10400,10300,3380,13,16,37526,249283,1090,2290
133200,123690,10350,2,2340,29.21,66.81,3945406,2636090,-1309316,8809,11653,2844,7153617,10350,10350,10350,0,0,0,41680,249186,0,0
133200,123690,10300,2,2290,28.59,66.81,3947011,2636857,-1310154,8841,11662,2821,7155989,10350,10350,10300,2372,32,9,42151,255787,1605,767
133300,123690,10400,1,2390,29.84,66.89,3947030,2640144,-1306886,8860,11668,2808,7159295,10400,10400,10400,196,0,2,46331,258178,0,196
133300,123690,10300,2,2290,28.59,66.83,3950650,2640244,-1310406,8866,11669,2803,7163015,10400,10400,10300,3916,6,3,48413,257469,3620,296
133400,123690,10300,2,2290,28.59,66.77,3954551,2640469,-1314082,8879,11674,2795,7167141,10300,10300,10300,3880,2,0,44477,254536,3880,0
133400,123690,10300,2,2290,28.59,66.6,3964866,2640527,-1324339,8907,11676,2769,7177514,10300,10350,10300,14253,30,2,45701,229005,14195,58
133500,123690,10300,2,2290,28.59,66.59,3965454,2640627,-1324827,8919,11679,2760,7178202,10350,10350,10300,225,1,2,52078,251975,126,99
133500,123690,10350,2,2340,29.21,66.61,3965455,2641516,-1323939,8920,11685,2765,7179092,10350,10350,10300,1115,2,8,51616,252883,127,988
133600,123690,10300,2,2290,28.59,66.63,3965456,2642130,-1323326,8921,11691,2770,7179707,10350,10350,10300,3,1,1,51573,246859,1,2
133600,123690,10300,2,2290,28.59,66.61,3967091,2642301,-1324790,8929,11694,2765,7181513,10350,10350,10300,1809,9,4,53415,248444,1636,173
133700,123690,10350,2,2340,29.21,66.68,3967432,2645318,-1322114,8933,11697,2764,7184871,10350,10350,10300,749,2,2,51867,252868,241,508
133700,123690,10350,2,2340,29.21,66.64,3969515,2645461,-1324054,8937,11702,2765,7187097,10350,10350,10300,2975,6,7,51079,252385,2324,651
133800,123690,10350,2,2340,29.21,66.73,3969515,2648794,-1320721,8937,11722,2785,7190430,10350,10350,10350,2587,0,15,49409,253524,0,2587
133800,123690,10350,2,2340,29.21,66.77,3969597,2650369,-1319228,8941,11735,2794,7192087,10350,10350,10300,4244,4,28,48092,252717,82,4162
133900,123690,10350,2,2340,29.21,66.77,3970659,2651353,-1319306,8944,11744,2800,7194133,10350,10350,10350,2037,3,8,53414,253307,1062,975
133900,123690,10350,2,2340,29.21,66.75,3972881,2651776,-1321105,8947,11752,2805,7196778,10350,10350,10300,4682,6,16,54791,249552,3284,1398
134000,123690,10350,2,2340,29.21,66.75,3972882,2652068,-1320814,8948,11755,2807,7197071,10350,10350,10300,293,1,3,55353,249411,1,292
134000,123690,10350,2,2340,29.21,66.74,3973882,2652339,-1321543,8949,11762,2813,7198342,10350,10350,10300,1564,2,10,58254,253618,1001,563
134100,123690,10350,2,2340,29.21,66.88,3973986,2657845,-1316141,8951,11770,2819,7203952,10350,10350,10300,930,2,5,53393,253724,104,826
134100,123690,10350,2,2340,29.21,66.88,3974088,2658002,-1316086,8952,11774,2822,7204211,10350,10400,10300,1189,3,9,53942,254824,206,983
134200,123690,10350,2,2340,29.21,66.88,3975083,2658440,-1316643,8959,11777,2818,7205644,10300,10400,10300,1433,7,3,54067,255844,995,438
134200,123690,10350,2,2340,29.21,66.89,3975083,2658747,-1316336,8959,11782,2823,7205951,10300,10400,10300,1740,7,8,54288,255812,995,745
134300,123690,10400,1,2390,29.84,66.91,3975083,2659601,-1315482,8959,11789,2830,7206805,10350,10400,10350,854,0,7,54328,258140,0,854
134300,123690,10400,1,2390,29.84,66.92,3975292,2660143,-1315149,8960,11792,2832,7207556,10350,10400,10350,1605,1,10,54031,257868,209,1396
134400,123690,10400,1,2390,29.84,66.92,3975402,2660229,-1315173,8961,11794,2833,7207752,10400,10400,10350,196,1,2,54277,259982,110,86
134500,123690,10400,1,2390,29.84,66.92,3975453,2660331,-1315122,8963,11798,2835,7207905,10400,10400,10400,0,0,0,54407,256587,0,0
134500,123690,10400,1,2390,29.84,66.93,3975481,2660596,-1314885,8964,11805,2841,7208198,10350,10400,10350,293,1,7,53673,257215,28,265
134600,123690,10400,1,2390,29.84,66.93,3975481,2660596,-1314885,8964,11805,2841,7208198,10400,10400,10400,0,0,0,53673,257215,0,0
134600,123690,10350,2,2340,29.21,66.92,3976080,2660644,-1315436,8967,11808,2841,7208845,10400,10400,10350,647,3,3,51518,254628,599,48
134700,123690,10400,1,2390,29.84,66.99,3976080,2663769,-1312311,8967,11811,2844,7211970,10400,10400,10400,0,0,0,49288,254641,0,0
134700,123690,10350,2,2340,29.21,66.99,3976291,2663846,-1312445,8974,11813,2839,7212258,10350,10400,10350,288,7,2,49049,254432,211,77
134800,123690,10400,1,2390,29.84,67.01,3976437,2664673,-1311764,8978,11816,2838,7213231,10350,10400,10350,55,1,1,45890,254600,54,1
134800,123690,10400,1,2390,29.84,67.0,3977337,2664860,-1312477,8982,11820,2838,7214318,10350,10400,10350,1142,5,5,45255,255231,954,188
134900,123690,10400,1,2390,29.84,67.0,3977344,2664879,-1312465,8983,11824,2841,7214344,10400,10400,10400,15,0,1,45228,258455,0,15
134900,123690,10350,2,2340,29.21,66.86,3987235,2665935,-1321300,8986,11827,2841,7225291,10400,10400,10350,10962,3,4,46758,248237,9891,1071
135000,123690,10350,2,2340,29.21,66.97,3988243,2670736,-1317507,8991,11830,2839,7231100,10350,10350,10350,300,1,0,44487,252057,300,0
135000,123690,10400,1,2390,29.84,66.95,3989113,2670873,-1318240,8995,11834,2839,7232107,10350,10400,10350,1307,5,4,44065,252319,1170,137
135100,123690,10400,1,2390,29.84,67.01,3989197,2673034,-1316163,8996,11842,2846,7234352,10400,10400,10400,1833,0,3,42021,255526,0,1833
135100,123690,10350,2,2340,29.21,67.02,3989314,2673795,-1315519,8998,11847,2849,7235230,10400,10400,10350,2711,2,8,41312,257886,117,2594
135200,123690,10350,2,2340,29.21,67.03,3989423,2674189,-1315234,9000,11849,2849,7235733,10400,10400,10350,109,1,1,41180,258080,108,1
135200,123690,10350,2,2340,29.21,67.03,3989884,2674316,-1315568,9003,11851,2848,7236321,10400,10400,10350,697,4,3,41347,253049,569,128
135300,123690,10350,2,2340,29.21,67.02,3990213,2674316,-1315897,9006,11851,2845,7236650,10350,10350,10350,309,2,0,41058,254532,309,0
135300,123690,10350,2,2340,29.21,67.02,3990312,2674418,-1315894,9008,11854,2846,7236851,10350,10400,10350,510,4,3,40974,254176,408,102
135400,123690,10350,2,2340,29.21,67.01,3990998,2674418,-1316580,9010,11854,2844,7237537,10350,10350,10350,686,2,0,41603,254202,686,0
135400,123690,10350,2,2340,29.21,67.0,3991761,2674419,-1317342,9016,11855,2839,7238301,10350,10400,10350,1450,8,1,41588,253132,1449,1
135500,123690,10400,1,2390,29.84,67.0,3991765,2674523,-1317242,9018,11856,2838,7238409,10400,10400,10400,104,0,1,41112,252241,0,104
135500,123690,10400,1,2390,29.84,67.0,3992364,2674964,-1317400,9019,11858,2839,7239449,10400,10400,10350,1144,1,3,40616,251483,599,545
135600,123690,10350,2,2340,29.21,66.98,3993717,2674964,-1318753,9024,11858,2834,7240802,10350,10350,10350,1353,5,0,40487,249189,1353,0
135600,123690,10350,2,2340,29.21,66.98,3993922,2674964,-1318958,9027,11858,2831,7241007,10350,10350,10350,1558,8,0,40307,250687,1558,0
135700,123690,10350,2,2340,29.21,66.97,3994082,2674964,-1319118,9030,11858,2828,7241167,10350,10350,10350,160,3,0,41111,257078,160,0
135700,123690,10350,2,2340,29.21,66.97,3994580,2675122,-1319458,9034,11860,2826,7241823,10350,10400,10350,816,7,2,40855,257051,658,158
135800,123690,10350,2,2340,29.21,66.97,3994584,2675179,-1319405,9035,11861,2826,7241884,10350,10350,10350,4,1,0,40967,257300,4,0
135800,123690,10400,1,2390,29.84,67.21,3995749,2685521,-1310228,9039,11866,2827,7253391,10350,10400,10350,11511,5,5,31217,257505,1169,10342
135900,123690,10350,2,2340,29.21,67.61,3995868,2701706,-1294162,9041,11887,2846,7269695,10400,10400,10350,16255,2,20,14956,256866,119,16136
135900,123690,10400,1,2390,29.84,67.76,3996039,2707845,-1288194,9044,11908,2864,7276005,10400,10400,10350,22565,5,41,9671,254352,290,22275
140000,123690,10400,1,2390,29.84,67.85,3996039,2711262,-1284777,9044,11922,2878,7279422,10400,10400,10400,3416,0,13,6400,256861,0,3416
140100,123690,10300,2,2290,28.59,67.62,4026691,2722738,-1303953,9051,11950,2899,7321550,10300,10300,10300,4,1,0,20378,227332,4,0
140100,123690,10350,2,2340,29.21,67.75,4027353,2728600,-1298753,9064,11965,2901,7328074,10300,10350,10300,6528,14,15,23047,242053,666,5862
140200,123690,10350,2,2340,29.21,67.74,4029399,2729600,-1299799,9074,11966,2892,7331120,10350,10350,10350,0,0,0,23951,260500,0,0
140200,123690,10350,2,2340,29.21,67.74,4029677,2729759,-1299918,9077,11971,2894,7331557,10400,10400,10350,437,3,5,24895,259761,278,159
140300,123690,10350,2,2340,29.21,67.72,4030813,2729760,-1301053,9081,11972,2891,7332694,10350,10350,10350,0,0,0,24894,259003,0,0
140300,123690,10350,2,2340,29.21,67.7,4031889,2729785,-1302104,9086,11974,2888,7333795,10350,10400,10350,1101,5,2,26662,258025,1076,25
140400,123690,10300,2,2290,28.59,67.69,4032661,2729869,-1302792,9090,11977,2887,7334651,10300,10300,10300,63,1,0,35198,257280,63,0
140400,123690,10350,2,2340,29.21,67.76,4032721,2732632,-1300089,9092,11988,2896,7337474,10300,10400,10300,2886,3,11,35396,256966,123,2763
140500,123690,10350,2,2340,29.21,67.77,4032722,2733151,-1299571,9093,11994,2901,7337994,10350,10350,10350,6,0,1,38743,257361,0,6
140500,123690,10300,2,2290,28.59,67.79,4032806,2733851,-1298955,9096,12000,2904,7338778,10350,10350,10300,790,3,7,41115,257992,84,706
140600,123690,10350,2,2340,29.21,67.85,4032808,2736336,-1296472,9098,12006,2908,7341265,10350,10350,10350,2421,0,4,36331,258319,0,2421
140600,123690,10350,2,2340,29.21,67.85,4034153,2737005,-1297148,9100,12009,2909,7343279,10350,10400,10350,4435,2,7,35373,260313,1345,3090
140700,123690,10350,2,2340,29.21,67.86,4034242,2737815,-1296427,9104,12014,2910,7344178,10300,10350,10300,40,1,1,35092,258775,1,39
140700,123690,10350,2,2340,29.21,67.87,4034242,2737925,-1296317,9104,12018,2914,7344288,10300,10350,10300,150,1,5,35533,252792,1,149
140800,123690,10350,2,2340,29.21,67.88,4034432,2738636,-1295796,9106,12023,2917,7345189,10300,10350,10300,558,2,2,37529,252769,190,368
140800,123690,10350,2,2340,29.21,67.88,4034652,2738766,-1295886,9109,12028,2919,7345539,10300,10350,10300,908,5,7,38377,252549,410,498
140900,123690,10300,2,2290,28.59,67.88,4034842,2738776,-1296066,9112,12029,2917,7345739,10300,10300,10300,190,3,0,38494,252320,190,0
140900,123690,10350,2,2340,29.21,67.88,4035042,2739101,-1295941,9113,12034,2921,7346264,10300,10350,10300,715,4,5,37864,256229,390,325
141000,123690,10350,2,2340,29.21,67.87,4035611,2739102,-1296509,9116,12035,2919,7346834,10300,10350,10300,570,3,1,38426,255157,569,1
141000,123690,10300,2,2290,28.59,67.88,4036072,2739634,-1296438,9137,12040,2903,7347827,10300,10350,10300,1563,24,6,38097,256086,1030,533
141100,123690,10300,2,2290,28.59,67.88,4037287,2740378,-1296909,9155,12052,2897,7349786,10300,10350,10300,1248,16,6,38855,255933,770,478
141100,123690,10300,2,2290,28.59,67.88,4037317,2740393,-1296924,9166,12054,2888,7349831,10300,10350,10300,1293,27,8,39012,258793,800,493
141200,123690,10300,2,2290,28.59,67.88,4037406,2740444,-1296962,9172,12057,2885,7349971,10300,10350,10300,79,2,3,39271,257280,28,51
141200,123690,10350,2,2340,29.21,67.9,4037599,2741665,-1295934,9173,12068,2895,7351385,10300,10350,10300,1493,3,14,39968,258048,221,1272
141300,123690,10350,2,2340,29.21,67.92,4038229,2742601,-1295628,9175,12082,2907,7352951,10350,10350,10300,1314,2,11,41219,257922,630,684
141300,123690,10350,2,2340,29.21,67.95,4038430,2744255,-1294175,9177,12095,2918,7354806,10350,10350,10300,3169,4,24,40297,263488,831,2338
141400,123690,10350,2,2340,29.21,68.05,4038880,2748513,-1290367,9180,12104,2924,7359514,10350,10400,10300,4180,3,7,36755,262290,450,3730
141400,123690,10350,2,2340,29.21,68.09,4038880,2750107,-1288773,9180,12119,2939,7361108,10350,10400,10300,5774,3,22,36711,263418,450,5324
141500,123690,10400,1,2390,29.84,68.09,4039008,2750256,-1288752,9183,12122,2939,7361385,10400,10400,10350,277,3,3,36362,255595,128,149
141500,123690,10350,2,2340,29.21,68.08,4040329,2750653,-1289676,9188,12125,2937,7363103,10400,10400,10350,1995,8,6,35368,260811,1449,546
141600,123690,10350,2,2340,29.21,68.08,4042758,2752483,-1290275,9190,12138,2948,7367362,10350,10350,10350,4258,2,12,36393,260976,2429,1829
141700,123690,10400,1,2390,29.84,68.12,4042760,2754000,-1288760,9191,12151,2960,7368881,10400,10400,10400,2,0,1,34720,257802,0,2
141700,123690,10350,2,2340,29.21,68.12,4043055,2754132,-1288923,9195,12155,2960,7369308,10400,10400,10350,429,4,5,34786,248096,295,134
141800,123690,10350,2,2340,29.21,68.12,4043279,2754232,-1289047,9199,12156,2957,7369632,10350,10350,10350,0,0,0,35148,249331,0,0
141800,123690,10350,2,2340,29.21,67.95,4053549,2754375,-1299174,9205,12161,2956,7380045,10350,10350,10300,10413,6,5,39653,242085,10270,143
141900,123690,10300,2,2290,28.59,67.94,4053858,2754376,-1299482,9209,12162,2953,7380355,10300,10300,10300,3,2,0,44247,241679,3,0
141900,123690,10350,2,2340,29.21,68.28,4054445,2768174,-1286271,9213,12180,2967,7394740,10300,10350,10300,14388,6,18,46079,240537,590,13798
142000,123690,10200,2,2190,27.34,67.04,4130763,2769101,-1361662,9247,12194,2947,7471985,10300,10300,10200,50120,17,1,52386,160208,49839,281
142000,123690,10150,2,2140,26.72,66.97,4155439,2782863,-1372576,9311,12269,2958,7510423,10300,10300,10150,88558,81,76,52346,173362,74515,14043
142100,123690,10200,2,2190,27.34,67.03,4161016,2789318,-1371698,9337,12292,2955,7522455,10250,10250,10200,3576,8,7,54524,180773,2150,1426
142100,123690,10150,2,2140,26.72,66.83,4178631,2792427,-1386204,9385,12302,2917,7543179,10250,10250,10150,24300,56,17,60228,176004,19765,4535
142200,123690,10200,2,2190,27.34,66.89,4184365,2799072,-1385293,9415,12321,2906,7555558,10200,10200,10150,4542,6,12,60589,186453,2666,1876
142200,123690,10250,2,2240,27.97,67.05,4187160,2807641,-1379519,9428,12332,2904,7566922,10200,10300,10150,15906,19,23,57046,182872,5461,10445
142300,123690,10300,2,2290,28.59,67.08,4187330,2808769,-1378561,9436,12342,2906,7568220,10300,10300,10300,790,0,3,61663,187334,0,790
142300,123690,10250,2,2240,27.97,67.15,4188153,2812386,-1375767,9440,12346,2906,7572660,10300,10300,10250,5230,4,7,58689,198529,823,4407
142400,123690,10300,2,2290,28.59,67.3,4188253,2818749,-1369504,9441,12381,2940,7579123,10300,10300,10300,3317,0,25,57982,205395,0,3317
142400,123690,10350,2,2340,29.21,67.36,4188309,2821122,-1367187,9446,12396,2950,7581552,10300,10350,10300,5746,5,40,61942,182630,56,5690
142500,123690,10300,2,2290,28.59,67.4,4188453,2823071,-1365382,9459,12407,2948,7583645,10350,10350,10300,134,4,1,64277,190548,34,100
142500,123690,10250,2,2240,27.97,67.23,4199995,2823748,-1376247,9469,12417,2948,7595864,10350,10350,10250,12353,14,11,75773,174449,11576,777
142600,123690,10300,2,2290,28.59,67.25,4200682,2825131,-1375551,9490,12434,2944,7597934,10300,10300,10250,1554,4,13,68952,184208,225,1329
142600,123690,10300,2,2290,28.59,67.29,4200682,2826645,-1374037,9490,12453,2963,7599448,10300,10300,10250,3068,4,32,64150,175712,225,2843
142700,123690,10300,2,2290,28.59,67.32,4206162,2831590,-1374572,9499,12464,2965,7609873,10350,10350,10300,5510,9,1,63674,172524,5480,30
142700,123690,10300,2,2290,28.59,67.34,4207651,2833331,-1374320,9503,12486,2983,7613103,10350,10350,10250,8740,13,23,62742,175807,6969,1771
142800,123690,10350,2,2340,29.21,67.47,4207866,2839247,-1368619,9506,12494,2988,7619234,10350,10350,10300,3861,3,6,57407,179416,215,3646
142800,123690,10300,2,2290,28.59,67.45,4209727,2839378,-1370349,9514,12500,2986,7621226,10350,10350,10300,5853,11,12,59626,179419,2076,3777
142900,123690,10350,2,2340,29.21,67.44,4210044,2839393,-1370651,9519,12506,2987,7621558,10350,10350,10300,53,1,5,59701,179141,39,14
142900,123690,10350,2,2340,29.21,67.75,4210100,2852219,-1357881,9521,12517,2996,7634440,10350,10350,10300,12935,3,16,49033,178509,95,12840
143000,123690,10350,2,2340,29.21,67.88,4210100,2857918,-1352182,9521,12551,3030,7640139,10350,10350,10350,4020,0,28,51590,180249,0,4020
143000,123690,10350,2,2340,29.21,68.01,4212100,2864684,-1347416,9522,12567,3045,7648905,10350,10350,10300,12786,1,44,54238,180787,2000,10786
143100,123690,10400,1,2390,29.84,68.15,4214524,2872216,-1342308,9526,12586,3060,7658861,10350,10400,10350,9646,4,18,46889,190192,2424,7222
143200,123690,10350,2,2340,29.21,67.93,4229179,2872937,-1356242,9529,12599,3070,7674237,10350,10350,10350,0,0,0,67777,175851,0,0
143200,123690,10300,2,2290,28.59,68.07,4229613,2879249,-1350364,9533,12615,3082,7680983,10350,10350,10300,6746,4,16,63424,177477,434,6312
143300,123690,10350,2,2340,29.21,68.18,4229613,2883650,-1345963,9533,12629,3096,7685384,10350,10350,10350,2,0,1,66539,178243,0,2
143300,123690,10350,2,2340,29.21,68.32,4230780,2890537,-1340243,9534,12646,3112,7693438,10350,10350,10300,8056,1,18,62243,184124,1167,6889
143400,123690,10350,2,2340,29.21,68.34,4233649,2893267,-1340382,9541,12655,3114,7699037,10350,10350,10350,5,0,2,63258,179722,0,5
143400,123690,10350,2,2340,29.21,68.35,4233652,2893527,-1340125,9542,12662,3120,7699300,10350,10350,10300,268,1,9,63270,181619,3,265
143500,123690,10400,1,2390,29.84,68.45,4234155,2898333,-1335822,9544,12672,3128,7704609,10350,10400,10350,2312,1,3,59179,179101,500,1812
143500,123690,10300,2,2290,28.59,68.43,4235896,2898616,-1337280,9548,12681,3133,7706633,10350,10400,10300,4336,5,12,63817,178959,2241,2095
143600,123690,10300,2,2290,28.59,68.45,4235916,2899311,-1336605,9549,12690,3141,7707348,10350,10350,10300,491,1,4,61547,185660,20,471
143600,123690,10350,2,2340,29.21,68.46,4235924,2900017,-1335907,9551,12697,3146,7708062,10350,10350,10300,1205,3,11,54925,179616,28,1177
143700,123690,10300,2,2290,28.59,68.44,4237387,2900194,-1337193,9555,12703,3148,7709702,10350,10350,10300,107,1,1,57050,179086,100,7
143700,123690,10350,2,2340,29.21,68.45,4237587,2900546,-1337041,9557,12708,3151,7710254,10350,10350,10300,659,3,6,59420,180532,300,359
143800,123690,10300,2,2290,28.59,68.46,4237737,2901116,-1336621,9558,12716,3158,7710974,10350,10350,10300,251,1,2,60076,178609,150,101
143800,123690,10350,2,2340,29.21,68.47,4237918,2901723,-1336195,9559,12721,3162,7711762,10350,10350,10300,1039,2,7,58992,178973,331,708
143900,123690,10300,2,2290,28.59,68.42,4241518,2901985,-1339533,9566,12727,3161,7715624,10350,10350,10300,3657,6,3,59869,177173,3406,251
143900,123690,10250,2,2240,27.97,68.15,4258611,2902076,-1356535,9588,12730,3142,7732808,10350,10350,10250,20841,28,6,64093,170205,20499,342
144000,123690,10300,2,2290,28.59,67.98,4269042,2902186,-1366856,9611,12740,3129,7743349,10300,10300,10250,1894,3,5,62846,167604,1790,104
144000,123690,10300,2,2290,28.59,67.97,4270290,2902645,-1367645,9616,12749,3133,7745056,10300,10300,10250,3601,8,14,70352,170857,3038,563
144100,123690,10300,2,2290,28.59,67.98,4270896,2903257,-1367639,9623,12751,3128,7746274,10250,10300,10250,723,6,1,69703,171574,596,127
144100,123690,10300,2,2290,28.59,67.98,4271186,2903359,-1367827,9625,12755,3130,7746666,10250,10300,10250,1115,8,5,68326,175574,886,229
144200,123690,10300,2,2290,28.59,67.95,4273456,2903702,-1369754,9627,12766,3139,7749279,10250,10300,10250,2602,2,8,68540,173938,2270,332
144200,123690,10250,2,2240,27.97,67.83,4281799,2904474,-1377325,9642,12772,3130,7758394,10250,10300,10250,11717,17,14,68468,168562,10613,1104
144300,123690,10250,2,2240,27.97,67.81,4285333,2905770,-1379563,9659,12790,3131,7763224,10250,10300,10200,2762,12,9,65574,172038,2678,84
144300,123690,10300,2,2290,28.59,67.88,4285387,2908991,-1376396,9661,12795,3134,7766499,10250,10300,10200,6037,14,14,64731,178317,2732,3305
144400,123690,10250,2,2240,27.97,67.95,4287435,2913126,-1374309,9670,12819,3149,7772682,10250,10300,10250,4108,7,20,63259,171799,2018,2090
144400,123690,10300,2,2290,28.59,67.95,4287651,2913657,-1373994,9674,12822,3148,7773429,10250,10300,10250,4855,11,23,63205,168511,2234,2621
144500,123690,10250,2,2240,27.97,67.94,4288683,2913834,-1374849,9678,12831,3153,7774638,10300,10300,10250,1209,4,9,63276,171711,1032,177
144500,123690,10300,2,2290,28.59,67.87,4293433,2913858,-1379575,9687,12837,3150,7779412,10300,10300,10250,5983,13,15,64041,164609,5782,201
144600,123690,10300,2,2290,28.59,67.89,4293439,2914895,-1378544,9690,12842,3152,7780455,10250,10300,10250,1043,3,5,64178,170568,6,1037
144700,123690,10250,2,2240,27.97,67.73,4303528,2914918,-1388610,9695,12846,3151,7790567,10250,10250,10250,0,0,0,63635,160652,0,0
144700,123690,10300,2,2290,28.59,67.73,4304115,2915022,-1389093,9702,12850,3148,7791258,10250,10300,10250,691,7,4,64018,167167,587,104
144800,123690,10300,2,2290,28.59,67.73,4304209,2915371,-1388838,9703,12860,3157,7791701,10300,10300,10300,245,0,6,64301,163713,0,245
144800,123690,10250,2,2240,27.97,67.73,4305858,2916404,-1389454,9708,12872,3164,7794383,10300,10300,10250,2927,5,18,64409,170724,1649,1278
144900,123690,10300,2,2290,28.59,67.7,4309255,2917258,-1391997,9716,12883,3167,7798634,10300,10300,10300,11,0,1,64061,167185,0,11
144900,123690,10250,2,2240,27.97,67.69,4309981,2917287,-1392694,9725,12891,3166,7799389,10300,10300,10250,766,9,9,64328,166673,726,40
145000,123690,10300,2,2290,28.59,67.73,4310950,2919710,-1391240,9731,12920,3189,7802781,10300,10300,10300,1798,0,12,62271,164900,0,1798
145000,123690,10300,2,2290,28.59,67.71,4312855,2920199,-1392656,9736,12940,3204,7805175,10300,10300,10250,4192,5,32,65279,162669,1905,2287
145100,123690,10250,2,2240,27.97,67.71,4313122,2920612,-1392510,9740,12958,3218,7805855,10300,10300,10250,423,2,7,64088,163989,156,267
145100,123690,10300,2,2290,28.59,67.75,4316028,2924217,-1391811,9747,12987,3240,7812366,10300,10300,10250,6934,9,36,63250,161901,3062,3872
145200,123690,10300,2,2290,28.59,67.76,4318612,2926234,-1392378,9752,13005,3253,7816967,10300,10300,10250,3501,3,7,60221,161984,1495,2006
145200,123690,10250,2,2240,27.97,67.75,4319627,2926741,-1392886,9760,13025,3265,7818489,10300,10300,10250,5023,11,27,61683,163047,2510,2513
145300,123690,10300,2,2290,28.59,68.17,4320040,2944778,-1375262,9762,13047,3285,7836939,10300,10400,10300,18179,1,13,50694,166622,343,17836
145300,123690,10350,2,2340,29.21,68.18,4320155,2945394,-1374761,9765,13067,3302,7837670,10300,10400,10300,18910,4,33,61863,163691,458,18452
145400,123690,10350,2,2340,29.21,68.21,4320225,2946760,-1373465,9770,13081,3311,7839106,10350,10350,10300,240,3,6,61246,176257,60,180
145400,123690,10350,2,2340,29.21,68.25,4320275,2948528,-1371747,9771,13094,3323,7840924,10350,10350,10300,2058,4,19,60163,176695,110,1948
145500,123690,10350,2,2340,29.21,68.3,4320979,2951333,-1369646,9773,13109,3336,7844433,10350,10350,10300,905,1,4,57551,177139,50,855
145500,123690,10350,2,2340,29.21,68.34,4321033,2952853,-1368180,9775,13123,3348,7846007,10350,10350,10300,2479,3,18,56147,176726,104,2375
145600,123690,10350,2,2340,29.21,68.39,4321260,2955463,-1365797,9779,13133,3354,7848844,10350,10350,10300,2583,2,9,53772,175821,23,2560
145600,123690,10300,2,2290,28.59,68.14,4340929,2958104,-1382825,9786,13150,3364,7871154,10350,10350,10250,24893,9,26,58176,161874,19692,5201
145700,123690,10300,2,2290,28.59,68.1,4344062,2958226,-1385836,9791,13155,3364,7874409,10250,10300,10250,3235,4,5,61457,170814,3113,122
145700,123690,10250,2,2240,27.97,68.13,4344183,2959776,-1384407,9795,13169,3374,7876080,10250,10300,10250,4906,8,19,59487,174964,3234,1672
145800,123690,10350,2,2340,29.21,68.18,4345585,2962743,-1382842,9797,13180,3383,7880449,10250,10350,10250,3023,2,5,56553,172684,1402,1621
145800,123690,10300,2,2290,28.59,68.17,4347459,2963495,-1383964,9806,13186,3380,7883075,10250,10350,10250,5649,11,11,58155,175233,3276,2373
145900,123690,10300,2,2290,28.59,68.16,4348288,2963831,-1384457,9813,13196,3383,7884240,10300,10350,10300,981,7,7,59210,178364,829,152
145900,123690,10350,2,2340,29.21,68.41,4348703,2974792,-1373911,9817,13216,3399,7895616,10300,10400,10300,12357,11,27,49547,186397,1244,11113
150000,123690,10400,1,2390,29.84,68.42,4349263,2975637,-1373626,9824,13232,3408,7897021,10350,10400,10350,1395,7,15,63304,191184,560,835
150100,123690,10400,1,2390,29.84,68.44,4349891,2977037,-1372854,9832,13264,3432,7899049,10400,10400,10400,1,0,1,61978,193948,0,1
150100,123690,10400,1,2390,29.84,68.66,4350505,2987132,-1363373,9835,13301,3466,7909758,10400,10400,10350,10710,3,38,53494,174627,614,10096
150200,123690,10400,1,2390,29.84,69.31,4350605,3015334,-1335271,9836,13383,3547,7938060,10400,10400,10400,1536,0,7,30286,173220,0,1536
150200,123690,10400,1,2390,29.84,69.45,4350909,3021698,-1329211,9839,13419,3580,7944728,10400,10400,10350,8204,3,43,29444,176153,304,7900
150300,123690,10400,1,2390,29.84,69.44,4352109,3022222,-1329887,9842,13429,3587,7946452,10400,10400,10400,101,0,2,30280,174701,0,101
150300,123690,10400,1,2390,29.84,70.18,4352245,3054197,-1298048,9846,13487,3641,7978563,10400,10400,10350,32212,4,60,0,229341,136,32076
150400,123690,10400,1,2390,29.84,70.16,4352909,3054197,-1298712,9853,13487,3634,7979227,10400,10400,10400,0,0,0,0,241741,0,0
150400,123690,10400,1,2390,29.84,70.16,4353468,3054197,-1299271,9862,13487,3625,7979786,10400,10400,10400,559,9,0,0,244397,559,0
150500,123690,10400,1,2390,29.84,70.15,4353793,3054197,-1299596,9868,13487,3619,7980111,10400,10400,10400,0,0,0,0,250065,0,0
150500,123690,10400,1,2390,29.84,70.15,4353793,3054197,-1299596,9868,13487,3619,7980111,10400,10400,10400,0,0,0,0,250065,0,0
150600,123690,10400,1,2390,29.84,70.15,4354094,3054197,-1299897,9871,13487,3616,7980412,10400,10400,10400,1,1,0,0,244972,1,0
150600,123690,10400,1,2390,29.84,70.12,4355712,3054197,-1301515,9881,13487,3606,7982030,10400,10400,10400,1619,11,0,0,249167,1619,0
150700,123690,10400,1,2390,29.84,70.12,4355872,3054197,-1301675,9887,13487,3600,7982190,10400,10400,10400,8,3,0,0,249586,8,0
150700,123690,10400,1,2390,29.84,70.12,4355912,3054197,-1301715,9890,13487,3597,7982230,10400,10400,10400,48,6,0,0,245926,48,0
150800,123690,10400,1,2390,29.84,70.11,4356039,3054197,-1301842,9893,13487,3594,7982357,10400,10400,10400,6,1,0,0,245811,6,0
150800,123690,10400,1,2390,29.84,70.11,4356039,3054197,-1301842,9893,13487,3594,7982357,10400,10400,10400,6,1,0,0,245811,6,0
150900,123690,10400,1,2390,29.84,70.11,4356049,3054197,-1301852,9895,13487,3592,7982367,10400,10400,10400,10,2,0,0,246635,10,0
150900,123690,10400,1,2390,29.84,70.11,4356110,3054197,-1301913,9898,13487,3589,7982428,10400,10400,10400,71,5,0,0,242624,71,0
151000,123690,10400,1,2390,29.84,70.11,4356146,3054197,-1301949,9903,13487,3584,7982464,10400,10400,10400,2,2,0,0,244205,2,0
151000,123690,10400,1,2390,29.84,70.11,4356320,3054197,-1302123,9907,13487,3580,7982638,10400,10400,10400,176,6,0,0,247983,176,0
151100,123690,10400,1,2390,29.84,70.11,4356522,3054197,-1302325,9910,13487,3577,7982840,10400,10400,10400,1,1,0,0,258505,1,0
151100,123690,10400,1,2390,29.84,70.11,4356523,3054197,-1302326,9911,13487,3576,7982841,10400,10400,10400,2,2,0,0,257401,2,0
151200,123690,10400,1,2390,29.84,70.1,4356658,3054197,-1302461,9914,13487,3573,7982976,10400,10400,10400,135,3,0,0,255636,135,0
151200,123690,10400,1,2390,29.84,70.1,4357061,3054197,-1302864,9917,13487,3570,7983379,10400,10400,10400,538,6,0,0,250450,538,0
151300,123690,10400,1,2390,29.84,70.09,4357230,3054197,-1303033,9924,13487,3563,7983548,10400,10400,10400,169,7,0,0,248939,169,0
151300,123690,10400,1,2390,29.84,70.09,4357845,3054197,-1303648,9928,13487,3559,7984163,10400,10400,10400,784,11,0,0,240970,784,0
151400,123690,10400,1,2390,29.84,70.08,4358462,3054197,-1304265,9934,13487,3553,7984780,10400,10400,10400,617,6,0,0,239831,617,0
151500,123690,10400,1,2390,29.84,70.07,4358523,3054197,-1304326,9936,13487,3551,7984841,10400,10400,10400,0,0,0,0,239628,0,0
151500,123690,10400,1,2390,29.84,70.06,4359269,3054197,-1305072,9943,13487,3544,7985587,10400,10400,10400,746,7,0,0,239539,746,0
151600,123690,10400,1,2390,29.84,70.06,4359317,3054197,-1305120,9945,13487,3542,7985635,10400,10400,10400,48,2,0,0,235720,48,0
151600,123690,10400,1,2390,29.84,70.06,4359327,3054197,-1305130,9946,13487,3541,7985645,10400,10400,10400,58,3,0,0,237715,58,0
151700,123690,10400,1,2390,29.84,70.06,4359327,3054197,-1305130,9946,13487,3541,7985645,10400,10400,10400,0,0,0,0,237715,0,0
151700,123690,10400,1,2390,29.84,70.06,4359468,3054197,-1305271,9951,13487,3536,7985786,10400,10400,10400,141,5,0,0,239264,141,0
151800,123690,10400,1,2390,29.84,70.05,4359717,3054197,-1305520,9957,13487,3530,7986035,10400,10400,10400,58,1,0,0,237686,58,0
151800,123690,10400,1,2390,29.84,70.05,4360138,3054197,-1305941,9961,13487,3526,7986456,10400,10400,10400,479,5,0,0,237486,479,0
151900,123690,10400,1,2390,29.84,70.03,4361138,3054197,-1306941,9962,13487,3525,7987456,10400,10400,10400,0,0,0,0,239226,0,0
151900,123690,10400,1,2390,29.84,70.03,4361553,3054197,-1307356,9967,13487,3520,7987871,10400,10400,10400,415,5,0,0,235268,415,0
152000,123690,10400,1,2390,29.84,70.02,4361834,3054197,-1307637,9973,13487,3514,7988152,10400,10400,10400,27,3,0,0,232339,27,0
152000,123690,10400,1,2390,29.84,70.02,4362048,3054197,-1307851,9977,13487,3510,7988366,10400,10400,10400,241,7,0,0,232361,241,0
152000,123690,10400,1,2390,29.84,70.01,4362288,3054197,-1308091,9979,13487,3508,7988606,10400,10400,10400,481,9,0,0,230116,481,0
152000,123690,10400,1,2390,29.84,70.01,4362288,3054197,-1308091,9979,13487,3508,7988606,10400,10400,10400,481,9,0,0,230116,481,0
152000,123690,10400,1,2390,29.84,70.01,4362288,3054197,-1308091,9979,13487,3508,7988606,10400,10400,10400,481,9,0,0,230116,481,0
152000,123690,10400,1,2390,29.84,70.01,4362288,3054197,-1308091,9979,13487,3508,7988606,10400,10400,10400,481,9,0,0,230116,481,0
152000,123690,10400,1,2390,29.84,70.01,4362288,3054197,-1308091,9979,13487,3508,7988606,10400,10400,10400,481,9,0,0,230116,481,0
152000,123690,10400,1,2390,29.84,70.01,4362288,3054197,-1308091,9979,13487,3508,7988606,10400,10400,10400,481,9,0,0,230116,481,0
152000,123690,10400,1,2390,29.84,70.01,4362288,3054197,-1308091,9979,13487,3508,7988606,10400,10400,10400,481,9,0,0,230116,481,0
152000,123690,10400,1,2390,29.84,70.01,4362288,3054197,-1308091,9979,13487,3508,7988606,10400,10400,10400,481,9,0,0,230116,481,0
152000,123690,10400,1,2390,29.84,70.01,4362288,3054197,-1308091,9979,13487,3508,7988606,10400,10400,10400,481,9,0,0,230116,481,0
152000,123690,10400,1,2390,29.84,70.01,4362288,3054197,-1308091,9979,13487,3508,7988606,10400,10400,10400,481,9,0,0,230116,481,0
152000,123690,10400,1,2390,29.84,70.01,4362288,3054197,-1308091,9979,13487,3508,7988606,10400,10400,10400,481,9,0,0,230116,481,0
152000,123690,10400,1,2390,29.84,70.01,4362288,3054197,-1308091,9979,13487,3508,7988606,10400,10400,10400,481,9,0,0,230116,481,0
152000,123690,10400,1,2390,29.84,70.01,4362288,3054197,-1308091,9979,13487,3508,7988606,10400,10400,10400,481,9,0,0,230116,481,0
152000,123690,10400,1,2390,29.84,70.01,4362288,3054197,-1308091,9979,13487,3508,7988606,10400,10400,10400,481,9,0,0,230116,481,0
152000,123690,10400,1,2390,29.84,70.01,4362288,3054197,-1308091,9979,13487,3508,7988606,10400,10400,10400,481,9,0,0,230116,481,0
152000,123690,10400,1,2390,29.84,70.01,4362288,3054197,-1308091,9979,13487,3508,7988606,10400,10400,10400,481,9,0,0,230116,481,0
152000,123690,10400,1,2390,29.84,70.01,4362288,3054197,-1308091,9979,13487,3508,7988606,10400,10400,10400,481,9,0,0,230116,481,0
152000,123690,10400,1,2390,29.84,70.01,4362288,3054197,-1308091,9979,13487,3508,7988606,10400,10400,10400,481,9,0,0,230116,481,0
152000,123690,10400,1,2390,29.84,70.01,4362288,3054197,-1308091,9979,13487,3508,7988606,10400,10400,10400,481,9,0,0,230116,481,0
