092700,33626L,12100,2,1250,11.52,97.33,66971,65181,-1790,540,1788,1248,152736,12150,12150,12000,1813,14,5,10647,7536,1178,635
092800,33626L,12100,2,1250,11.52,98.68,67589,66699,-890,545,1801,1256,154872,12000,12100,11950,2066,4,8,12546,7111,598,1468
092800,33626L,12100,2,1250,11.52,98.89,67618,66867,-751,547,1803,1256,155069,12000,12150,11950,2263,6,10,12437,7072,627,1636
092900,33626L,12100,2,1250,11.52,99.14,68013,67431,-582,550,1810,1260,156028,12100,12150,12050,672,2,6,10183,7589,123,549
092900,33626L,12100,2,1250,11.52,100.54,68036,68402,366,553,1814,1261,157022,12100,12150,12050,1666,5,10,10224,6642,146,1520
093000,33626L,12150,2,1300,11.98,100.59,68036,68437,401,553,1816,1263,157057,12150,12150,12150,30,0,1,14092,7018,0,30
093000,33626L,12100,2,1250,11.52,99.86,68541,68447,-94,555,1818,1263,157572,12150,12150,12100,545,2,3,14092,7113,505,40
093100,33626L,12100,2,1250,11.52,99.77,68657,68497,-160,557,1820,1263,157738,12150,12150,12100,136,2,1,14042,6546,116,20
093100,33626L,12050,2,1200,11.06,99.66,68732,68497,-235,560,1820,1260,157813,12150,12150,12050,211,5,1,12192,6939,191,20
093200,33626L,12000,2,1150,10.6,99.47,68981,68614,-367,564,1821,1257,158179,12050,12100,12000,366,4,1,12320,7091,249,117
093200,33626L,11900,2,1050,9.68,98.44,69736,68649,-1087,570,1822,1252,158969,12050,12100,11900,1156,10,2,7055,8352,1004,152
093300,33626L,11800,2,950,8.76,96.41,71209,68650,-2559,585,1823,1238,160443,11900,11900,11800,1474,15,1,5793,7579,1473,1
093400,33626L,11800,2,950,8.76,94.11,73058,68753,-4305,600,1826,1226,162395,11800,11800,11800,0,0,0,6124,5185,0,0
093400,33626L,11750,2,900,8.29,92.23,74571,68780,-5791,602,1829,1227,163935,11800,11800,11750,1540,2,3,6097,5705,1513,27
093500,33626L,11750,2,900,8.29,92.23,74571,68780,-5791,602,1829,1227,163935,11750,11750,11750,0,0,0,6097,5705,0,0
093500,33626L,11750,2,900,8.29,92.23,74571,68780,-5791,602,1829,1227,163935,11750,11750,11750,0,0,0,6097,5705,0,0
093600,33626L,11750,2,900,8.29,92.23,74571,68780,-5791,602,1829,1227,163935,11750,11750,11750,0,0,0,6097,5705,0,0
093600,33626L,11750,2,900,8.29,92.86,74571,69243,-5328,602,1834,1232,167440,11700,11750,11700,3505,0,5,7253,7953,0,463
093700,33626L,11550,2,700,6.45,90.29,76964,69487,-7477,620,1850,1230,170077,11550,11550,11550,158,4,0,8006,8985,158,0
093700,33626L,11650,2,800,7.37,89.68,78042,69986,-8056,631,1863,1232,171654,11550,11650,11550,1735,15,13,7073,9680,1236,499
093800,33626L,11700,2,850,7.83,91.29,79336,72425,-6911,644,1872,1228,175387,11700,11700,11700,154,1,1,6010,10313,144,10
093800,33626L,11650,2,800,7.37,90.19,80344,72464,-7880,646,1882,1236,176434,11700,11700,11600,1201,3,11,5700,8646,1152,49
093900,33626L,11600,2,750,6.91,90.24,80677,72803,-7874,650,1898,1248,177106,11600,11600,11600,1,0,1,6320,10725,0,1
093900,33626L,11700,2,850,7.83,91.71,80897,74194,-6703,654,1912,1258,178717,11600,11700,11550,1612,4,15,5866,10548,220,1392
094000,33626L,11650,2,800,7.37,91.43,81154,74196,-6958,657,1914,1257,178976,11650,11700,11650,258,3,1,4971,10949,257,1
094000,33626L,11800,2,950,8.76,92.76,81450,75554,-5896,662,1937,1275,180630,11650,11800,11650,1912,8,24,6289,9181,553,1359
094100,33626L,11750,2,900,8.29,94.17,81656,76896,-4760,665,1949,1284,182178,11800,11800,11750,305,2,2,5972,8546,203,102
094100,33626L,11750,2,900,8.29,93.96,82277,77306,-4971,667,1966,1299,183209,11800,11800,11700,1336,4,19,4917,8294,824,512
094200,33626L,11750,2,900,8.29,94.07,82581,77681,-4900,675,1968,1293,183888,11750,11750,11750,20,3,0,5402,9297,20,0
094200,33626L,11750,2,900,8.29,93.62,82983,77689,-5294,686,1971,1285,184298,11750,11750,11750,430,14,3,5549,9094,422,8
094300,33626L,11750,2,900,8.29,93.56,83054,77703,-5351,689,1972,1283,184383,11750,11750,11750,0,0,0,5449,9082,0,0
094300,33626L,11750,2,900,8.29,93.61,83077,77770,-5307,690,1974,1284,184473,11700,11750,11700,90,1,2,5091,9425,23,67
094400,33626L,11850,2,1000,9.22,93.96,83137,78118,-5019,691,1980,1289,184881,11800,11850,11800,316,0,4,5465,10064,0,316
094400,33626L,11850,2,1000,9.22,95.29,83283,79361,-3922,694,1987,1293,186270,11800,11850,11800,1705,3,11,6310,10643,146,1559
094500,33626L,11900,2,1050,9.68,94.92,83624,79376,-4248,698,1991,1293,186626,11900,11900,11900,0,0,0,6735,10720,0,0
094500,33626L,11850,2,1000,9.22,94.95,83679,79451,-4228,700,1993,1293,186756,11850,11850,11850,130,2,2,7094,11388,55,75
094600,33626L,11850,2,1000,9.22,95.31,83976,80036,-3940,705,1998,1293,187638,11800,11850,11800,578,2,2,6904,10657,78,500
094600,33626L,11900,2,1050,9.68,95.58,83976,80265,-3711,705,2003,1298,187867,11800,11900,11800,807,2,7,7229,11323,78,729
094700,33626L,11900,2,1050,9.68,95.82,84067,80554,-3513,706,2005,1299,188247,11900,11900,11900,10,0,1,6542,10332,0,10
094700,33626L,11800,2,950,8.76,96.0,84122,80754,-3368,708,2006,1298,188502,11900,11900,11800,265,2,2,6401,10703,55,210
094800,33626L,11850,2,1000,9.22,96.0,84169,80800,-3369,713,2008,1295,188595,11800,11850,11800,11,1,1,6723,9657,1,10
094800,33626L,11800,2,950,8.76,95.71,84786,81146,-3640,717,2011,1294,189558,11800,11850,11800,974,5,4,5724,9313,618,356
094900,33626L,11750,2,900,8.29,94.27,86163,81222,-4941,721,2012,1291,191011,11750,11750,11750,572,2,0,6194,8761,572,0
094900,33626L,11700,2,850,7.83,93.7,86726,81262,-5464,725,2015,1290,191614,11750,11800,11700,1175,6,3,6407,9412,1135,40
095000,33626L,11750,2,900,8.29,93.23,87225,81323,-5902,727,2018,1291,192174,11750,11750,11700,280,1,2,6110,9303,220,60
095000,33626L,11750,2,900,8.29,93.37,87323,81532,-5791,732,2025,1293,192481,11750,11750,11700,587,6,9,5994,9391,318,269
095100,33626L,11750,2,900,8.29,93.37,87406,81611,-5795,734,2030,1296,192643,11800,11800,11750,123,2,2,5885,9391,83,40
095100,33626L,11800,2,950,8.76,93.47,87584,81861,-5723,737,2032,1295,193071,11800,11800,11750,551,5,4,7192,9968,261,290
095200,33626L,11850,2,1000,9.22,93.64,87771,82191,-5580,738,2034,1296,193588,11800,11850,11800,517,1,2,8235,9790,187,330
095200,33626L,11850,2,1000,9.22,93.5,87907,82192,-5715,740,2035,1295,193725,11800,11850,11800,654,3,3,9092,9984,323,331
095300,33626L,11750,2,900,8.29,93.51,87908,82206,-5702,741,2036,1295,193740,11750,11750,11750,1,1,0,8926,9504,1,0
095300,33626L,11750,2,900,8.29,93.25,88160,82206,-5954,742,2036,1294,193992,11750,11750,11750,253,2,0,7720,10016,253,0
095400,33626L,11700,2,850,7.83,91.28,90057,82206,-7851,748,2036,1288,195889,11700,11700,11700,1081,5,0,8588,7747,1081,0
095400,33626L,11700,2,850,7.83,91.22,90143,82226,-7917,752,2037,1285,195995,11700,11700,11700,1187,9,1,6230,10080,1167,20
095500,33626L,11650,2,800,7.37,90.36,91002,82227,-8775,756,2038,1282,196855,11700,11700,11650,860,4,1,7626,9522,859,1
095500,33626L,11550,2,700,6.45,89.56,91808,82227,-9581,761,2038,1277,197661,11700,11700,11550,1666,9,1,6568,9155,1665,1
095600,33626L,11600,2,750,6.91,89.37,92192,82396,-9796,769,2040,1271,198214,11550,11600,11550,313,4,2,6309,9332,144,169
095600,33626L,11650,2,800,7.37,89.43,92194,82450,-9744,771,2043,1272,198270,11550,11650,11550,369,6,5,6204,9711,146,223
095700,33626L,11650,2,800,7.37,89.39,92234,82450,-9784,773,2043,1270,198310,11650,11650,11650,40,2,0,7318,9793,40,0
095700,33626L,11700,2,850,7.83,88.97,92671,82451,-10220,775,2044,1269,198748,11650,11700,11600,478,4,1,7199,9506,477,1
095800,33626L,11650,2,800,7.37,86.95,94833,82453,-12380,781,2046,1265,200912,11600,11700,11500,2164,6,2,6452,9805,2162,2
095800,33626L,11650,2,800,7.37,86.96,94833,82466,-12367,781,2048,1267,200925,11600,11700,11500,2177,6,4,6502,10174,2162,15
095900,33626L,11600,2,750,6.91,87.05,94966,82666,-12300,782,2049,1267,201258,11650,11650,11600,333,1,1,6333,9999,133,200
100000,33626L,11600,2,750,6.91,86.92,95325,82859,-12466,787,2050,1263,201810,11600,11600,11600,0,0,0,7286,9631,0,0
100000,33626L,11600,2,750,6.91,86.82,95433,82859,-12574,789,2050,1261,201918,11650,11650,11600,108,2,0,7247,9161,108,0
100100,33626L,11750,2,900,8.29,86.64,95755,82960,-12795,790,2053,1263,202341,11750,11750,11750,0,0,0,8368,8764,0,0
100100,33626L,11650,2,800,7.37,86.52,95880,82960,-12920,794,2053,1259,202466,11700,11700,11650,125,4,0,7223,11261,125,0
100200,33626L,11700,2,850,7.83,86.54,95880,82970,-12910,794,2054,1260,202476,11700,11700,11700,0,0,0,7335,11541,0,0
100200,33626L,11700,2,850,7.83,86.62,95880,83048,-12832,794,2055,1261,202554,11700,11700,11700,78,0,1,7482,11531,0,78
100300,33626L,11700,2,850,7.83,86.73,95880,83154,-12726,794,2057,1263,202660,11700,11700,11700,0,0,0,7434,11535,0,0
100300,33626L,11700,2,850,7.83,85.83,96880,83155,-13725,795,2058,1263,203661,11650,11700,11650,1001,1,1,7493,10544,1000,1
100400,33626L,11600,2,750,6.91,85.67,97068,83155,-13913,800,2058,1258,203849,11600,11600,11600,56,2,0,8221,10573,56,0
100400,33626L,11650,2,800,7.37,82.56,100839,83248,-17591,806,2062,1256,207713,11600,11700,11500,3920,8,4,6806,7054,3827,93
100500,33626L,11650,2,800,7.37,82.56,100839,83248,-17591,806,2062,1256,207713,11650,11650,11650,0,0,0,6806,7054,0,0
100500,33626L,11550,2,700,6.45,82.42,101000,83248,-17752,809,2062,1253,207874,11550,11550,11550,161,3,0,6998,8217,161,0
100600,33626L,11600,2,750,6.91,82.41,101030,83254,-17776,810,2064,1254,207910,11600,11600,11600,0,0,0,6947,8984,0,0
100600,33626L,11650,2,800,7.37,81.6,102030,83255,-18775,813,2065,1252,208911,11600,11650,11500,1001,3,1,7591,8397,1000,1
100700,33626L,11650,2,800,7.37,81.6,102030,83255,-18775,813,2065,1252,208911,11650,11650,11650,0,0,0,7591,8397,0,0
100700,33626L,11600,2,750,6.91,81.6,102030,83257,-18773,813,2067,1254,208913,11600,11600,11600,2,0,2,6930,8188,0,2
100800,33626L,11500,2,650,5.99,81.45,102219,83257,-18962,816,2067,1251,209102,11550,11550,11500,109,2,0,6719,9069,109,0
100800,33626L,11450,2,600,5.53,80.28,103845,83367,-20478,823,2069,1246,210838,11550,11550,11450,1845,9,2,4961,10170,1735,110
100900,33626L,11500,2,650,5.99,80.49,103956,83677,-20279,824,2074,1250,211259,11550,11550,11500,287,1,2,6558,9412,111,176
100900,33626L,11600,2,750,6.91,80.68,103977,83888,-20089,825,2077,1252,211491,11550,11600,11500,519,2,5,7732,8924,132,387
101000,33626L,11500,2,650,5.99,80.7,104078,83989,-20089,829,2079,1250,211693,11600,11600,11500,91,3,0,7036,9368,91,0
101000,33626L,11650,2,800,7.37,79.13,106214,84052,-22162,832,2081,1249,213892,11600,11650,11450,2290,6,2,7882,6784,2227,63
101100,33626L,11500,2,650,5.99,79.08,106290,84052,-22238,833,2081,1248,213968,11500,11500,11500,76,1,0,7024,7160,76,0
101100,33626L,11500,2,650,5.99,78.76,106720,84052,-22668,838,2081,1243,214398,11500,11500,11500,506,6,0,6722,7214,506,0
101200,33626L,11500,2,650,5.99,78.73,106765,84052,-22713,841,2081,1240,214443,11500,11500,11500,41,2,0,6722,7738,41,0
101200,33626L,11550,2,700,6.45,78.82,106765,84156,-22609,841,2084,1243,214547,11500,11550,11500,145,2,3,6621,9618,41,104
101300,33626L,11550,2,700,6.45,78.84,106765,84176,-22589,841,2085,1244,214567,11550,11550,11550,20,0,1,6618,11618,0,20
101300,33626L,11550,2,700,6.45,78.78,106851,84180,-22671,843,2086,1243,214657,11550,11550,11500,110,2,2,6902,11621,86,24
101400,33626L,11600,2,750,6.91,78.79,106851,84190,-22661,843,2087,1244,214667,11600,11600,11600,10,0,1,7209,10941,0,10
101400,33626L,11600,2,750,6.91,78.79,106851,84192,-22659,843,2088,1245,214669,11600,11600,11600,12,0,2,7114,11171,0,12
101500,33626L,11550,2,700,6.45,78.51,107232,84192,-23040,844,2088,1244,215050,11550,11550,11550,381,1,0,7331,10166,381,0
101500,33626L,11600,2,750,6.91,78.48,107652,84481,-23171,845,2090,1245,215759,11550,11600,11550,1090,2,2,7131,9362,801,289
101600,33626L,11650,2,800,7.37,78.63,107692,84679,-23013,846,2093,1247,215997,11650,11650,11650,2,0,1,7785,9528,0,2
101600,33626L,11650,2,800,7.37,78.9,107692,84964,-22728,846,2097,1251,216282,11650,11650,11650,287,0,5,7151,9564,0,287
101700,33626L,11650,2,800,7.37,78.89,107702,84967,-22735,847,2099,1252,216295,11600,11650,11600,13,1,2,7017,7947,10,3
101700,33626L,11700,2,850,7.83,79.54,107702,85667,-22035,847,2104,1257,216995,11600,11700,11600,713,1,7,6471,9534,10,703
101800,33626L,11700,2,850,7.83,80.03,107986,86419,-21567,849,2113,1264,218031,11700,11750,11700,624,2,7,5962,9534,284,340
101800,33626L,11650,2,800,7.37,80.03,107991,86429,-21562,850,2114,1264,218046,11700,11750,11650,639,3,8,6249,9539,289,350
101900,33626L,11700,2,850,7.83,80.04,107992,86435,-21557,851,2116,1265,218053,11650,11700,11650,6,1,1,6248,9238,1,5
101900,33626L,11650,2,800,7.37,79.96,108092,86435,-21657,852,2116,1264,218153,11650,11700,11650,106,2,1,6263,9288,101,5
102000,33626L,11700,2,850,7.83,78.67,109871,86437,-23434,856,2118,1262,219934,11650,11700,11650,1781,4,2,6487,7409,1779,2
102000,33626L,11700,2,850,7.83,78.74,110303,86854,-23449,860,2121,1261,220783,11650,11750,11650,2630,8,5,6494,5248,2211,419
102100,33626L,11650,2,800,7.37,78.71,110393,86891,-23502,866,2123,1257,220910,11700,11700,11650,127,6,2,6197,8337,90,37
102200,33626L,11700,2,850,7.83,78.71,110399,86894,-23505,867,2125,1258,220919,11700,11700,11700,0,0,0,6195,8570,0,0
102200,33626L,11650,2,800,7.37,78.63,110546,86924,-23622,870,2126,1256,221096,11700,11700,11650,177,3,1,6221,8681,147,30
102300,33626L,11600,2,750,6.91,78.56,110646,86924,-23722,872,2126,1254,221196,11600,11600,11600,26,1,0,6247,9162,26,0
102300,33626L,11650,2,800,7.37,78.18,111225,86961,-24264,875,2129,1254,221812,11600,11650,11600,642,4,3,6221,8758,605,37
102400,33626L,11650,2,800,7.37,78.18,111225,86961,-24264,875,2129,1254,221812,11650,11650,11650,0,0,0,6221,8758,0,0
102400,33626L,11700,2,850,7.83,78.34,111348,87229,-24119,876,2132,1256,222203,11600,11700,11600,391,1,3,6319,8801,123,268
102500,33626L,11750,2,900,8.29,78.42,111357,87329,-24028,878,2135,1257,222312,11750,11750,11750,98,0,1,6575,9294,0,98
102500,33626L,11700,2,850,7.83,78.42,111357,87331,-24026,878,2136,1258,222314,11750,11750,11700,100,0,2,7012,9194,0,100
102600,33626L,11700,2,850,7.83,78.42,111357,87331,-24026,878,2136,1258,222314,11700,11700,11700,0,0,0,7012,9194,0,0
102600,33626L,11700,2,850,7.83,78.44,111357,87353,-24004,878,2137,1259,222336,11700,11700,11700,22,0,1,7110,9368,0,22
102700,33626L,11700,2,850,7.83,78.44,111357,87353,-24004,878,2137,1259,222336,11700,11700,11700,0,0,0,7110,9368,0,0
102700,33626L,11700,2,850,7.83,78.45,111357,87356,-24001,878,2139,1261,222339,11650,11700,11650,3,0,2,7737,9074,0,3
102800,33626L,11600,2,750,6.91,78.33,111639,87444,-24195,879,2141,1262,222709,11600,11600,11600,50,0,1,7960,8734,0,50
102800,33626L,11600,2,750,6.91,78.45,111654,87590,-24064,880,2145,1265,222870,11600,11600,11600,211,1,5,7769,8602,15,196
102900,33626L,11650,2,800,7.37,78.32,111861,87612,-24249,883,2148,1265,223099,11650,11650,11650,1,0,1,8014,8527,0,1
102900,33626L,11650,2,800,7.37,78.42,111861,87721,-24140,883,2149,1266,223208,11650,11650,11650,110,0,2,8013,8527,0,110
103000,33626L,11650,2,800,7.37,78.37,111931,87722,-24209,884,2150,1266,223279,11650,11650,11650,1,0,1,8004,8499,0,1
103000,33626L,11700,2,850,7.83,78.51,111931,87875,-24056,884,2152,1268,223432,11650,11700,11650,154,0,3,7966,8416,0,154
103100,33626L,11600,2,750,6.91,78.4,112089,87876,-24213,886,2153,1267,223591,11700,11700,11600,110,1,1,7949,8967,109,1
103100,33626L,11700,2,850,7.83,78.4,112089,87879,-24210,886,2156,1270,223594,11700,11700,11600,113,1,4,7848,9458,109,4
103200,33626L,11700,2,850,7.83,78.32,112203,87880,-24323,888,2157,1269,223709,11700,11700,11700,1,0,1,7946,9344,0,1
103200,33626L,11700,2,850,7.83,78.32,112203,87880,-24323,888,2157,1269,223709,11700,11700,11700,1,0,1,7946,9344,0,1
103300,33626L,11700,2,850,7.83,78.37,112203,87935,-24268,888,2159,1271,223764,11700,11700,11700,55,0,2,8169,9352,0,55
103300,33626L,11600,2,750,6.91,78.25,112383,87936,-24447,890,2160,1270,223945,11700,11700,11600,236,2,3,8044,9174,180,56
103400,33626L,11600,2,750,6.91,78.24,112395,87938,-24457,891,2161,1270,223959,11650,11650,11600,14,1,1,8424,9175,12,2
103400,33626L,11650,2,800,7.37,78.2,112521,87987,-24534,892,2164,1272,224134,11650,11650,11600,189,2,4,8295,9080,138,51
103500,33626L,11650,2,800,7.37,78.17,112567,87989,-24578,893,2165,1272,224182,11600,11650,11600,48,1,1,8344,9034,46,2
103500,33626L,11600,2,750,6.91,78.1,112709,88031,-24678,897,2166,1269,224366,11600,11650,11600,232,5,2,8303,8942,188,44
103600,33626L,11600,2,750,6.91,77.85,113261,88177,-25084,901,2171,1270,225064,11600,11650,11550,598,4,4,8210,8653,552,46
103600,33626L,11600,2,750,6.91,78.01,113262,88355,-24907,902,2173,1271,225243,11600,11650,11550,777,5,6,8823,8601,553,224
103700,33626L,11700,2,850,7.83,78.08,113262,88440,-24822,902,2177,1275,225328,11600,11700,11600,85,0,4,8921,10167,0,85
103700,33626L,11650,2,800,7.37,78.06,113312,88450,-24862,903,2178,1275,225388,11600,11700,11600,145,1,5,8998,9854,50,95
103800,33626L,11650,2,800,7.37,78.15,113542,88732,-24810,904,2180,1276,225900,11650,11650,11650,332,1,1,8988,9854,230,102
103800,33626L,11650,2,800,7.37,78.15,113542,88732,-24810,904,2180,1276,225900,11650,11650,11650,332,1,1,8988,9854,230,102
103900,33626L,11700,2,850,7.83,77.85,113987,88738,-25249,907,2183,1276,226468,11600,11700,11600,558,2,3,8678,9409,435,6
103900,33626L,11650,2,800,7.37,77.61,114411,88789,-25622,909,2186,1277,226943,11600,11700,11600,1033,4,6,7245,8985,859,57
104000,33626L,11650,2,800,7.37,77.31,114892,88820,-26072,911,2190,1279,227455,11650,11650,11600,512,2,4,7999,8704,481,31
104100,33626L,11650,2,800,7.37,77.24,115017,88838,-26179,912,2191,1279,227598,11650,11650,11650,0,0,0,8497,8989,0,0
104100,33626L,11650,2,800,7.37,77.24,115017,88838,-26179,912,2191,1279,227598,11650,11650,11650,0,0,0,8497,8989,0,0
104200,33626L,11600,2,750,6.91,77.18,115102,88838,-26264,914,2191,1277,227683,11600,11600,11600,0,0,0,8479,9219,0,0
104200,33626L,11700,2,850,7.83,77.57,115102,89283,-25819,914,2194,1280,228128,11600,11700,11600,445,0,3,5479,9204,0,445
104300,33626L,11700,2,850,7.83,77.58,115102,89293,-25809,914,2195,1281,228138,11700,11700,11700,0,0,0,5479,9421,0,0
104300,33626L,11700,2,850,7.83,79.38,115102,91370,-23732,914,2201,1287,230215,11700,11700,11700,2077,0,6,4257,9056,0,2077
104400,33626L,11700,2,850,7.83,79.38,115102,91372,-23730,914,2203,1289,230217,11700,11700,11700,0,0,0,4968,9495,0,0
104400,33626L,11700,2,850,7.83,79.3,115441,91543,-23898,916,2208,1292,230727,11700,11750,11700,510,2,5,5287,9511,339,171
104500,33626L,11700,2,850,7.83,79.26,115504,91547,-23957,918,2210,1292,230794,11700,11700,11700,51,1,0,5257,9576,51,0
104500,33626L,11700,2,850,7.83,79.26,115504,91547,-23957,918,2210,1292,230794,11700,11700,11700,51,1,0,5257,9576,51,0
104600,33626L,11700,2,850,7.83,79.27,115514,91573,-23941,919,2214,1295,230830,11700,11700,11700,2,0,2,5737,9641,0,2
104600,33626L,11700,2,850,7.83,79.27,115514,91573,-23941,919,2214,1295,230830,11700,11700,11700,2,0,2,5737,9641,0,2
104700,33626L,11650,2,800,7.37,79.26,115539,91573,-23966,920,2214,1294,230855,11650,11650,11650,25,1,0,5686,9652,25,0
104700,33626L,11700,2,850,7.83,78.85,116139,91574,-24565,922,2215,1293,231456,11650,11700,11600,626,3,1,5686,9110,625,1
104800,33626L,11700,2,850,7.83,78.85,116139,91574,-24565,922,2215,1293,231456,11700,11700,11700,0,0,0,5686,9110,0,0
104800,33626L,11700,2,850,7.83,78.85,116139,91574,-24565,922,2215,1293,231456,11700,11700,11700,0,0,0,5686,9110,0,0
104900,33626L,11700,2,850,7.83,78.8,116213,91575,-24638,923,2216,1293,231531,11700,11700,11700,1,0,1,5685,9135,0,1
104900,33626L,11700,2,850,7.83,78.81,116213,91583,-24630,923,2219,1296,231539,11700,11700,11700,9,0,4,5677,9135,0,9
105000,33626L,11700,2,850,7.83,78.81,116213,91583,-24630,923,2219,1296,231539,11700,11700,11700,0,0,0,5677,9135,0,0
105000,33626L,11700,2,850,7.83,78.71,116364,91586,-24778,925,2221,1296,231693,11650,11700,11600,154,2,2,5975,8182,151,3
105100,33626L,11700,2,850,7.83,78.71,116364,91586,-24778,925,2221,1296,231693,11700,11700,11700,0,0,0,5975,8182,0,0
105100,33626L,11700,2,850,7.83,78.71,116364,91586,-24778,925,2221,1296,231693,11700,11700,11700,0,0,0,5975,8182,0,0
105200,33626L,11700,2,850,7.83,78.45,116750,91590,-25160,927,2223,1296,232084,11700,11700,11700,1,0,1,5976,8187,0,1
105200,33626L,11600,2,750,6.91,78.29,116989,91590,-25399,929,2223,1294,232323,11700,11700,11600,240,2,1,5575,7798,239,1
105300,33626L,11650,2,800,7.37,78.2,117126,91592,-25534,932,2225,1293,232462,11600,11650,11550,83,2,1,5574,7974,82,1
105300,33626L,11700,2,850,7.83,78.2,117126,91596,-25530,932,2227,1295,232466,11600,11700,11550,87,2,3,5962,8220,82,5
105400,33626L,11700,2,850,7.83,78.2,117126,91596,-25530,932,2227,1295,232466,11700,11700,11700,0,0,0,5962,8220,0,0
105400,33626L,11650,2,800,7.37,78.17,117175,91597,-25578,934,2228,1294,232516,11600,11650,11550,50,2,1,5468,8217,49,1
105500,33626L,11650,2,800,7.37,78.17,117175,91597,-25578,934,2228,1294,232516,11650,11650,11650,0,0,0,5468,8217,0,0
105500,33626L,11650,2,800,7.37,78.16,117197,91598,-25599,936,2229,1293,232539,11600,11650,11550,23,2,1,5532,8451,22,1
105600,33626L,11650,2,800,7.37,78.16,117197,91598,-25599,936,2229,1293,232539,11650,11650,11650,0,0,0,5532,8451,0,0
105600,33626L,11550,2,700,6.45,78.05,117366,91600,-25766,939,2231,1292,232710,11600,11600,11550,171,3,2,5012,8303,169,2
105700,33626L,11600,2,750,6.91,78.02,117401,91602,-25799,940,2233,1293,232747,11600,11600,11550,37,1,2,4982,8322,35,2
105700,33626L,11650,2,800,7.37,78.14,117401,91740,-25661,940,2236,1296,232885,11600,11650,11550,175,1,5,5385,8469,35,140
105800,33626L,11650,2,800,7.37,78.22,117414,91841,-25573,941,2238,1297,232999,11600,11650,11600,114,1,2,5441,8174,13,101
105900,33626L,11700,2,850,7.83,78.18,117522,91881,-25641,943,2240,1297,233147,11700,11700,11700,0,0,0,5341,8508,0,0
105900,33626L,11700,2,850,7.83,78.18,117522,91881,-25641,943,2240,1297,233147,11700,11700,11700,0,0,0,5341,8508,0,0
110000,33626L,11700,2,850,7.83,78.18,117522,91881,-25641,943,2240,1297,233147,11700,11700,11700,0,0,0,5912,8548,0,0
110000,33626L,11600,2,750,6.91,78.17,117547,91881,-25666,944,2240,1296,233172,11600,11600,11600,25,1,0,5913,8666,25,0
110100,33626L,11550,2,700,6.45,77.75,118406,92065,-26341,946,2241,1295,234215,11550,11550,11550,0,0,0,5548,8220,0,0
110100,33626L,11550,2,700,6.45,77.69,118539,92096,-26443,947,2245,1298,234379,11550,11550,11500,164,1,4,4574,8088,133,31
110200,33626L,11650,2,800,7.37,77.79,118584,92243,-26341,948,2249,1301,234571,11650,11650,11550,163,1,2,5845,8845,45,118
110200,33626L,11650,2,800,7.37,77.79,118584,92243,-26341,948,2249,1301,234571,11650,11650,11550,163,1,2,5845,8845,45,118
110300,33626L,11500,2,650,5.99,77.71,118702,92243,-26459,950,2249,1299,234689,11550,11550,11500,118,2,0,5293,8796,118,0
110300,33626L,11600,2,750,6.91,77.71,118702,92244,-26458,950,2250,1300,234690,11550,11600,11500,119,2,1,5293,8869,118,1
110400,33626L,11650,2,800,7.37,77.78,118703,92333,-26370,951,2253,1302,234780,11650,11650,11650,1,0,1,5511,11415,0,1
110400,33626L,11600,2,750,6.91,77.78,118713,92333,-26380,952,2253,1301,234790,11650,11650,11600,11,1,1,5510,11919,10,1
110500,33626L,11650,2,800,7.37,77.85,118713,92414,-26299,952,2254,1302,234871,11650,11650,11650,0,0,0,5530,11909,0,0
110500,33626L,11650,2,800,7.37,77.85,118713,92414,-26299,952,2254,1302,234871,11650,11650,11650,0,0,0,5530,11909,0,0
110600,33626L,11650,2,800,7.37,78.02,118713,92614,-26099,952,2255,1303,235071,11650,11650,11650,200,0,1,5452,9704,0,200
110600,33626L,11700,2,850,7.83,78.01,118781,92656,-26125,953,2258,1305,235181,11650,11700,11600,310,1,4,5218,9686,68,242
110700,33626L,11700,2,850,7.83,78.01,118781,92661,-26120,953,2260,1307,235186,11650,11700,11650,5,0,2,5213,9692,0,5
110700,33626L,11700,2,850,7.83,78.01,118781,92664,-26117,953,2263,1310,235189,11650,11700,11650,8,0,5,5813,9742,0,8
110800,33626L,11700,2,850,7.83,78.03,118781,92684,-26097,953,2264,1311,235209,11700,11700,11700,20,0,1,5838,9742,0,20
110800,33626L,11700,2,850,7.83,78.03,118781,92687,-26094,953,2265,1312,235212,11700,11700,11700,23,0,2,5792,9742,0,23
110900,33626L,11700,2,850,7.83,78.04,118781,92699,-26082,953,2266,1313,235224,11700,11700,11700,12,0,1,5789,9737,0,12
110900,33626L,11650,2,800,7.37,75.78,122331,92700,-29631,959,2267,1308,238775,11700,11700,11400,3563,6,2,5587,9844,3550,13
111000,33626L,11600,2,750,6.91,75.74,122388,92702,-29686,960,2269,1309,238834,11600,11600,11450,59,1,2,6190,11056,57,2
111000,33626L,11500,2,650,5.99,74.46,124498,92705,-31793,966,2272,1306,240947,11600,11600,11350,2172,7,5,5352,9909,2167,5
111100,33626L,11450,2,600,5.53,74.52,124498,92770,-31728,966,2278,1312,241012,11450,11500,11450,14,0,4,6067,10822,0,14
111100,33626L,11400,2,550,5.07,74.33,124857,92810,-32047,970,2282,1312,241411,11450,11500,11400,413,4,8,5026,11030,359,54
111200,33626L,11350,2,500,4.61,73.66,126140,92911,-33229,976,2285,1309,242795,11350,11450,11350,964,5,2,4591,10108,927,37
111200,33626L,11350,2,500,4.61,73.17,126987,92912,-34075,983,2286,1303,243643,11350,11450,11350,1812,12,3,4475,9978,1774,38
111300,33626L,11350,2,500,4.61,73.18,126992,92933,-34059,984,2288,1304,243669,11400,11400,11350,26,1,2,4479,10202,5,21
111300,33626L,11350,2,500,4.61,71.91,129340,93006,-36334,992,2291,1299,246090,11400,11400,11300,2447,9,5,4704,9696,2353,94
111400,33626L,11400,2,550,5.07,71.91,129350,93013,-36337,994,2295,1301,246107,11300,11400,11300,8,1,2,4633,9978,6,2
111400,33626L,11350,2,500,4.61,71.79,129566,93013,-36553,995,2295,1300,246323,11300,11400,11300,224,2,2,5866,9729,222,2
111500,33626L,11400,2,550,5.07,71.76,129624,93014,-36610,997,2296,1299,246382,11350,11400,11350,9,1,1,5878,10025,8,1
111500,33626L,11450,2,600,5.53,72.08,129624,93435,-36189,997,2298,1301,246803,11350,11450,11350,430,1,3,6387,10502,8,422
111600,33626L,11450,2,600,5.53,72.07,129762,93520,-36242,998,2300,1302,247026,11400,11450,11400,223,1,2,6339,10372,138,85
111600,33626L,11400,2,550,5.07,72.03,129965,93615,-36350,1001,2303,1302,247324,11400,11450,11400,521,4,5,5938,10599,341,180
111700,33626L,11450,2,600,5.53,72.06,129965,93656,-36309,1001,2306,1305,247365,11450,11450,11450,41,0,3,5917,10594,0,41
111800,33626L,11450,2,600,5.53,72.06,129969,93657,-36312,1002,2307,1305,247370,11450,11450,11450,0,0,0,5897,10990,0,0
111800,33626L,11400,2,550,5.07,71.84,130369,93657,-36712,1003,2307,1304,247770,11400,11400,11400,400,1,0,5911,11355,400,0
111900,33626L,11400,2,550,5.07,71.84,130373,93658,-36715,1004,2308,1304,247775,11400,11400,11400,0,0,0,5925,10826,0,0
111900,33626L,11400,2,550,5.07,71.84,130378,93659,-36719,1005,2309,1304,247781,11350,11400,11350,6,1,1,4993,11843,5,1
112000,33626L,11400,2,550,5.07,71.9,130408,93757,-36651,1006,2313,1307,247909,11400,11400,11400,40,1,1,6335,11692,30,10
112000,33626L,11450,2,600,5.53,71.9,130408,93758,-36650,1006,2314,1308,247910,11400,11450,11400,41,1,2,6335,11562,30,11
112100,33626L,11450,2,600,5.53,71.89,130423,93759,-36664,1007,2315,1308,247926,11450,11450,11450,0,0,0,6319,13252,0,0
112100,33626L,11450,2,600,5.53,71.89,130423,93759,-36664,1007,2315,1308,247926,11450,11450,11450,0,0,0,6319,13252,0,0
112200,33626L,11450,2,600,5.53,71.89,130423,93759,-36664,1007,2315,1308,247926,11450,11450,11450,0,0,0,6388,14849,0,0
112200,33626L,11450,2,600,5.53,72.03,130423,93945,-36478,1007,2318,1311,248112,11450,11450,11450,186,0,3,6377,14490,0,186
112300,33626L,11500,2,650,5.99,72.03,130423,93946,-36477,1007,2319,1312,248113,11500,11500,11500,0,0,0,6423,14065,0,0
112300,33626L,11450,2,600,5.53,72.0,130565,94002,-36563,1009,2321,1312,248311,11500,11500,11450,198,2,2,6349,14277,142,56
112400,33626L,11450,2,600,5.53,72.01,130565,94025,-36540,1009,2322,1313,248334,11450,11450,11450,23,0,1,6200,13867,0,23
112400,33626L,11450,2,600,5.53,71.9,130766,94026,-36740,1010,2323,1313,248536,11450,11500,11450,225,1,2,6820,13558,201,24
112500,33626L,11450,2,600,5.53,72.08,130766,94258,-36508,1010,2324,1314,248768,11450,11450,11450,232,0,1,6975,13857,0,232
112500,33626L,11450,2,600,5.53,72.06,130864,94302,-36562,1011,2325,1314,248910,11450,11450,11400,374,1,2,6743,14404,98,276
112600,33626L,11450,2,600,5.53,71.9,131164,94303,-36861,1012,2326,1314,249211,11450,11450,11450,1,0,1,7074,14114,0,1
112600,33626L,11450,2,600,5.53,71.76,131431,94316,-37115,1013,2331,1318,249491,11450,11450,11400,281,1,6,6695,14392,267,14
112700,33626L,11450,2,600,5.53,71.76,131431,94321,-37110,1013,2332,1319,249496,11450,11450,11450,5,0,1,6694,14556,0,5
112700,33626L,11450,2,600,5.53,71.94,131797,94821,-36976,1014,2333,1319,250362,11450,11450,11400,871,1,2,6689,14190,366,505
112800,33626L,11450,2,600,5.53,72.02,131797,94925,-36872,1014,2335,1321,250466,11450,11450,11450,104,0,2,6089,14258,0,104
112800,33626L,11450,2,600,5.53,72.0,131838,94927,-36911,1015,2336,1321,250509,11450,11500,11450,147,1,3,6278,13839,41,106
112900,33626L,11550,2,700,6.45,72.2,131838,95184,-36654,1015,2340,1325,250766,11500,11550,11500,230,0,2,6746,9694,0,230
112900,33626L,11550,2,700,6.45,72.47,131838,95543,-36295,1015,2343,1328,251125,11500,11550,11500,589,0,5,6904,9421,0,589
113000,33626L,11550,2,700,6.45,72.26,132231,95548,-36683,1016,2345,1329,251523,11550,11550,11550,4,0,1,6344,9589,0,4
113000,33626L,11550,2,700,6.45,72.33,132318,95702,-36616,1018,2350,1332,251764,11550,11550,11500,245,2,6,7215,10481,87,158
113100,33626L,11550,2,700,6.45,72.34,132319,95726,-36593,1019,2354,1335,251789,11500,11550,11500,25,1,4,7722,10421,1,24
113100,33626L,11550,2,700,6.45,72.45,132391,95923,-36468,1020,2357,1337,252058,11500,11600,11500,294,2,7,7188,10318,73,221
113200,33626L,11550,2,700,6.45,72.47,132442,95975,-36467,1022,2360,1338,252161,11550,11550,11550,52,0,3,7111,12499,0,52
113200,33626L,11550,2,700,6.45,72.47,132455,95984,-36471,1026,2364,1338,252183,11550,11600,11550,74,4,7,7493,9969,13,61
113300,33626L,11550,2,700,6.45,72.42,132536,95984,-36552,1028,2364,1336,252264,11550,11550,11550,81,2,0,7473,9948,81,0
113300,33626L,11600,2,750,6.91,72.44,132536,96005,-36531,1028,2366,1338,252285,11550,11600,11550,102,2,2,7473,10021,81,21
113400,33626L,11550,2,700,6.45,72.47,132553,96062,-36491,1029,2367,1338,252359,11600,11600,11550,74,1,1,7455,11064,17,57
113400,33626L,11600,2,750,6.91,72.48,132553,96081,-36472,1029,2369,1340,252378,11600,11600,11550,93,1,3,7420,11700,17,76
113500,33626L,11600,2,750,6.91,72.48,132553,96081,-36472,1029,2369,1340,252378,11600,11600,11600,0,0,0,7420,11700,0,0
113600,33626L,11600,2,750,6.91,72.69,132553,96348,-36205,1029,2370,1341,252645,11600,11600,11600,0,0,0,7419,11700,0,0
113600,33626L,11600,2,750,6.91,72.69,132553,96348,-36205,1029,2370,1341,252645,11600,11600,11600,0,0,0,7419,11700,0,0
113700,33626L,11550,2,700,6.45,72.62,132675,96348,-36327,1031,2370,1339,252767,11550,11550,11550,0,0,0,6876,12194,0,0
113700,33626L,11600,2,750,6.91,72.62,132675,96349,-36326,1031,2371,1340,252768,11600,11600,11600,1,0,1,6876,12172,0,1
113800,33626L,11500,2,650,5.99,72.18,133482,96350,-37132,1033,2372,1339,253576,11500,11500,11500,0,0,0,5623,16433,0,0
113800,33626L,11550,2,700,6.45,72.16,133526,96352,-37174,1034,2374,1340,253622,11500,11550,11450,46,1,2,6362,16389,44,2
113900,33626L,11550,2,700,6.45,72.16,133526,96352,-37174,1034,2374,1340,253622,11550,11550,11550,0,0,0,6362,16389,0,0
113900,33626L,11550,2,700,6.45,72.16,133526,96352,-37174,1034,2374,1340,253622,11550,11550,11550,0,0,0,6362,16389,0,0
114000,33626L,11500,2,650,5.99,71.55,134806,96460,-38346,1036,2375,1339,255010,11500,11500,11500,108,0,1,5697,15388,0,108
114000,33626L,11500,2,650,5.99,71.56,134806,96462,-38344,1036,2377,1341,255012,11500,11500,11500,110,0,3,6135,15338,0,110
114100,33626L,11500,2,650,5.99,71.84,134806,96840,-37966,1036,2378,1342,255390,11500,11500,11500,0,0,0,6215,15337,0,0
114100,33626L,11550,2,700,6.45,71.84,134806,96841,-37965,1036,2379,1343,255391,11550,11550,11550,1,0,1,6622,11324,0,1
114200,33626L,11550,2,700,6.45,71.83,134820,96842,-37978,1037,2380,1343,255406,11550,11550,11550,0,0,0,6404,11311,0,0
114200,33626L,11550,2,700,6.45,71.83,134820,96842,-37978,1037,2380,1343,255406,11550,11550,11550,0,0,0,6404,11311,0,0
114300,33626L,11500,2,650,5.99,71.75,134963,96842,-38121,1038,2380,1342,255549,11500,11500,11500,143,1,0,6320,11480,143,0
114300,33626L,11500,2,650,5.99,71.75,134963,96842,-38121,1038,2380,1342,255549,11500,11500,11500,143,1,0,6320,11480,143,0
114400,33626L,11550,2,700,6.45,71.74,135019,96866,-38153,1040,2382,1342,255629,11500,11550,11500,57,2,1,6154,11299,56,1
114400,33626L,11550,2,700,6.45,71.74,135019,96867,-38152,1040,2383,1343,255630,11500,11550,11500,58,2,2,6153,11301,56,2
114500,33626L,11600,2,750,6.91,71.88,135019,97046,-37973,1040,2385,1345,255809,11550,11600,11550,179,0,2,6755,11049,0,179
114500,33626L,11550,2,700,6.45,71.63,135493,97056,-38437,1042,2386,1344,256293,11550,11600,11550,663,2,3,6111,11232,474,189
114600,33626L,11600,2,750,6.91,72.11,135493,97704,-37789,1042,2388,1346,256941,11550,11600,11550,648,0,2,6755,10553,0,648
114600,33626L,11550,2,700,6.45,72.09,135535,97704,-37831,1043,2388,1345,256983,11550,11600,11550,690,1,2,6755,10553,42,648
114700,33626L,11550,2,700,6.45,72.09,135535,97704,-37831,1043,2388,1345,256983,11550,11550,11550,0,0,0,6755,10553,0,0
114700,33626L,11500,2,650,5.99,71.91,135879,97704,-38175,1044,2388,1344,257327,11500,11500,11500,344,1,0,5471,11435,344,0
114800,33626L,11500,2,650,5.99,71.9,135882,97705,-38177,1045,2389,1344,257331,11500,11500,11500,3,1,0,5833,11091,3,0
114800,33626L,11500,2,650,5.99,71.91,136355,98049,-38306,1047,2390,1343,258148,11500,11500,11500,820,3,1,5945,11499,476,344
114900,33626L,11500,2,650,5.99,71.48,137175,98051,-39124,1049,2392,1343,258970,11450,11500,11450,822,2,2,5274,15245,820,2
114900,33626L,11500,2,650,5.99,71.36,137397,98052,-39345,1051,2393,1342,259193,11450,11500,11450,1045,4,3,5859,15023,1042,3
115000,33626L,11500,2,650,5.99,71.37,137397,98055,-39342,1051,2394,1343,259196,11500,11500,11500,0,0,0,5073,15023,0,0
115000,33626L,11500,2,650,5.99,71.37,137397,98055,-39342,1051,2394,1343,259196,11500,11500,11500,0,0,0,5073,15023,0,0
115100,33626L,11500,2,650,5.99,71.37,137400,98056,-39344,1052,2395,1343,259200,11450,11500,11450,4,1,1,5070,15376,3,1
115100,33626L,11500,2,650,5.99,71.37,137400,98056,-39344,1052,2395,1343,259200,11450,11500,11450,4,1,1,5070,15376,3,1
115200,33626L,11450,2,600,5.53,71.36,137402,98056,-39346,1053,2395,1342,259202,11450,11450,11450,2,1,0,5069,15766,2,0
115300,33626L,11500,2,650,5.99,71.37,137402,98057,-39345,1053,2396,1343,259203,11500,11500,11500,0,0,0,5293,16019,0,0
115300,33626L,11500,2,650,5.99,71.73,137402,98558,-38844,1053,2400,1347,259704,11500,11550,11500,501,0,4,4995,16019,0,501
115400,33626L,11500,2,650,5.99,71.73,137402,98558,-38844,1053,2400,1347,259704,11500,11500,11500,0,0,0,4995,16019,0,0
115400,33626L,11500,2,650,5.99,71.8,137402,98657,-38745,1053,2402,1349,259803,11500,11500,11500,99,0,2,5062,16517,0,99
115500,33626L,11550,2,700,6.45,71.77,137457,98658,-38799,1054,2403,1349,259859,11550,11550,11550,0,0,0,5757,12204,0,0
115500,33626L,11500,2,650,5.99,71.76,137477,98658,-38819,1055,2403,1348,259879,11500,11500,11500,20,1,0,5609,12205,20,0
115600,33626L,11550,2,700,6.45,71.91,137477,98858,-38619,1055,2404,1349,260079,11550,11550,11550,0,0,0,5609,11556,0,0
115600,33626L,11500,2,650,5.99,71.89,137601,98926,-38675,1056,2405,1349,260271,11550,11550,11500,192,1,1,5421,11818,124,68
115700,33626L,11550,2,700,6.45,72.03,137601,99113,-38488,1056,2407,1351,260458,11550,11550,11550,87,0,1,5461,11866,0,87
115700,33626L,11550,2,700,6.45,72.03,137601,99114,-38487,1056,2408,1352,260459,11550,11550,11550,88,0,2,5594,15285,0,88
115800,33626L,11550,2,700,6.45,72.03,137601,99114,-38487,1056,2408,1352,260459,11550,11550,11550,0,0,0,5594,15285,0,0
115800,33626L,11550,2,700,6.45,72.03,137601,99114,-38487,1056,2408,1352,260459,11550,11550,11550,0,0,0,5594,15285,0,0
115900,33626L,11500,2,650,5.99,72.01,137789,99226,-38563,1057,2409,1352,260759,11500,11500,11500,300,1,1,4857,15548,188,112
115900,33626L,11500,2,650,5.99,71.97,137877,99226,-38651,1058,2409,1351,260847,11500,11500,11500,388,2,1,5682,11854,276,112
120000,33626L,11500,2,650,5.99,71.97,137877,99226,-38651,1058,2409,1351,260847,11500,11500,11500,0,0,0,5682,11854,0,0
120000,33626L,11500,2,650,5.99,71.97,137877,99226,-38651,1058,2409,1351,260847,11500,11500,11500,0,0,0,4817,15848,0,0
120100,33626L,11500,2,650,5.99,71.97,137877,99226,-38651,1058,2409,1351,260847,11500,11500,11500,0,0,0,4817,15848,0,0
120100,33626L,11550,2,700,6.45,72.11,138269,99701,-38568,1059,2412,1353,261714,11500,11600,11500,867,1,3,6054,11905,392,475
120200,33626L,11550,2,700,6.45,72.11,138269,99701,-38568,1059,2412,1353,261714,11550,11550,11550,0,0,0,6054,11905,0,0
120200,33626L,11550,2,700,6.45,72.11,138269,99701,-38568,1059,2412,1353,261714,11550,11550,11550,0,0,0,6054,11905,0,0
120300,33626L,11450,2,600,5.53,71.91,138642,99701,-38941,1062,2412,1350,262087,11450,11450,11450,370,2,0,5480,15325,370,0
120300,33626L,11450,2,600,5.53,71.89,138680,99701,-38979,1063,2412,1349,262125,11450,11450,11450,408,3,0,5480,14985,408,0
120400,33626L,11450,2,600,5.53,71.89,138680,99701,-38979,1063,2412,1349,262125,11450,11450,11450,0,0,0,5480,14985,0,0
120400,33626L,11450,2,600,5.53,71.89,138680,99701,-38979,1063,2412,1349,262125,11450,11450,11450,0,0,0,5243,14982,0,0
120500,33626L,11450,2,600,5.53,71.89,138680,99701,-38979,1063,2412,1349,262125,11450,11450,11450,0,0,0,4389,14982,0,0
120500,33626L,11500,2,650,5.99,71.95,138680,99784,-38896,1063,2414,1351,262208,11500,11500,11500,83,0,2,4859,14992,0,83
120600,33626L,11500,2,650,5.99,71.97,138727,99837,-38890,1064,2415,1351,262308,11500,11500,11500,100,1,1,5039,15042,47,53
120600,33626L,11550,2,700,6.45,72.03,138727,99924,-38803,1064,2416,1352,262395,11500,11550,11500,187,1,2,5923,11918,47,140
120700,33626L,11500,2,650,5.99,72.02,138738,99924,-38814,1065,2416,1351,262406,11500,11500,11500,11,1,0,5837,11918,11,0
120700,33626L,11500,2,650,5.99,71.67,139430,99924,-39506,1069,2416,1347,263098,11500,11500,11500,703,5,0,5837,11770,703,0
120800,33626L,11450,2,600,5.53,71.55,139656,99924,-39732,1071,2416,1345,263324,11450,11450,11450,226,2,0,4945,14846,226,0
120800,33626L,11450,2,600,5.53,71.55,139656,99924,-39732,1071,2416,1345,263324,11450,11450,11450,226,2,0,4945,14846,226,0
120900,33626L,11450,2,600,5.53,71.55,139656,99924,-39732,1071,2416,1345,263324,11450,11450,11450,0,0,0,4945,14846,0,0
121000,33626L,11500,2,650,5.99,71.54,139692,99934,-39758,1072,2417,1345,263370,11500,11500,11500,0,0,0,4995,14797,0,0
121000,33626L,11500,2,650,5.99,71.54,139692,99934,-39758,1072,2417,1345,263370,11500,11500,11500,0,0,0,4995,14797,0,0
121100,33626L,11450,2,600,5.53,71.5,139766,99934,-39832,1075,2417,1342,263444,11450,11450,11450,0,0,0,4987,14882,0,0
121100,33626L,11450,2,600,5.53,71.5,139766,99934,-39832,1075,2417,1342,263444,11450,11450,11450,0,0,0,4987,14882,0,0
121200,33626L,11450,2,600,5.53,71.45,139856,99934,-39922,1076,2417,1341,263534,11450,11450,11450,0,0,0,4905,14815,0,0
121200,33626L,11450,2,600,5.53,71.45,139856,99934,-39922,1076,2417,1341,263534,11450,11450,11450,0,0,0,4905,14815,0,0
121300,33626L,11450,2,600,5.53,71.45,139856,99934,-39922,1076,2417,1341,263534,11450,11450,11450,0,0,0,4907,15282,0,0
121300,33626L,11450,2,600,5.53,71.4,139960,99934,-40026,1077,2417,1340,263638,11450,11450,11450,104,1,0,4907,15826,104,0
121400,33626L,11450,2,600,5.53,71.38,140008,99934,-40074,1078,2417,1339,263686,11450,11450,11450,48,1,0,4407,15802,48,0
121400,33626L,11500,2,650,5.99,71.4,140010,99970,-40040,1080,2418,1338,263724,11450,11500,11450,86,3,1,4607,15808,50,36
121500,33626L,11500,2,650,5.99,71.41,140013,99979,-40034,1081,2420,1339,263736,11500,11500,11500,1,0,1,4563,15810,0,1
121500,33626L,11400,2,550,5.07,71.48,140023,100095,-39928,1082,2421,1339,263862,11500,11500,11400,127,1,2,4288,16192,10,117
121600,33626L,11400,2,550,5.07,71.48,140023,100095,-39928,1082,2421,1339,263862,11400,11400,11400,0,0,0,4288,16192,0,0
121600,33626L,11450,2,600,5.53,71.57,140025,100220,-39805,1083,2423,1340,263989,11400,11450,11400,127,1,2,4387,16231,2,125
121700,33626L,11450,2,600,5.53,71.7,140025,100392,-39633,1083,2424,1341,264161,11450,11450,11450,172,0,1,4379,16231,0,172
121700,33626L,11500,2,650,5.99,71.7,140025,100393,-39632,1083,2425,1342,264162,11450,11500,11450,173,0,2,4718,16232,0,173
121800,33626L,11500,2,650,5.99,71.7,140028,100394,-39634,1084,2426,1342,264166,11500,11500,11500,1,0,1,4728,16228,0,1
121800,33626L,11450,2,600,5.53,71.62,140181,100395,-39786,1086,2427,1341,264320,11500,11500,11400,155,2,2,4581,15751,153,2
121900,33626L,11450,2,600,5.53,71.7,140181,100512,-39669,1086,2428,1342,264437,11450,11450,11450,117,0,1,5128,15852,0,117
121900,33626L,11450,2,600,5.53,72.19,140190,101199,-38991,1087,2429,1342,265133,11450,11450,11450,813,1,2,4835,15827,9,804
122000,33626L,11450,2,600,5.53,72.19,140190,101199,-38991,1087,2429,1342,265133,11450,11450,11450,0,0,0,4835,15827,0,0
122000,33626L,11450,2,600,5.53,72.27,140190,101317,-38873,1087,2430,1343,265251,11450,11450,11450,118,0,1,4453,16616,0,118
122100,33626L,11500,2,650,5.99,72.27,140190,101318,-38872,1087,2431,1344,265252,11500,11500,11500,1,0,1,5246,16837,0,1
122100,33626L,11450,2,600,5.53,72.27,140191,101318,-38873,1088,2431,1343,265253,11500,11500,11450,2,1,1,5390,16988,1,1
122200,33626L,11450,2,600,5.53,72.27,140191,101318,-38873,1088,2431,1343,265253,11450,11450,11450,0,0,0,5390,16988,0,0
122200,33626L,11450,2,600,5.53,72.27,140191,101318,-38873,1088,2431,1343,265253,11450,11450,11450,0,0,0,5390,16988,0,0
122300,33626L,11500,2,650,5.99,72.2,140336,101319,-39017,1089,2432,1343,265399,11450,11500,11450,146,1,1,5245,17067,145,1
122300,33626L,11500,2,650,5.99,72.2,140336,101319,-39017,1089,2432,1343,265399,11450,11500,11450,146,1,1,5245,17067,145,1
122400,33626L,11500,2,650,5.99,72.2,140336,101319,-39017,1089,2432,1343,265399,11500,11500,11500,0,0,0,5245,17067,0,0
122400,33626L,11500,2,650,5.99,72.2,140336,101319,-39017,1089,2432,1343,265399,11500,11500,11500,0,0,0,5229,17067,0,0
122500,33626L,11500,2,650,5.99,72.2,140336,101319,-39017,1089,2432,1343,265399,11500,11500,11500,0,0,0,5229,17067,0,0
122500,33626L,11500,2,650,5.99,72.2,140336,101319,-39017,1089,2432,1343,265399,11500,11500,11500,0,0,0,5229,17067,0,0
122600,33626L,11500,2,650,5.99,72.27,140336,101423,-38913,1089,2433,1344,265503,11500,11500,11500,104,0,1,5229,17952,0,104
122600,33626L,11500,2,650,5.99,72.27,140336,101423,-38913,1089,2433,1344,265503,11500,11500,11500,104,0,1,5229,17952,0,104
122700,33626L,11500,2,650,5.99,72.27,140336,101423,-38913,1089,2433,1344,265503,11500,11500,11500,0,0,0,5143,17852,0,0
122800,33626L,11500,2,650,5.99,72.27,140336,101423,-38913,1089,2433,1344,265503,11500,11500,11500,0,0,0,5213,17852,0,0
122800,33626L,11500,2,650,5.99,72.27,140336,101423,-38913,1089,2433,1344,265503,11500,11500,11500,0,0,0,5143,17852,0,0
122900,33626L,11500,2,650,5.99,72.32,140336,101489,-38847,1089,2434,1345,265569,11500,11500,11500,66,0,1,5143,16967,0,66
122900,33626L,11500,2,650,5.99,72.41,140351,101627,-38724,1090,2436,1346,265722,11500,11550,11500,219,1,3,5977,13115,15,204
123000,33626L,11500,2,650,5.99,72.44,140351,101668,-38683,1090,2438,1348,265763,11500,11500,11500,0,0,0,5190,16977,0,0
123000,33626L,11500,2,650,5.99,72.37,140506,101684,-38822,1094,2440,1346,265934,11450,11500,11450,171,4,2,5125,17697,155,16
123100,33626L,11500,2,650,5.99,72.37,140506,101684,-38822,1094,2440,1346,265934,11500,11500,11500,0,0,0,5125,17697,0,0
123100,33626L,11500,2,650,5.99,72.5,140506,101865,-38641,1094,2441,1347,266115,11500,11500,11500,181,0,1,5492,17697,0,181
123200,33626L,11500,2,650,5.99,72.5,140508,101866,-38642,1095,2442,1347,266118,11500,11500,11500,0,0,0,5571,17695,0,0
123200,33626L,11500,2,650,5.99,72.5,140508,101866,-38642,1095,2442,1347,266118,11500,11500,11500,0,0,0,5571,17695,0,0
123300,33626L,11450,2,600,5.53,72.49,140518,101866,-38652,1096,2442,1346,266128,11450,11450,11450,0,0,0,5633,17695,0,0
123300,33626L,11500,2,650,5.99,72.49,140518,101867,-38651,1096,2443,1347,266129,11500,11500,11500,1,0,1,5753,17685,0,1
123400,33626L,11500,2,650,5.99,72.53,140630,102000,-38630,1097,2444,1347,266374,11500,11500,11500,245,1,1,6459,14103,112,133
123400,33626L,11550,2,700,6.45,72.53,140630,102001,-38629,1097,2445,1348,266375,11500,11550,11500,246,1,2,6459,13991,112,134
123500,33626L,11550,2,700,6.45,72.5,140696,102002,-38694,1098,2446,1348,266442,11550,11550,11550,1,0,1,7240,13930,0,1
123500,33626L,11550,2,700,6.45,72.5,140696,102002,-38694,1098,2446,1348,266442,11550,11550,11550,1,0,1,7240,13930,0,1
123600,33626L,11550,2,700,6.45,72.53,140696,102042,-38654,1098,2447,1349,266482,11550,11550,11550,40,0,1,7483,13928,0,40
123700,33626L,11500,2,650,5.99,72.51,140729,102042,-38687,1099,2447,1348,266515,11500,11500,11500,0,0,0,7445,13888,0,0
123700,33626L,11550,2,700,6.45,72.51,140729,102043,-38686,1099,2448,1349,266516,11550,11550,11550,1,0,1,7446,14425,0,1
123800,33626L,11550,2,700,6.45,72.5,140742,102044,-38698,1100,2449,1349,266530,11550,11550,11550,0,0,0,7568,14413,0,0
123800,33626L,11550,2,700,6.45,72.5,140742,102044,-38698,1100,2449,1349,266530,11550,11550,11550,0,0,0,7568,14413,0,0
123900,33626L,11550,2,700,6.45,72.5,140742,102044,-38698,1100,2449,1349,266530,11550,11550,11550,0,0,0,7587,14423,0,0
123900,33626L,11550,2,700,6.45,72.5,140742,102044,-38698,1100,2449,1349,266530,11550,11550,11550,0,0,0,7587,14448,0,0
124000,33626L,11500,2,650,5.99,72.41,140919,102044,-38875,1102,2449,1347,266707,11500,11500,11500,177,2,0,7451,13532,177,0
124000,33626L,11550,2,700,6.45,72.41,140919,102045,-38874,1102,2450,1348,266708,11500,11550,11500,178,2,1,7451,14266,177,1
124100,33626L,11550,2,700,6.45,72.3,141138,102046,-39092,1103,2451,1348,266928,11550,11550,11550,1,0,1,7450,14047,0,1
124100,33626L,11500,2,650,5.99,71.94,141841,102046,-39795,1106,2451,1345,267631,11550,11550,11500,704,3,1,7449,14000,703,1
124200,33626L,11500,2,650,5.99,71.94,141841,102046,-39795,1106,2451,1345,267631,11500,11500,11500,0,0,0,7449,14000,0,0
124200,33626L,11500,2,650,5.99,71.94,141841,102046,-39795,1106,2451,1345,267631,11500,11500,11500,0,0,0,7449,14000,0,0
124300,33626L,11500,2,650,5.99,72.0,141841,102128,-39713,1106,2453,1347,267713,11500,11500,11500,82,0,2,6611,17190,0,82
124400,33626L,11500,2,650,5.99,71.92,141994,102128,-39866,1107,2453,1346,267866,11500,11500,11500,0,0,0,7449,13481,0,0
124400,33626L,11500,2,650,5.99,71.93,141994,102133,-39861,1107,2454,1347,267871,11500,11500,11500,5,0,1,6656,17190,0,5
124500,33626L,11450,2,600,5.53,71.92,142004,102133,-39871,1108,2454,1346,267881,11450,11450,11450,0,0,0,6652,17090,0,0
124500,33626L,11450,2,600,5.53,71.92,142004,102133,-39871,1108,2454,1346,267881,11450,11450,11450,0,0,0,6652,17090,0,0
124600,33626L,11450,2,600,5.53,71.78,142296,102133,-40163,1112,2454,1342,268173,11450,11450,11450,0,0,0,6591,17456,0,0
124600,33626L,11500,2,650,5.99,71.81,142296,102186,-40110,1112,2456,1344,268226,11500,11500,11500,53,0,2,6539,17426,0,53
124700,33626L,11500,2,650,5.99,71.81,142296,102186,-40110,1112,2456,1344,268226,11500,11500,11500,0,0,0,6539,17426,0,0
124700,33626L,11400,2,550,5.07,71.64,142646,102186,-40460,1115,2456,1341,268576,11450,11450,11400,350,3,0,6543,16725,350,0
124800,33626L,11400,2,550,5.07,71.64,142646,102186,-40460,1115,2456,1341,268576,11400,11400,11400,0,0,0,6543,16725,0,0
124800,33626L,11400,2,550,5.07,71.64,142646,102186,-40460,1115,2456,1341,268576,11400,11400,11400,0,0,0,6543,16725,0,0
124900,33626L,11450,2,600,5.53,71.64,142647,102187,-40460,1116,2457,1341,268578,11450,11450,11450,0,0,0,6401,19816,0,0
124900,33626L,11450,2,600,5.53,71.81,142647,102438,-40209,1116,2460,1344,268829,11450,11450,11450,251,0,3,6200,19816,0,251
125000,33626L,11450,2,600,5.53,71.81,142647,102441,-40206,1116,2461,1345,268832,11450,11450,11450,3,0,1,6201,20816,0,3
125000,33626L,11450,2,600,5.53,71.85,142647,102497,-40150,1116,2462,1346,268888,11450,11450,11450,59,0,2,6310,19816,0,59
125100,33626L,11400,2,550,5.07,71.85,142648,102498,-40150,1117,2463,1346,268890,11400,11400,11400,0,0,0,6714,19816,0,0
125100,33626L,11500,2,650,5.99,71.86,142648,102508,-40140,1117,2464,1347,268900,11500,11500,11500,10,0,1,6714,19785,0,10
125200,33626L,11500,2,650,5.99,71.95,142648,102635,-40013,1117,2466,1349,269027,11500,11500,11500,127,0,2,6752,19785,0,127
125200,33626L,11500,2,650,5.99,71.95,142648,102635,-40013,1117,2466,1349,269027,11500,11500,11500,127,0,2,6752,19785,0,127
125300,33626L,11500,2,650,5.99,71.95,142648,102635,-40013,1117,2466,1349,269027,11500,11500,11500,0,0,0,6752,19785,0,0
125300,33626L,11500,2,650,5.99,71.95,142648,102635,-40013,1117,2466,1349,269027,11500,11500,11500,0,0,0,6648,19885,0,0
125400,33626L,11500,2,650,5.99,71.95,142648,102635,-40013,1117,2466,1349,269027,11500,11500,11500,0,0,0,6648,19973,0,0
125400,33626L,11500,2,650,5.99,71.97,142663,102676,-39987,1118,2467,1349,269083,11450,11500,11450,56,1,1,6883,19586,15,41
125500,33626L,11500,2,650,5.99,71.97,142663,102676,-39987,1118,2467,1349,269083,11500,11500,11500,0,0,0,6883,19586,0,0
125500,33626L,11500,2,650,5.99,71.97,142663,102676,-39987,1118,2467,1349,269083,11500,11500,11500,0,0,0,6883,19586,0,0
125600,33626L,11500,2,650,5.99,71.97,142663,102676,-39987,1118,2467,1349,269083,11500,11500,11500,0,0,0,6842,18948,0,0
125700,33626L,11500,2,650,5.99,71.97,142663,102676,-39987,1118,2467,1349,269083,11500,11500,11500,0,0,0,6878,19048,0,0
125700,33626L,11500,2,650,5.99,71.97,142663,102676,-39987,1118,2467,1349,269083,11500,11500,11500,0,0,0,6878,19048,0,0
125800,33626L,11500,2,650,5.99,71.97,142663,102676,-39987,1118,2467,1349,269083,11500,11500,11500,0,0,0,6878,19138,0,0
125800,33626L,11500,2,650,5.99,71.97,142663,102676,-39987,1118,2467,1349,269083,11500,11500,11500,0,0,0,6878,19138,0,0
125900,33626L,11500,2,650,5.99,71.97,142663,102678,-39985,1118,2468,1350,269085,11500,11500,11500,2,0,1,6878,19138,0,2
125900,33626L,11500,2,650,5.99,71.97,142663,102678,-39985,1118,2468,1350,269085,11500,11500,11500,2,0,1,6878,19138,0,2
130000,33626L,11500,2,650,5.99,72.04,142663,102776,-39887,1118,2469,1351,269183,11500,11500,11500,98,0,1,6876,18637,0,98
130000,33626L,11500,2,650,5.99,72.06,142663,102796,-39867,1118,2470,1352,269203,11500,11500,11500,118,0,2,7008,18588,0,118
130100,33626L,11500,2,650,5.99,72.06,142663,102796,-39867,1118,2470,1352,269203,11500,11500,11500,0,0,0,7008,18588,0,0
130100,33626L,11500,2,650,5.99,72.06,142663,102796,-39867,1118,2470,1352,269203,11500,11500,11500,0,0,0,6990,18588,0,0
130200,33626L,11500,2,650,5.99,72.06,142663,102796,-39867,1118,2470,1352,269203,11500,11500,11500,0,0,0,6990,18638,0,0
130200,33626L,11500,2,650,5.99,72.06,142663,102796,-39867,1118,2470,1352,269203,11500,11500,11500,0,0,0,6990,18538,0,0
130300,33626L,11500,2,650,5.99,72.1,142663,102867,-39796,1118,2471,1353,269274,11500,11500,11500,71,0,1,7224,18637,0,71
130300,33626L,11500,2,650,5.99,72.11,142663,102868,-39795,1118,2472,1354,269275,11500,11500,11500,72,0,2,7342,18639,0,72
130400,33626L,11500,2,650,5.99,72.11,142663,102868,-39795,1118,2472,1354,269275,11500,11500,11500,0,0,0,7342,18639,0,0
130400,33626L,11450,2,600,5.53,71.72,143437,102868,-40569,1121,2472,1351,270049,11450,11450,11450,774,3,0,7312,18399,774,0
130500,33626L,11200,2,350,3.23,65.66,157123,103160,-53963,1128,2476,1348,284027,11400,11400,11200,13978,7,4,6802,7039,13686,292
130500,33626L,11350,2,500,4.61,66.26,157128,104118,-53010,1130,2482,1352,284990,11400,11400,11200,14941,9,10,6466,7801,13691,1250
130600,33626L,11300,2,450,4.15,66.23,157208,104119,-53089,1132,2483,1351,285071,11250,11300,11250,81,2,1,6165,7957,80,1
130600,33626L,11200,2,350,3.23,65.69,158504,104120,-54384,1136,2484,1348,286368,11250,11300,11200,1378,6,2,5707,12090,1376,2
130700,33626L,11250,2,400,3.69,65.85,158515,104390,-54125,1138,2490,1352,286649,11200,11250,11200,179,1,3,5357,12379,10,169
130700,33626L,11300,2,450,4.15,66.06,158756,104870,-53886,1141,2494,1353,287370,11200,11300,11200,900,4,7,5915,9091,251,649
130800,33626L,11250,2,400,3.69,66.17,159020,105219,-53801,1143,2497,1354,287983,11250,11250,11200,613,2,3,5423,13653,264,349
130800,33626L,11200,2,350,3.23,66.12,159164,105246,-53918,1146,2500,1354,288154,11250,11300,11200,784,5,6,5968,14324,408,376
130900,33626L,11200,2,350,3.23,66.24,159165,105432,-53733,1147,2502,1355,288341,11250,11250,11200,187,1,2,6016,14962,1,186
131000,33626L,11200,2,350,3.23,66.24,159165,105432,-53733,1147,2502,1355,288341,11200,11200,11200,0,0,0,6016,14962,0,0
131000,33626L,11250,2,400,3.69,66.24,159565,105690,-53875,1148,2504,1356,288999,11300,11300,11250,658,1,2,6401,16000,400,258
131100,33626L,11300,2,450,4.15,66.25,159565,105711,-53854,1148,2505,1357,289020,11300,11300,11300,0,0,0,6432,16499,0,0
131100,33626L,11250,2,400,3.69,66.37,159566,105907,-53659,1149,2508,1359,289217,11300,11300,11250,197,1,3,6508,11589,1,196
131200,33626L,11300,2,450,4.15,66.43,159566,106002,-53564,1149,2512,1363,289312,11300,11300,11300,8,0,1,6717,11588,0,8
131200,33626L,11250,2,400,3.69,66.46,159782,106184,-53598,1150,2514,1364,289710,11300,11300,11250,406,1,3,6528,11788,216,190
131300,33626L,11200,2,350,3.23,65.93,161063,106184,-54879,1156,2514,1358,290991,11250,11250,11200,961,4,0,6307,12769,961,0
131300,33626L,11250,2,400,3.69,66.05,161128,106419,-54709,1157,2515,1358,291291,11250,11250,11200,1261,5,1,6072,12161,1026,235
131400,33626L,11300,2,450,4.15,66.14,161155,106585,-54570,1159,2517,1358,291484,11300,11300,11300,171,1,2,5958,17575,5,166
131400,33626L,11300,2,450,4.15,66.14,161216,106623,-54593,1162,2519,1357,291583,11300,11300,11300,270,4,4,6046,16606,66,204
131500,33626L,11300,2,450,4.15,66.14,161216,106623,-54593,1162,2519,1357,291583,11300,11300,11300,0,0,0,6046,16606,0,0
131500,33626L,11300,2,450,4.15,65.52,162837,106693,-56144,1163,2522,1359,293274,11250,11300,11250,1691,1,3,6191,16010,1621,70
131600,33626L,11300,2,450,4.15,65.76,162837,107080,-55757,1163,2523,1360,293661,11300,11300,11300,0,0,0,6131,16010,0,0
131600,33626L,11300,2,450,4.15,65.85,162837,107236,-55601,1163,2526,1363,293817,11300,11300,11300,156,0,3,5612,17534,0,156
131700,33626L,11300,2,450,4.15,65.89,162837,107288,-55549,1163,2528,1365,293869,11300,11300,11300,52,0,2,5608,17529,0,52
131700,33626L,11300,2,450,4.15,65.92,162837,107339,-55498,1163,2530,1367,293920,11300,11300,11300,103,0,4,5548,17294,0,103
131800,33626L,11350,2,500,4.61,65.92,162837,107340,-55497,1163,2531,1368,293921,11350,11350,11350,1,0,1,5649,17020,0,1
131800,33626L,11300,2,450,4.15,65.91,162847,107340,-55507,1164,2531,1367,293931,11350,11350,11300,11,1,1,5940,17020,10,1
131900,33626L,11250,2,400,3.69,65.75,163363,107404,-55959,1168,2532,1364,294511,11300,11300,11250,550,3,1,5796,17210,486,64
131900,33626L,11250,2,400,3.69,65.7,163482,107404,-56078,1170,2532,1362,294630,11300,11300,11250,669,5,1,6512,16929,605,64
132000,33626L,11250,2,400,3.69,65.58,163782,107404,-56378,1171,2532,1361,294930,11250,11250,11250,300,1,0,5910,16456,300,0
132100,33626L,11250,2,400,3.69,65.49,164003,107404,-56599,1173,2532,1359,295151,11250,11250,11250,0,0,0,5965,16396,0,0
132100,33626L,11250,2,400,3.69,65.49,164004,107404,-56600,1174,2532,1358,295152,11250,11250,11250,1,1,0,5965,15991,1,0
132200,33626L,11250,2,400,3.69,65.47,164104,107434,-56670,1175,2533,1358,295282,11250,11250,11250,0,0,0,5935,15961,0,0
132200,33626L,11250,2,400,3.69,65.45,164159,107434,-56725,1176,2533,1357,295337,11250,11250,11250,55,1,0,5935,15873,55,0
132300,33626L,11300,2,450,4.15,65.65,164410,107939,-56471,1178,2536,1358,296093,11300,11350,11300,256,2,2,5809,15136,251,5
132300,33626L,11300,2,450,4.15,65.56,164640,107939,-56701,1179,2536,1357,296323,11300,11350,11300,486,3,2,5809,15971,481,5
132400,33626L,11300,2,450,4.15,65.68,164642,108139,-56503,1180,2539,1359,296525,11300,11300,11300,200,0,3,4721,16774,0,200
132400,33626L,11350,2,500,4.61,65.61,164814,108142,-56672,1182,2542,1360,296700,11300,11350,11300,375,2,6,5144,16349,172,203
132500,33626L,11350,2,500,4.61,66.01,164814,108792,-56022,1182,2543,1361,297350,11350,11350,11350,650,0,1,5390,16459,0,650
132500,33626L,11400,2,550,5.07,66.01,164814,108800,-56014,1182,2545,1363,297358,11350,11400,11350,658,0,3,4740,16459,0,658
132600,33626L,11400,2,550,5.07,66.01,164814,108800,-56014,1182,2545,1363,297358,11400,11400,11400,0,0,0,4740,16459,0,0
132600,33626L,11400,2,550,5.07,66.01,164814,108800,-56014,1182,2545,1363,297358,11400,11400,11400,0,0,0,4740,16459,0,0
132700,33626L,11300,2,450,4.15,66.01,164831,108800,-56031,1183,2545,1362,297375,11300,11300,11300,17,1,0,4856,14923,17,0
132800,33626L,11300,2,450,4.15,65.94,165007,108800,-56207,1184,2545,1361,297551,11300,11300,11300,0,0,0,4866,15812,0,0
132800,33626L,11250,2,400,3.69,65.52,166052,108800,-57252,1187,2545,1358,298596,11300,11300,11250,1045,3,0,4960,15618,1045,0
132900,33626L,11250,2,400,3.69,65.52,166052,108800,-57252,1187,2545,1358,298596,11250,11250,11250,0,0,0,4960,15618,0,0
132900,33626L,11300,2,450,4.15,65.48,166152,108800,-57352,1188,2545,1357,298696,11300,11300,11300,100,1,0,4960,14533,100,0
133000,33626L,11300,2,450,4.15,65.48,166162,108801,-57361,1189,2546,1357,298707,11300,11300,11300,0,0,0,4959,14428,0,0
133000,33626L,11350,2,500,4.61,65.54,166162,108900,-57262,1189,2547,1358,298806,11350,11350,11350,99,0,1,4949,15065,0,99
133100,33626L,11400,2,550,5.07,65.71,166162,109193,-56969,1189,2550,1361,299099,11400,11400,11400,7,0,1,4924,18149,0,7
133100,33626L,11400,2,550,5.07,65.73,166412,109385,-57027,1191,2551,1360,299541,11400,11400,11400,449,2,2,5978,17982,250,199
133200,33626L,11350,2,500,4.61,65.64,166712,109423,-57289,1192,2552,1360,299879,11400,11400,11350,338,1,1,5223,18851,300,38
133200,33626L,11350,2,500,4.61,65.37,167388,109423,-57965,1197,2552,1355,300555,11400,11400,11350,1014,6,1,5023,17968,976,38
133300,33626L,11400,2,550,5.07,65.43,167388,109524,-57864,1197,2554,1357,300656,11400,11400,11400,100,0,1,5118,18522,0,100
133300,33626L,11400,2,550,5.07,65.63,167388,109849,-57539,1197,2557,1360,300981,11400,11400,11400,425,0,4,5073,18324,0,425
133400,33626L,11450,2,600,5.53,65.53,167820,109970,-57850,1199,2558,1359,301534,11400,11450,11400,553,2,1,6309,22181,432,121
133400,33626L,11400,2,550,5.07,65.27,168490,109971,-58519,1200,2559,1359,302205,11400,11450,11400,1224,3,2,6781,20155,1102,122
133500,33626L,11400,2,550,5.07,65.24,168874,110171,-58703,1203,2560,1357,302789,11450,11450,11400,434,2,1,6510,19064,234,200
133500,33626L,11450,2,600,5.53,65.36,168874,110376,-58498,1203,2561,1358,302994,11450,11450,11400,639,2,2,6710,18901,234,405
133600,33626L,11400,2,550,5.07,65.39,168880,110436,-58444,1205,2562,1357,303060,11400,11400,11400,1,1,0,6544,18898,1,0
133600,33626L,11400,2,550,5.07,65.49,168928,110635,-58293,1207,2563,1356,303307,11400,11400,11400,248,3,1,6544,20862,49,199
133700,33626L,11400,2,550,5.07,65.15,169824,110635,-59189,1210,2563,1353,304203,11400,11400,11400,896,3,0,6497,20220,896,0
133700,33626L,11400,2,550,5.07,64.76,170848,110635,-60213,1212,2563,1351,305227,11400,11400,11400,1920,5,0,6497,19424,1920,0
133800,33626L,11400,2,550,5.07,64.76,170848,110635,-60213,1212,2563,1351,305227,11400,11400,11400,0,0,0,6497,19424,0,0
133900,33626L,11400,2,550,5.07,64.76,170848,110635,-60213,1212,2563,1351,305227,11400,11400,11400,0,0,0,5305,19899,0,0
133900,33626L,11400,2,550,5.07,64.76,170848,110635,-60213,1212,2563,1351,305227,11400,11400,11400,0,0,0,5309,19899,0,0
134000,33626L,11400,2,550,5.07,64.76,170848,110635,-60213,1212,2563,1351,305227,11400,11400,11400,0,0,0,5497,19899,0,0
134000,33626L,11400,2,550,5.07,64.76,170848,110635,-60213,1212,2563,1351,305227,11400,11400,11400,0,0,0,5497,19909,0,0
134100,33626L,11400,2,550,5.07,64.76,170848,110635,-60213,1212,2563,1351,305227,11400,11400,11400,0,0,0,5497,19909,0,0
134100,33626L,11350,2,500,4.61,64.58,171326,110635,-60691,1213,2563,1350,305705,11350,11350,11350,478,1,0,5097,16725,478,0
134200,33626L,11350,2,500,4.61,64.58,171326,110635,-60691,1213,2563,1350,305705,11350,11350,11350,0,0,0,5097,16725,0,0
134200,33626L,11300,2,450,4.15,64.47,171612,110635,-60977,1215,2563,1348,305991,11300,11300,11300,286,2,0,5094,16487,286,0
134300,33626L,11300,2,450,4.15,64.4,171797,110636,-61161,1216,2564,1348,306177,11300,11300,11300,1,0,1,5267,17148,0,1
134300,33626L,11300,2,450,4.15,64.58,171797,110938,-60859,1216,2566,1350,306479,11300,11300,11300,303,0,3,4967,17147,0,303
134400,33626L,11250,2,400,3.69,64.54,171897,110938,-60959,1217,2566,1349,306579,11250,11250,11250,0,0,0,4964,17147,0,0
134400,33626L,11250,2,400,3.69,64.54,171897,110938,-60959,1217,2566,1349,306579,11250,11250,11250,0,0,0,4964,17147,0,0
134500,33626L,11250,2,400,3.69,64.23,172707,110938,-61769,1219,2566,1347,307389,11250,11250,11250,0,0,0,5028,20364,0,0
134500,33626L,11250,2,400,3.69,64.23,172719,110938,-61781,1220,2566,1346,307401,11250,11250,11250,12,1,0,4946,20278,12,0
134600,33626L,11250,2,400,3.69,63.63,174356,110938,-63418,1222,2566,1344,309038,11250,11250,11250,1635,1,0,5376,16231,1635,0
134600,33626L,11200,2,350,3.23,63.56,174545,110938,-63607,1224,2566,1342,309227,11250,11250,11200,1824,3,0,5493,14928,1824,0
134700,33626L,11200,2,350,3.23,63.4,174987,110938,-64049,1228,2566,1338,309669,11200,11200,11200,185,2,0,5243,14447,185,0
134700,33626L,11200,2,350,3.23,63.15,176848,111683,-65165,1234,2567,1333,312275,11200,11200,11200,2791,8,1,4983,13144,2046,745
134800,33626L,11200,2,350,3.23,63.28,177338,112218,-65120,1236,2569,1333,313300,11200,11200,11200,1000,1,2,4691,13581,465,535
134800,33626L,11250,2,400,3.69,63.83,177623,113375,-64248,1237,2572,1335,314742,11200,11250,11200,2442,2,5,5297,15936,750,1692
134900,33626L,11250,2,400,3.69,63.87,177723,113505,-64218,1238,2573,1335,314972,11200,11250,11200,230,1,1,5285,15836,100,130
134900,33626L,11250,2,400,3.69,63.89,177820,113612,-64208,1239,2575,1336,315176,11200,11250,11200,434,2,3,7583,15957,197,237
135000,33626L,11250,2,400,3.69,63.89,177820,113612,-64208,1239,2575,1336,315176,11250,11250,11250,0,0,0,7583,15957,0,0
135000,33626L,11250,2,400,3.69,63.59,178672,113612,-65060,1240,2575,1335,316028,11250,11250,11250,852,1,0,7583,13344,852,0
135100,33626L,11200,2,350,3.23,63.58,178703,113612,-65091,1242,2575,1333,316059,11300,11300,11200,31,2,0,7583,12492,31,0
135100,33626L,11250,2,400,3.69,63.57,178731,113612,-65119,1243,2575,1332,316087,11300,11300,11200,59,3,0,7583,14131,59,0
135200,33626L,11250,2,400,3.69,63.57,178731,113622,-65109,1243,2576,1333,316097,11250,11250,11250,10,0,1,5138,14537,0,10
135300,33626L,11250,2,400,3.69,63.57,178731,113622,-65109,1243,2576,1333,316097,11250,11250,11250,0,0,0,5138,14537,0,0
135300,33626L,11250,2,400,3.69,63.57,178731,113623,-65108,1243,2577,1334,316098,11250,11250,11250,1,0,1,4861,14451,0,1
135400,33626L,11200,2,350,3.23,63.57,178741,113623,-65118,1244,2577,1333,316108,11200,11200,11200,0,0,0,5127,14494,0,0
135400,33626L,11200,2,350,3.23,63.57,178741,113623,-65118,1244,2577,1333,316108,11200,11200,11200,0,0,0,5127,14494,0,0
135500,33626L,11200,2,350,3.23,63.57,178741,113623,-65118,1244,2577,1333,316108,11200,11200,11200,0,0,0,5127,14438,0,0
135500,33626L,11250,2,400,3.69,63.39,179241,113628,-65613,1245,2578,1333,316613,11200,11250,11200,505,1,1,5122,16045,500,5
135600,33626L,11250,2,400,3.69,63.39,179241,113628,-65613,1245,2578,1333,316613,11250,11250,11250,0,0,0,5122,16045,0,0
135600,33626L,11200,2,350,3.23,63.36,179328,113628,-65700,1247,2578,1331,316700,11200,11200,11200,87,2,0,5126,13777,87,0
135700,33626L,11200,2,350,3.23,63.35,179378,113628,-65750,1248,2578,1330,316750,11200,11200,11200,50,1,0,5126,13896,50,0
135700,33626L,11200,2,350,3.23,63.35,179512,113728,-65784,1250,2579,1329,316984,11200,11200,11200,284,3,1,4468,14156,184,100
135800,33626L,11200,2,350,3.23,63.36,179512,113738,-65774,1250,2580,1330,316994,11200,11200,11200,10,0,1,5166,14156,0,10
135800,33626L,11200,2,350,3.23,63.36,179512,113738,-65774,1250,2580,1330,316994,11200,11200,11200,10,0,1,5166,14156,0,10
135900,33626L,11150,2,300,2.76,62.73,181312,113738,-67574,1253,2580,1327,318794,11150,11150,11150,385,1,0,5219,14742,385,0
135900,33626L,11150,2,300,2.76,62.49,182000,113738,-68262,1258,2580,1322,319482,11150,11150,11150,1073,6,0,3224,12230,1073,0
140000,33626L,11150,2,300,2.76,62.5,182000,113758,-68242,1258,2581,1323,319502,11150,11150,11150,20,0,1,2279,12909,0,20
140000,33626L,11150,2,300,2.76,62.5,182000,113758,-68242,1258,2581,1323,319502,11150,11150,11150,20,0,1,2279,12909,0,20
140100,33626L,11150,2,300,2.76,62.53,182017,113816,-68201,1259,2582,1323,319577,11150,11150,11150,0,0,0,2315,12943,0,0
140100,33626L,11150,2,300,2.76,62.48,182169,113816,-68353,1262,2582,1320,319729,11150,11150,11150,152,3,0,3264,14739,152,0
140200,33626L,11150,2,300,2.76,62.37,182505,113826,-68679,1265,2584,1319,320075,11100,11150,11100,288,1,1,2319,14723,286,2
140200,33626L,11100,2,250,2.3,62.21,182980,113826,-69154,1267,2584,1317,320550,11100,11150,11100,763,3,1,2336,13608,761,2
140300,33626L,11100,2,250,2.3,62.21,182985,113826,-69159,1268,2584,1316,320555,11100,11100,11100,5,1,0,2386,13473,5,0
140300,33626L,11150,2,300,2.76,62.22,182990,113855,-69135,1269,2586,1317,320589,11100,11150,11100,39,2,2,3255,13141,10,29
140400,33626L,11200,2,350,3.23,62.38,182990,114155,-68835,1269,2588,1319,320889,11200,11200,11200,100,0,1,3179,13608,0,100
140400,33626L,11200,2,350,3.23,62.47,182994,114317,-68677,1270,2591,1321,321055,11200,11200,11200,266,1,4,3100,14317,4,262
140500,33626L,11250,2,400,3.69,62.49,183106,114420,-68686,1271,2593,1322,321270,11250,11250,11250,215,1,2,4296,14189,112,103
140500,33626L,11200,2,350,3.23,62.49,183111,114420,-68691,1272,2593,1321,321275,11250,11250,11200,220,2,2,4381,13991,117,103
140600,33626L,11200,2,350,3.23,62.48,183138,114420,-68718,1274,2593,1319,321302,11200,11200,11200,27,2,0,4420,12978,27,0
140700,33626L,11200,2,350,3.23,62.48,183138,114420,-68718,1274,2593,1319,321302,11200,11200,11200,0,0,0,4420,12978,0,0
140700,33626L,11200,2,350,3.23,62.47,183146,114420,-68726,1275,2593,1318,321310,11200,11200,11200,8,1,0,4441,13090,8,0
140800,33626L,11200,2,350,3.23,62.47,183151,114420,-68731,1276,2593,1317,321315,11200,11200,11200,0,0,0,4441,13082,0,0
140800,33626L,11200,2,350,3.23,62.47,183151,114420,-68731,1276,2593,1317,321315,11200,11200,11200,0,0,0,4441,13082,0,0
140900,33626L,11250,2,400,3.69,62.49,183151,114442,-68709,1276,2594,1318,321337,11250,11250,11250,0,0,0,4441,12854,0,0
140900,33626L,11350,2,500,4.61,62.59,183151,114641,-68510,1276,2597,1321,321536,11250,11350,11250,199,0,3,4419,12854,0,199
141000,33626L,11350,2,500,4.61,62.62,183151,114690,-68461,1276,2601,1325,321585,11350,11350,11350,0,0,0,7676,13303,0,0
141000,33626L,11200,2,350,3.23,62.62,183152,114692,-68460,1277,2602,1325,321588,11350,11350,11200,3,1,1,7772,11134,1,2
141100,33626L,11200,2,350,3.23,62.62,183152,114692,-68460,1277,2602,1325,321588,11200,11200,11200,0,0,0,7772,11134,0,0
141100,33626L,11200,2,350,3.23,62.62,183152,114692,-68460,1277,2602,1325,321588,11200,11200,11200,0,0,0,7772,11134,0,0
141200,33626L,11200,2,350,3.23,62.62,183152,114692,-68460,1277,2602,1325,321588,11200,11200,11200,0,0,0,7973,10723,0,0
141200,33626L,11200,2,350,3.23,62.62,183152,114692,-68460,1277,2602,1325,321588,11200,11200,11200,0,0,0,8360,10723,0,0
141300,33626L,11200,2,350,3.23,62.62,183152,114692,-68460,1277,2602,1325,321588,11200,11200,11200,0,0,0,7973,10723,0,0
141300,33626L,11200,2,350,3.23,62.61,183174,114693,-68481,1279,2603,1324,321611,11250,11350,11200,23,2,1,8373,11418,22,1
141400,33626L,11200,2,350,3.23,62.48,183573,114693,-68880,1282,2603,1321,322010,11200,11200,11200,389,2,0,5352,13739,389,0
141400,33626L,11200,2,350,3.23,62.52,183685,114839,-68846,1284,2605,1321,322268,11200,11200,11200,647,4,2,4611,13548,501,146
141500,33626L,11300,2,450,4.15,62.52,183685,114840,-68845,1284,2606,1322,322269,11300,11300,11300,1,0,1,5273,13472,0,1
141500,33626L,11300,2,450,4.15,62.52,183685,114840,-68845,1284,2606,1322,322269,11300,11300,11300,1,0,1,5273,13472,0,1
141600,33626L,11300,2,450,4.15,62.52,183685,114840,-68845,1284,2606,1322,322269,11300,11300,11300,0,0,0,5273,13472,0,0
141600,33626L,11300,2,450,4.15,62.52,183685,114840,-68845,1284,2606,1322,322269,11300,11300,11300,0,0,0,5337,13640,0,0
141700,33626L,11250,2,400,3.69,62.17,184708,114840,-69868,1288,2606,1318,323292,11250,11250,11250,1023,4,0,5337,12976,1023,0
141700,33626L,11150,2,300,2.76,62.03,185146,114840,-70306,1291,2606,1315,323730,11250,11250,11150,1461,7,0,4584,13183,1461,0
141800,33626L,11250,2,400,3.69,62.03,185146,114841,-70305,1291,2607,1316,323731,11250,11250,11250,1,0,1,4784,13548,0,1
141800,33626L,11250,2,400,3.69,62.03,185146,114841,-70305,1291,2607,1316,323731,11250,11250,11250,1,0,1,4784,13548,0,1
141900,33626L,11200,2,350,3.23,62.03,185161,114856,-70305,1292,2608,1316,323761,11250,11250,11200,30,1,1,4592,13241,15,15
141900,33626L,11250,2,400,3.69,62.06,185291,114999,-70292,1294,2611,1317,324034,11250,11250,11200,303,3,4,5237,12929,145,158
142000,33626L,11200,2,350,3.23,61.97,185563,114999,-70564,1296,2611,1315,324306,11250,11250,11200,272,2,0,6952,12913,272,0
142100,33626L,11200,2,350,3.23,61.98,185563,115012,-70551,1296,2612,1316,324319,11200,11200,11200,0,0,0,5518,13319,0,0
142100,33626L,11200,2,350,3.23,61.25,187786,115013,-72773,1299,2613,1314,326543,11200,11200,11100,2224,3,1,3405,11714,2223,1
142200,33626L,11200,2,350,3.23,61.25,187869,115063,-72806,1300,2614,1314,326676,11200,11200,11200,50,0,1,3815,13669,0,50
142200,33626L,11200,2,350,3.23,61.36,187903,115302,-72601,1301,2618,1317,326949,11200,11200,11200,323,1,5,4739,12646,34,289
142300,33626L,11200,2,350,3.23,61.26,188220,115303,-72917,1306,2619,1313,327267,11200,11200,11200,0,0,0,4738,12846,0,0
142300,33626L,11200,2,350,3.23,61.3,188220,115375,-72845,1306,2622,1316,327339,11200,11200,11200,72,0,3,3553,13233,0,72
142400,33626L,11200,2,350,3.23,61.31,188220,115389,-72831,1306,2623,1317,327353,11200,11200,11200,0,0,0,3828,13783,0,0
142400,33626L,11200,2,350,3.23,61.31,188220,115389,-72831,1306,2623,1317,327353,11200,11200,11200,0,0,0,3828,13783,0,0
142500,33626L,11200,2,350,3.23,61.31,188220,115389,-72831,1306,2623,1317,327353,11200,11200,11200,0,0,0,4961,13306,0,0
142500,33626L,11200,2,350,3.23,61.31,188220,115389,-72831,1306,2623,1317,327353,11200,11200,11200,0,0,0,5450,13306,0,0
142600,33626L,11200,2,350,3.23,61.27,188340,115389,-72951,1307,2623,1316,327473,11200,11200,11200,120,1,0,5450,13435,120,0
142600,33626L,11200,2,350,3.23,61.27,188340,115389,-72951,1307,2623,1316,327473,11200,11200,11200,120,1,0,5450,13435,120,0
142700,33626L,11200,2,350,3.23,61.27,188340,115389,-72951,1307,2623,1316,327473,11200,11200,11200,0,0,0,5450,13435,0,0
142700,33626L,11200,2,350,3.23,61.35,188340,115553,-72787,1307,2626,1319,327637,11200,11200,11200,164,0,3,4026,13818,0,164
142800,33626L,11200,2,350,3.23,61.35,188340,115553,-72787,1307,2626,1319,327637,11200,11200,11200,0,0,0,4026,13818,0,0
142800,33626L,11200,2,350,3.23,61.36,188340,115563,-72777,1307,2627,1320,327647,11200,11200,11200,10,0,1,4024,13818,0,10
142900,33626L,11200,2,350,3.23,61.28,188570,115563,-73007,1309,2627,1318,327877,11200,11200,11200,132,1,0,5160,15003,132,0
142900,33626L,11200,2,350,3.23,61.26,188655,115563,-73092,1311,2627,1316,327962,11200,11200,11200,217,3,0,5160,14879,217,0
143000,33626L,11200,2,350,3.23,61.26,188655,115563,-73092,1311,2627,1316,327962,11200,11200,11200,0,0,0,5160,14879,0,0
143000,33626L,11250,2,400,3.69,61.27,188655,115594,-73061,1311,2629,1318,327993,11250,11250,11250,31,0,2,5168,15969,0,31
143100,33626L,11250,2,400,3.69,61.27,188655,115594,-73061,1311,2629,1318,327993,11250,11250,11250,0,0,0,5168,15969,0,0
143100,33626L,11250,2,400,3.69,61.28,188655,115612,-73043,1311,2630,1319,328011,11250,11250,11250,18,0,1,5188,16073,0,18
143200,33626L,11250,2,400,3.69,61.31,188655,115662,-72993,1311,2631,1320,328061,11250,11250,11250,0,0,0,5170,16073,0,0
143200,33626L,11200,2,350,3.23,61.03,189503,115662,-73841,1314,2631,1317,328909,11200,11200,11200,848,3,0,5168,15654,848,0
143300,33626L,11200,2,350,3.23,61.03,189503,115662,-73841,1314,2631,1317,328909,11200,11200,11200,0,0,0,5168,15654,0,0
143300,33626L,11200,2,350,3.23,61.03,189503,115662,-73841,1314,2631,1317,328909,11200,11200,11200,0,0,0,5168,15654,0,0
143400,33626L,11200,2,350,3.23,61.03,189503,115662,-73841,1314,2631,1317,328909,11200,11200,11200,0,0,0,5676,15394,0,0
143500,33626L,11250,2,400,3.69,61.03,189528,115663,-73865,1315,2632,1317,328935,11250,11250,11250,0,0,0,5676,15464,0,0
143500,33626L,11250,2,400,3.69,61.03,189528,115663,-73865,1315,2632,1317,328935,11250,11250,11250,0,0,0,5676,15464,0,0
143600,33626L,11250,2,400,3.69,61.03,189528,115663,-73865,1315,2632,1317,328935,11250,11250,11250,0,0,0,5685,15644,0,0
143600,33626L,11250,2,400,3.69,61.03,189528,115663,-73865,1315,2632,1317,328935,11250,11250,11250,0,0,0,6185,15740,0,0
143700,33626L,11250,2,400,3.69,61.03,189528,115663,-73865,1315,2632,1317,328935,11250,11250,11250,0,0,0,6255,15742,0,0
143700,33626L,11250,2,400,3.69,61.09,189528,115778,-73750,1315,2634,1319,329050,11250,11250,11250,115,0,2,6253,15764,0,115
143800,33626L,11250,2,400,3.69,61.09,189528,115791,-73737,1315,2635,1320,329063,11250,11250,11250,0,0,0,6140,15764,0,0
143800,33626L,11200,2,350,3.23,61.06,189628,115791,-73837,1316,2635,1319,329163,11200,11200,11200,100,1,0,6360,16764,100,0
143900,33626L,11250,2,400,3.69,61.06,189628,115792,-73836,1316,2636,1320,329164,11250,11250,11250,0,0,0,6360,16664,0,0
143900,33626L,11250,2,400,3.69,60.99,189882,115801,-74081,1318,2637,1319,329427,11200,11250,11200,263,2,1,6374,17016,254,9
144000,33626L,11250,2,400,3.69,60.99,189882,115801,-74081,1318,2637,1319,329427,11250,11250,11250,0,0,0,6374,17016,0,0
144000,33626L,11250,2,400,3.69,60.94,190138,115864,-74274,1319,2638,1319,329746,11200,11250,11200,319,1,1,6377,16760,256,63
144100,33626L,11200,2,350,3.23,60.91,190237,115864,-74373,1320,2638,1318,329845,11200,11200,11200,99,1,0,6314,16923,99,0
144100,33626L,11200,2,350,3.23,60.9,190258,115864,-74394,1321,2638,1317,329866,11200,11200,11200,120,2,0,6368,17090,120,0
144200,33626L,11200,2,350,3.23,60.9,190258,115864,-74394,1321,2638,1317,329866,11200,11200,11200,0,0,0,6368,17090,0,0
144200,33626L,11250,2,400,3.69,60.9,190258,115874,-74384,1321,2639,1318,329876,11250,11250,11250,10,0,1,6374,17290,0,10
144300,33626L,11250,2,400,3.69,61.06,190258,116175,-74083,1321,2641,1320,330177,11250,11250,11250,301,0,2,6212,17248,0,301
144300,33626L,11200,2,350,3.23,61.01,190408,116175,-74233,1322,2641,1319,330327,11250,11250,11200,451,1,2,6062,17248,150,301
144400,33626L,11250,2,400,3.69,61.03,190408,116199,-74209,1322,2643,1321,330351,11250,11250,11250,24,0,2,6061,17139,0,24
144400,33626L,11300,2,450,4.15,61.03,190408,116209,-74199,1322,2644,1322,330361,11250,11300,11250,34,0,3,6826,16852,0,34
144500,33626L,11300,2,450,4.15,61.04,190408,116234,-74174,1322,2646,1324,330386,11300,11300,11300,23,0,1,6927,16903,0,23
144500,33626L,11300,2,450,4.15,61.04,190408,116234,-74174,1322,2646,1324,330386,11300,11300,11300,23,0,1,6927,16903,0,23
144600,33626L,11300,2,450,4.15,61.04,190408,116234,-74174,1322,2646,1324,330386,11300,11300,11300,0,0,0,6927,16903,0,0
144600,33626L,11250,2,400,3.69,60.98,190685,116275,-74410,1324,2648,1324,330704,11300,11300,11200,318,2,2,6272,17057,277,41
144700,33626L,11250,2,400,3.69,60.66,191685,116276,-75409,1325,2649,1324,331705,11200,11250,11200,1001,1,1,6242,16065,1000,1
144800,33626L,11200,2,350,3.23,60.69,191739,116358,-75381,1326,2650,1324,331841,11200,11200,11200,0,0,0,6159,16050,0,0
144800,33626L,11250,2,400,3.69,60.68,191762,116358,-75404,1328,2650,1322,331864,11250,11250,11250,23,2,0,6893,15678,23,0
144900,33626L,11250,2,400,3.69,60.67,191819,116376,-75443,1329,2651,1322,331939,11250,11250,11250,0,0,0,6893,15983,0,0
144900,33626L,11250,2,400,3.69,60.65,191893,116376,-75517,1330,2651,1321,332013,11250,11250,11250,74,1,0,6893,16766,74,0
145000,33626L,11250,2,400,3.69,60.65,191893,116376,-75517,1330,2651,1321,332013,11250,11250,11250,0,0,0,6893,16766,0,0
145000,33626L,11250,2,400,3.69,60.64,191913,116382,-75531,1331,2653,1322,332039,11300,11300,11250,26,1,2,6887,16692,20,6
145100,33626L,11250,2,400,3.69,60.53,192280,116382,-75898,1335,2653,1318,332406,11250,11250,11250,176,3,0,6783,16609,176,0
145100,33626L,11250,2,400,3.69,60.53,192280,116382,-75898,1335,2653,1318,332406,11250,11250,11250,176,3,0,6783,16609,176,0
145200,33626L,11250,2,400,3.69,60.57,192375,116514,-75861,1336,2655,1319,332633,11250,11250,11250,30,0,1,6008,16760,0,30
145200,33626L,11250,2,400,3.69,60.57,192375,116514,-75861,1336,2655,1319,332633,11250,11250,11250,30,0,1,6008,16760,0,30
145300,33626L,11250,2,400,3.69,60.57,192375,116514,-75861,1336,2655,1319,332633,11250,11250,11250,0,0,0,6008,16760,0,0
145300,33626L,11250,2,400,3.69,60.6,192375,116579,-75796,1336,2656,1320,332698,11250,11250,11250,65,0,1,5978,16075,0,65
145400,33626L,11250,2,400,3.69,60.6,192375,116579,-75796,1336,2656,1320,332698,11250,11250,11250,0,0,0,5978,16075,0,0
145400,33626L,11250,2,400,3.69,60.58,192442,116579,-75863,1337,2656,1319,332765,11250,11250,11250,67,1,0,6701,15608,67,0
145500,33626L,11200,2,350,3.23,60.4,193027,116579,-76448,1338,2656,1318,333350,11200,11200,11200,585,1,0,5933,16035,585,0
145500,33626L,11200,2,350,3.23,60.4,193027,116579,-76448,1338,2656,1318,333350,11200,11200,11200,585,1,0,5933,16035,585,0
145600,33626L,11200,2,350,3.23,60.24,193530,116579,-76951,1340,2656,1316,333853,11200,11200,11200,503,2,0,5933,16399,503,0
145600,33626L,11200,2,350,3.23,60.21,193619,116579,-77040,1341,2656,1315,333942,11200,11200,11200,592,3,0,5933,16071,592,0
145700,33626L,11200,2,350,3.23,60.07,194060,116579,-77481,1344,2656,1312,334383,11200,11200,11200,441,3,0,5933,16025,441,0
145700,33626L,11200,2,350,3.23,59.86,194761,116579,-78182,1346,2656,1310,335084,11200,11200,11200,1142,5,0,5933,15752,1142,0
145800,33626L,11200,2,350,3.23,59.86,194761,116579,-78182,1346,2656,1310,335084,11200,11200,11200,0,0,0,5933,15752,0,0
145800,33626L,11200,2,350,3.23,59.86,194761,116579,-78182,1346,2656,1310,335084,11200,11200,11200,0,0,0,5933,15752,0,0
145900,33626L,11250,2,400,3.69,59.93,194761,116721,-78040,1346,2658,1312,335226,11250,11250,11250,142,0,2,5918,15469,0,142
150000,33626L,11250,2,400,3.69,59.92,194844,116747,-78097,1348,2659,1311,335335,11250,11250,11250,0,0,0,6903,15169,0,0
150000,33626L,11200,2,350,3.23,59.92,194845,116747,-78098,1349,2659,1310,335336,11200,11200,11200,1,1,0,6210,15658,1,0
150100,33626L,11200,2,350,3.23,59.92,194845,116747,-78098,1349,2659,1310,335336,11200,11200,11200,0,0,0,6210,15658,0,0
150100,33626L,11200,2,350,3.23,59.92,194845,116747,-78098,1349,2659,1310,335336,11200,11200,11200,0,0,0,6210,16960,0,0
150200,33626L,11250,2,400,3.69,59.96,194845,116829,-78016,1349,2660,1311,335418,11250,11250,11250,0,0,0,6310,16871,0,0
150200,33626L,11250,2,400,3.69,59.96,194845,116837,-78008,1349,2661,1312,335426,11250,11250,11250,8,0,1,6238,16741,0,8
150300,33626L,11250,2,400,3.69,59.99,194945,116943,-78002,1350,2664,1314,335632,11250,11250,11250,3,0,1,6225,17338,0,3
150300,33626L,11250,2,400,3.69,59.99,194945,116943,-78002,1350,2664,1314,335632,11250,11250,11250,3,0,1,6225,17338,0,3
150400,33626L,11300,2,450,4.15,60.01,194945,116987,-77958,1350,2665,1315,335676,11300,11300,11300,44,0,1,7010,17540,0,44
150400,33626L,11300,2,450,4.15,60.01,194945,116987,-77958,1350,2665,1315,335676,11300,11300,11300,44,0,1,7010,17540,0,44
150500,33626L,11300,2,450,4.15,60.11,194945,117187,-77758,1350,2666,1316,335876,11300,11300,11300,200,0,1,6908,17684,0,200
150500,33626L,11300,2,450,4.15,60.12,194945,117195,-77750,1350,2667,1317,335884,11300,11300,11300,208,0,2,6878,17398,0,208
150600,33626L,11300,2,450,4.15,60.49,195045,117978,-77067,1351,2669,1318,336767,11300,11300,11300,100,1,0,6661,14608,100,0
150600,33626L,11300,2,450,4.15,60.55,195081,118112,-76969,1353,2671,1318,336937,11300,11300,11300,270,3,2,6661,14582,136,134
150700,33626L,11300,2,450,4.15,60.55,195081,118112,-76969,1353,2671,1318,336937,11300,11300,11300,0,0,0,6661,14582,0,0
150700,33626L,11300,2,450,4.15,60.55,195081,118112,-76969,1353,2671,1318,336937,11300,11300,11300,0,0,0,6661,14582,0,0
150800,33626L,11300,2,450,4.15,60.55,195081,118114,-76967,1353,2672,1319,336939,11300,11300,11300,0,0,0,6339,15606,0,0
150800,33626L,11300,2,450,4.15,60.67,195157,118392,-76765,1354,2674,1320,337293,11300,11300,11300,354,1,2,6661,14892,76,278
150900,33626L,11300,2,450,4.15,60.7,195192,118478,-76714,1355,2676,1321,337414,11300,11300,11300,121,1,2,6660,14997,35,86
150900,33626L,11300,2,450,4.15,60.71,195192,118492,-76700,1355,2677,1322,337428,11300,11300,11300,135,1,3,6103,15590,35,100
151000,33626L,11300,2,450,4.15,60.71,195192,118502,-76690,1355,2678,1323,337438,11300,11300,11300,10,0,1,6104,15590,0,10
151000,33626L,11300,2,450,4.15,60.74,195199,118568,-76631,1356,2679,1323,337511,11300,11300,11300,83,1,2,6550,15283,7,76
151100,33626L,11300,2,450,4.15,60.74,195199,118568,-76631,1356,2679,1323,337511,11300,11300,11300,0,0,0,6550,15283,0,0
151100,33626L,11300,2,450,4.15,60.77,195199,118618,-76581,1356,2681,1325,337561,11300,11300,11300,50,0,2,6152,16204,0,50
151200,33626L,11300,2,450,4.15,60.81,195200,118696,-76504,1357,2682,1325,337640,11300,11300,11300,79,1,1,6569,16170,1,78
151300,33626L,11350,2,500,4.61,60.81,195200,118698,-76502,1357,2683,1326,337642,11350,11350,11350,0,0,0,6569,15745,0,0
151300,33626L,11350,2,500,4.61,61.02,195200,119114,-76086,1357,2686,1329,338058,11350,11350,11350,416,0,3,6295,15537,0,416
151400,33626L,11300,2,450,4.15,60.99,195340,119136,-76204,1358,2688,1330,338220,11300,11300,11300,0,0,0,6109,15537,0,0
151400,33626L,11300,2,450,4.15,60.97,195412,119136,-76276,1359,2688,1329,338292,11300,11300,11300,72,1,0,6621,15154,72,0
151500,33626L,11300,2,450,4.15,60.97,195412,119136,-76276,1359,2688,1329,338292,11300,11300,11300,0,0,0,6621,15154,0,0
151500,33626L,11350,2,500,4.61,61.16,195422,119519,-75903,1360,2689,1329,338685,11350,11350,11350,393,1,1,6516,14476,10,383
151600,33626L,11350,2,500,4.61,60.97,196030,119519,-76511,1364,2689,1325,339293,11350,11350,11350,197,1,0,6516,14121,197,0
151600,33626L,11350,2,500,4.61,61.07,196107,119763,-76344,1365,2692,1327,339614,11350,11350,11350,518,2,3,6380,15126,274,244
151700,33626L,11300,2,450,4.15,61.08,196265,119883,-76382,1368,2694,1326,339892,11350,11400,11300,178,1,2,6598,15159,58,120
151700,33626L,11350,2,500,4.61,61.08,196269,119883,-76386,1369,2694,1325,339896,11350,11400,11300,182,2,2,6598,13903,62,120
151800,33626L,11350,2,500,4.61,61.19,196379,120162,-76217,1370,2695,1325,340285,11350,11350,11350,389,1,1,6598,14203,110,279
151800,33626L,11350,2,500,4.61,61.13,196553,120162,-76391,1371,2695,1324,340459,11350,11350,11350,563,2,1,6598,14153,284,279
151900,33626L,11350,2,500,4.61,61.08,196984,120323,-76661,1373,2699,1326,341051,11300,11350,11300,487,2,2,6627,14217,431,56
151900,33626L,11350,2,500,4.61,61.06,197190,120395,-76795,1375,2702,1327,341329,11300,11400,11300,765,4,5,6709,15215,637,128
152000,33626L,11400,2,550,5.07,61.17,197192,120629,-76563,1376,2705,1329,341565,11400,11400,11400,234,0,3,7034,14164,0,234
152000,33626L,11400,2,550,5.07,61.36,197197,121004,-76193,1377,2710,1333,341945,11400,11400,11350,614,1,8,6739,14268,5,609
152000,33626L,11400,2,550,5.07,61.37,197197,121012,-76185,1377,2711,1334,341953,11400,11400,11350,622,1,9,6697,14268,5,617
152000,33626L,11400,2,550,5.07,61.37,197197,121012,-76185,1377,2711,1334,341953,11400,11400,11350,622,1,9,6697,14268,5,617
152000,33626L,11400,2,550,5.07,61.37,197197,121012,-76185,1377,2711,1334,341953,11400,11400,11350,622,1,9,6697,14268,5,617
152000,33626L,11400,2,550,5.07,61.37,197197,121012,-76185,1377,2711,1334,341953,11400,11400,11350,622,1,9,6697,14268,5,617
152000,33626L,11400,2,550,5.07,61.37,197197,121012,-76185,1377,2711,1334,341953,11400,11400,11350,622,1,9,6697,14268,5,617
152000,33626L,11400,2,550,5.07,61.37,197197,121012,-76185,1377,2711,1334,341953,11400,11400,11350,622,1,9,6697,14268,5,617
152000,33626L,11400,2,550,5.07,61.37,197197,121012,-76185,1377,2711,1334,341953,11400,11400,11350,622,1,9,6697,14268,5,617
152000,33626L,11400,2,550,5.07,61.37,197197,121012,-76185,1377,2711,1334,341953,11400,11400,11350,622,1,9,6697,14268,5,617
152000,33626L,11400,2,550,5.07,61.37,197197,121012,-76185,1377,2711,1334,341953,11400,11400,11350,622,1,9,6697,14268,5,617
152000,33626L,11400,2,550,5.07,61.37,197197,121012,-76185,1377,2711,1334,341953,11400,11400,11350,622,1,9,6697,14268,5,617
152000,33626L,11400,2,550,5.07,61.37,197197,121012,-76185,1377,2711,1334,341953,11400,11400,11350,622,1,9,6697,14268,5,617
152000,33626L,11400,2,550,5.07,61.37,197197,121012,-76185,1377,2711,1334,341953,11400,11400,11350,622,1,9,6697,14268,5,617
152000,33626L,11400,2,550,5.07,61.37,197197,121012,-76185,1377,2711,1334,341953,11400,11400,11350,622,1,9,6697,14268,5,617
152000,33626L,11400,2,550,5.07,61.37,197197,121012,-76185,1377,2711,1334,341953,11400,11400,11350,622,1,9,6697,14268,5,617
152000,33626L,11400,2,550,5.07,61.37,197197,121012,-76185,1377,2711,1334,341953,11400,11400,11350,622,1,9,6697,14268,5,617
152000,33626L,11400,2,550,5.07,61.37,197197,121012,-76185,1377,2711,1334,341953,11400,11400,11350,622,1,9,6697,14268,5,617
152000,33626L,11400,2,550,5.07,61.37,197197,121012,-76185,1377,2711,1334,341953,11400,11400,11350,622,1,9,6697,14268,5,617
152000,33626L,11400,2,550,5.07,61.37,197197,121012,-76185,1377,2711,1334,341953,11400,11400,11350,622,1,9,6697,14268,5,617
152000,33626L,11400,2,550,5.07,61.37,197197,121012,-76185,1377,2711,1334,341953,11400,11400,11350,622,1,9,6697,14268,5,617
153000,33626L,11400,2,550,5.07,61.37,197197,121012,-76185,1377,2711,1334,341953,11400,11400,11400,0,0,0,6729,14268,0,0
153000,33626L,11450,2,600,5.53,61.37,197197,121012,-76185,1377,2711,1334,347057,11450,11450,11450,5104,0,0,6729,14268,0,0
