090100,00680K,4180,3,0,0.0,0.0,0,0,0,0,0,0,0,4180,4180,4180,0,0,0,0,0,0,0
090100,00680K,4180,3,0,0.0,0.0,0,0,0,0,0,0,0,4180,4180,4180,0,0,0,0,0,0,0
090100,00680K,4180,3,0,0.0,0.0,0,0,0,0,0,0,0,4180,4180,4180,0,0,0,0,0,0,0
090100,00680K,4210,2,30,0.72,0.0,0,0,0,0,0,0,1090,4210,4210,4210,1090,0,0,0,0,0,0
090200,00680K,4210,2,30,0.72,0.0,0,0,0,0,0,0,1090,4210,4210,4210,0,0,0,0,0,0,0
090200,00680K,4205,2,25,0.6,0.0,0,27,27,0,1,1,1117,4205,4205,4205,27,0,1,4006,16823,0,27
090300,00680K,4205,2,25,0.6,0.0,0,27,27,0,1,1,1117,4205,4205,4205,0,0,0,4006,16823,0,0
090300,00680K,4205,2,25,0.6,0.0,0,27,27,0,1,1,1117,4205,4205,4205,0,0,0,4006,16823,0,0
090400,00680K,4205,2,25,0.6,0.0,0,27,27,0,1,1,1117,4205,4205,4205,0,0,0,4021,16400,0,0
090400,00680K,4205,2,25,0.6,0.0,0,27,27,0,1,1,1117,4205,4205,4205,0,0,0,4290,16400,0,0
090500,00680K,4205,2,25,0.6,0.0,0,27,27,0,1,1,1117,4205,4205,4205,0,0,0,4790,16400,0,0
090500,00680K,4205,2,25,0.6,0.0,0,27,27,0,1,1,1117,4205,4205,4205,0,0,0,4790,16850,0,0
090600,00680K,4205,2,25,0.6,0.0,0,27,27,0,1,1,1117,4205,4205,4205,0,0,0,4940,16865,0,0
090600,00680K,4205,2,25,0.6,0.0,0,57,57,0,2,2,1147,4205,4205,4205,30,0,1,5496,19926,0,30
090700,00680K,4205,2,25,0.6,0.0,0,57,57,0,2,2,1147,4205,4205,4205,0,0,0,5496,19926,0,0
090700,00680K,4205,2,25,0.6,0.0,0,57,57,0,2,2,1147,4205,4205,4205,0,0,0,5496,19926,0,0
090800,00680K,4205,2,25,0.6,0.0,0,57,57,0,2,2,1147,4205,4205,4205,0,0,0,5227,14944,0,0
090800,00680K,4205,2,25,0.6,0.0,0,57,57,0,2,2,1147,4205,4205,4205,0,0,0,5327,14966,0,0
090900,00680K,4205,2,25,0.6,477.14,140,668,528,1,3,2,1898,4205,4205,4205,140,1,0,6311,8045,140,0
090900,00680K,4210,2,30,0.72,685.71,140,960,820,1,6,5,2190,4205,4210,4205,432,1,3,6295,7774,140,292
091000,00680K,4210,2,30,0.72,692.86,140,970,830,1,8,7,2200,4210,4210,4210,10,0,2,4648,7765,0,10
091000,00680K,4210,2,30,0.72,695.71,140,974,834,1,10,9,2204,4210,4210,4210,14,0,4,4670,7767,0,14
091100,00680K,4215,2,35,0.84,715.0,140,1001,861,1,12,11,2231,4210,4215,4210,27,0,2,4705,8134,0,27
091100,00680K,4210,2,30,0.72,417.08,240,1001,761,2,12,10,2331,4210,4215,4210,127,1,2,6859,8134,100,27
091200,00680K,4210,2,30,0.72,417.08,240,1001,761,2,12,10,2331,4210,4210,4210,0,0,0,6859,8134,0,0
091200,00680K,4215,2,35,0.84,497.27,330,1641,1311,3,15,12,3061,4210,4215,4210,730,1,3,9660,8518,90,640
091300,00680K,4215,2,35,0.84,497.27,330,1641,1311,3,15,12,3061,4215,4215,4215,0,0,0,9660,8518,0,0
091300,00680K,4215,2,35,0.84,501.21,330,1654,1324,3,16,13,3074,4215,4215,4215,13,0,1,10070,8233,0,13
091400,00680K,4210,2,30,0.72,385.55,429,1654,1225,4,16,12,3173,4210,4210,4210,99,1,0,10057,8260,99,0
091400,00680K,4215,2,35,0.84,471.1,429,2021,1592,4,17,13,3540,4210,4215,4210,466,1,1,10057,8161,99,367
091500,00680K,4215,2,35,0.84,471.1,429,2021,1592,4,17,13,3540,4215,4215,4215,0,0,0,10057,8161,0,0
091500,00680K,4215,2,35,0.84,471.1,429,2021,1592,4,17,13,3540,4215,4215,4215,0,0,0,10057,8161,0,0
091600,00680K,4215,2,35,0.84,524.71,429,2251,1822,4,18,14,3770,4215,4215,4215,230,0,1,10095,8593,0,230
091600,00680K,4215,2,35,0.84,524.71,429,2251,1822,4,18,14,3770,4215,4215,4215,230,0,1,10095,8593,0,230
091700,00680K,4215,2,35,0.84,524.71,429,2251,1822,4,18,14,3770,4215,4215,4215,0,0,0,10095,8593,0,0
091700,00680K,4215,2,35,0.84,524.71,429,2251,1822,4,18,14,3770,4215,4215,4215,0,0,0,10415,5652,0,0
091800,00680K,4220,2,40,0.96,642.66,429,2757,2328,4,20,16,4276,4220,4220,4220,0,0,0,10415,5654,0,0
091800,00680K,4220,2,40,0.96,642.66,429,2757,2328,4,20,16,4276,4220,4220,4220,0,0,0,10415,5654,0,0
091900,00680K,4220,2,40,0.96,642.66,429,2757,2328,4,20,16,4276,4220,4220,4220,0,0,0,13164,5500,0,0
092000,00680K,4220,2,40,0.96,734.73,429,3152,2723,4,22,18,4671,4220,4220,4220,27,0,1,14433,6000,0,27
092000,00680K,4220,2,40,0.96,734.73,429,3152,2723,4,22,18,4671,4220,4220,4220,27,0,1,14433,6000,0,27
092100,00680K,4220,2,40,0.96,734.73,429,3152,2723,4,22,18,4671,4220,4220,4220,0,0,0,14433,6000,0,0
092100,00680K,4220,2,40,0.96,820.51,429,3520,3091,4,23,19,5039,4220,4220,4220,368,0,1,14563,9071,0,368
092200,00680K,4220,2,40,0.96,875.52,429,3756,3327,4,24,20,5275,4220,4220,4220,0,0,0,14195,9071,0,0
092200,00680K,4220,2,40,0.96,875.52,429,3756,3327,4,24,20,5275,4220,4220,4220,0,0,0,14195,9071,0,0
092300,00680K,4220,2,40,0.96,875.52,429,3756,3327,4,24,20,5275,4220,4220,4220,0,0,0,13564,9071,0,0
092300,00680K,4215,2,35,0.84,963.4,429,4133,3704,4,26,22,5652,4215,4215,4215,377,0,2,13497,9071,0,377
092400,00680K,4215,2,35,0.84,1010.02,429,4333,3904,4,27,23,5852,4215,4215,4215,0,0,0,23497,9071,0,0
092400,00680K,4215,2,35,0.84,1010.02,429,4333,3904,4,27,23,5852,4215,4215,4215,0,0,0,23497,9071,0,0
092500,00680K,4215,2,35,0.84,1095.8,429,4701,4272,4,28,24,6220,4215,4215,4215,0,0,0,23345,9097,0,0
092500,00680K,4215,2,35,0.84,1095.8,429,4701,4272,4,28,24,6220,4215,4215,4215,0,0,0,23345,9097,0,0
092600,00680K,4210,2,30,0.72,1033.19,455,4701,4246,6,28,22,6246,4210,4210,4210,2,1,0,23703,9323,2,0
092600,00680K,4215,2,35,0.84,1114.07,455,5069,4614,6,29,23,6614,4210,4215,4210,370,1,1,23703,9321,2,368
092700,00680K,4215,2,35,0.84,1114.07,455,5069,4614,6,29,23,6614,4215,4215,4215,0,0,0,23703,9321,0,0
092700,00680K,4215,2,35,0.84,1114.07,455,5069,4614,6,29,23,6614,4215,4215,4215,0,0,0,23703,9321,0,0
092800,00680K,4215,2,35,0.84,1114.07,455,5069,4614,6,29,23,6614,4215,4215,4215,0,0,0,23358,9321,0,0
092800,00680K,4215,2,35,0.84,1194.95,455,5437,4982,6,30,24,6982,4215,4215,4215,368,0,1,19980,6762,0,368
092900,00680K,4210,2,30,0.72,1192.32,456,5437,4981,7,30,23,6983,4210,4210,4210,1,1,0,20011,6772,1,0
092900,00680K,4210,2,30,0.72,1192.32,456,5437,4981,7,30,23,6983,4210,4210,4210,1,1,0,20011,6772,1,0
093000,00680K,4215,2,35,0.84,1216.98,477,5805,5328,8,31,23,7372,4215,4215,4215,368,0,1,21231,7964,0,368
093000,00680K,4210,2,30,0.72,813.03,714,5805,5091,10,31,21,7609,4215,4215,4210,605,2,1,20863,7963,237,368
093100,00680K,4210,2,30,0.72,787.65,737,5805,5068,11,31,20,7632,4210,4210,4210,23,1,0,21363,7745,23,0
093100,00680K,4210,2,30,0.72,787.65,737,5805,5068,11,31,20,7632,4210,4210,4210,23,1,0,21363,7745,23,0
093200,00680K,4220,2,40,0.96,847.08,737,6243,5506,11,33,22,8070,4220,4220,4220,0,0,0,21028,4676,0,0
093200,00680K,4220,2,40,0.96,847.08,737,6243,5506,11,33,22,8070,4220,4220,4220,0,0,0,21028,4676,0,0
093300,00680K,4215,2,35,0.84,787.77,793,6247,5454,12,34,22,8130,4215,4215,4215,0,0,0,21950,5849,0,0
093300,00680K,4220,2,40,0.96,834.05,793,6614,5821,12,35,23,8497,4220,4220,4220,367,0,1,21948,5221,0,367
093400,00680K,4220,2,40,0.96,834.05,793,6614,5821,12,35,23,8497,4220,4220,4220,0,0,0,21948,5221,0,0
093400,00680K,4215,2,35,0.84,833.0,794,6614,5820,13,35,22,8498,4215,4215,4215,1,1,0,21605,5247,1,0
093500,00680K,4220,2,40,0.96,879.35,794,6982,6188,13,36,23,8866,4220,4220,4220,368,0,1,21628,5246,0,368
093500,00680K,4220,2,40,0.96,879.35,794,6982,6188,13,36,23,8866,4220,4220,4220,368,0,1,21628,5246,0,368
093600,00680K,4220,2,40,0.96,879.72,794,6985,6191,13,37,24,8869,4220,4220,4220,3,0,1,19949,5246,0,3
093600,00680K,4215,2,35,0.84,854.96,817,6985,6168,14,37,23,8892,4220,4220,4215,26,1,1,19969,5246,23,3
093700,00680K,4220,2,40,0.96,900.0,817,7353,6536,14,38,24,9260,4220,4220,4220,368,0,1,19946,5223,0,368
093700,00680K,4215,2,35,0.84,899.27,820,7374,6554,15,39,24,9284,4220,4220,4215,392,1,2,19597,6349,3,389
093800,00680K,4215,2,35,0.84,899.27,820,7374,6554,15,39,24,9284,4215,4215,4215,0,0,0,19597,6349,0,0
093800,00680K,4210,2,30,0.72,941.85,822,7742,6920,16,40,24,9654,4220,4220,4210,370,1,1,19260,12525,2,368
093900,00680K,4210,2,30,0.72,681.28,1159,7896,6737,18,42,24,10145,4210,4210,4210,491,2,2,18809,18211,337,154
093900,00680K,4210,2,30,0.72,681.28,1159,7896,6737,18,42,24,10145,4210,4210,4210,491,2,2,18809,18211,337,154
094000,00680K,4210,2,30,0.72,681.28,1159,7896,6737,18,42,24,10145,4210,4210,4210,0,0,0,18809,18211,0,0
094000,00680K,4210,2,30,0.72,713.03,1182,8428,7246,19,44,25,10700,4210,4210,4210,555,1,2,18313,15151,23,532
094100,00680K,4210,2,30,0.72,713.03,1182,8428,7246,19,44,25,10700,4210,4210,4210,0,0,0,18313,15151,0,0
094100,00680K,4210,2,30,0.72,738.23,1206,8903,7697,20,45,25,11199,4220,4220,4210,499,1,1,18048,12193,24,475
094200,00680K,4210,2,30,0.72,743.33,1207,8972,7765,21,47,26,11269,4210,4210,4210,70,1,2,17089,18193,1,69
094300,00680K,4210,2,30,0.72,743.33,1207,8972,7765,21,47,26,11269,4210,4210,4210,0,0,0,17089,18193,0,0
094300,00680K,4210,2,30,0.72,742.72,1208,8972,7764,22,47,25,11270,4210,4210,4210,1,1,0,18084,12499,1,0
094400,00680K,4215,2,35,0.84,757.2,1208,9147,7939,22,48,26,11445,4215,4215,4215,0,0,0,18107,12498,0,0
094400,00680K,4215,2,35,0.84,756.91,1209,9151,7942,23,49,26,11450,4220,4220,4215,5,1,1,18240,12690,1,4
094500,00680K,4215,2,35,0.84,756.91,1209,9151,7942,23,49,26,11450,4215,4215,4215,0,0,0,18240,12690,0,0
094500,00680K,4215,2,35,0.84,756.91,1209,9151,7942,23,49,26,11450,4215,4215,4215,0,0,0,18263,12689,0,0
094600,00680K,4220,2,40,0.96,830.52,1209,10041,8832,23,52,29,12340,4220,4220,4220,0,0,0,18263,12689,0,0
094600,00680K,4220,2,40,0.96,830.52,1209,10041,8832,23,52,29,12340,4220,4220,4220,0,0,0,18263,12689,0,0
094700,00680K,4220,2,40,0.96,830.52,1209,10041,8832,23,52,29,12340,4220,4220,4220,0,0,0,17398,14168,0,0
094700,00680K,4220,2,40,0.96,864.21,1210,10457,9247,24,56,32,12757,4215,4220,4215,417,1,4,17030,14168,1,416
094800,00680K,4220,2,40,0.96,864.21,1210,10457,9247,24,56,32,12757,4220,4220,4220,0,0,0,17030,14168,0,0
094800,00680K,4220,2,40,0.96,864.21,1210,10457,9247,24,56,32,12757,4220,4220,4220,0,0,0,17030,14168,0,0
094900,00680K,4220,2,40,0.96,872.73,1243,10848,9605,26,58,32,13181,4220,4220,4220,368,0,1,17407,14162,0,368
094900,00680K,4215,2,35,0.84,874.01,1243,10864,9621,26,59,33,13197,4220,4220,4215,384,0,2,17156,14162,0,384
095000,00680K,4210,2,30,0.72,841.52,1291,10864,9573,28,59,31,13245,4210,4210,4210,48,2,0,17343,14163,48,0
095000,00680K,4215,2,35,0.84,841.98,1291,10870,9579,28,60,32,13251,4210,4215,4210,54,2,1,17319,17049,48,6
095100,00680K,4215,2,35,0.84,870.41,1291,11237,9946,28,61,33,13618,4215,4215,4215,0,0,0,17313,17049,0,0
095100,00680K,4210,2,30,0.72,854.52,1315,11237,9922,30,61,31,13642,4210,4210,4210,24,2,0,16946,14092,24,0
095200,00680K,4210,2,30,0.72,854.52,1315,11237,9922,30,61,31,13642,4210,4210,4210,0,0,0,16946,14092,0,0
095200,00680K,4215,2,35,0.84,857.57,1315,11277,9962,30,62,32,13682,4215,4215,4215,40,0,1,16948,17035,0,40
095300,00680K,4215,2,35,0.84,842.83,1338,11277,9939,31,62,31,13705,4215,4215,4215,0,0,0,16910,13299,0,0
095300,00680K,4215,2,35,0.84,842.83,1338,11277,9939,31,62,31,13705,4215,4215,4215,0,0,0,16910,13299,0,0
095400,00680K,4215,2,35,0.84,827.97,1362,11277,9915,32,62,30,13729,4215,4215,4215,24,1,0,16931,13303,24,0
095400,00680K,4220,2,40,0.96,877.61,1362,11953,10591,32,65,33,14405,4215,4220,4215,700,1,3,16282,12998,24,676
095500,00680K,4220,2,40,0.96,877.61,1362,11953,10591,32,65,33,14405,4220,4220,4220,0,0,0,16282,12998,0,0
095500,00680K,4215,2,35,0.84,863.03,1385,11953,10568,33,65,32,14428,4215,4215,4215,23,1,0,16254,19099,23,0
095600,00680K,4220,2,40,0.96,888.96,1386,12321,10935,34,66,32,14797,4220,4220,4220,368,0,1,16253,19075,0,368
095600,00680K,4220,2,40,0.96,888.96,1386,12321,10935,34,66,32,14797,4220,4220,4220,368,0,1,16253,19075,0,368
095700,00680K,4215,2,35,0.84,874.45,1409,12321,10912,35,66,31,14820,4215,4215,4215,0,0,0,15885,22275,0,0
095700,00680K,4220,2,40,0.96,900.57,1409,12689,11280,35,67,32,15188,4220,4220,4220,368,0,1,16886,21724,0,368
095800,00680K,4215,2,35,0.84,885.48,1433,12689,11256,36,67,31,15212,4215,4215,4215,24,1,0,16518,21724,24,0
095800,00680K,4215,2,35,0.84,883.64,1436,12689,11253,37,67,30,15215,4215,4215,4215,27,2,0,16518,21700,27,0
095900,00680K,4220,2,40,0.96,894.85,1436,12850,11414,37,68,31,15376,4220,4220,4220,0,0,0,16357,21697,0,0
095900,00680K,4215,2,35,0.84,905.96,1459,13218,11759,38,69,31,15767,4220,4220,4215,391,1,1,15989,21723,23,368
100000,00680K,4220,2,40,0.96,904.86,1461,13220,11759,39,70,31,15771,4220,4220,4220,2,0,1,15989,21763,0,2
100000,00680K,4220,2,40,0.96,904.86,1461,13220,11759,39,70,31,15771,4220,4220,4220,2,0,1,15989,21763,0,2
100100,00680K,4220,2,40,0.96,915.9,1484,13592,12108,40,72,32,16166,4220,4220,4220,367,0,1,15982,21795,0,367
100100,00680K,4220,2,40,0.96,915.9,1484,13592,12108,40,72,32,16166,4220,4220,4220,367,0,1,15982,21795,0,367
100200,00680K,4215,2,35,0.84,798.59,1702,13592,11890,42,72,30,16384,4215,4215,4215,218,2,0,15615,21771,218,0
100200,00680K,4215,2,35,0.84,798.59,1702,13592,11890,42,72,30,16384,4215,4215,4215,218,2,0,15615,21771,218,0
100300,00680K,4220,2,40,0.96,820.21,1702,13960,12258,42,73,31,16752,4220,4220,4220,0,0,0,15615,21577,0,0
100300,00680K,4215,2,35,0.84,809.28,1725,13960,12235,43,73,30,16775,4215,4215,4215,23,1,0,15247,21577,23,0
100400,00680K,4215,2,35,0.84,808.81,1726,13960,12234,44,73,29,16776,4215,4215,4215,1,1,0,15247,21554,1,0
100400,00680K,4215,2,35,0.84,819.27,1749,14329,12580,45,75,30,17168,4215,4220,4215,393,2,2,15259,22080,24,369
100500,00680K,4220,2,40,0.96,819.33,1749,14330,12581,45,76,31,17169,4220,4220,4220,1,0,1,16259,22057,0,1
100500,00680K,4220,2,40,0.96,819.33,1749,14330,12581,45,76,31,17169,4220,4220,4220,1,0,1,16259,22057,0,1
100600,00680K,4220,2,40,0.96,807.14,1821,14698,12877,47,77,30,17609,4215,4220,4215,440,2,1,16258,21995,72,368
100600,00680K,4220,2,40,0.96,808.57,1821,14724,12903,47,78,31,17635,4215,4220,4215,466,2,2,15891,21995,72,394
100700,00680K,4220,2,40,0.96,808.57,1821,14724,12903,47,78,31,17635,4220,4220,4220,0,0,0,15891,21995,0,0
100700,00680K,4215,2,35,0.84,798.48,1844,14724,12880,48,78,30,17658,4215,4215,4215,23,1,0,14917,22124,23,0
100800,00680K,4215,2,35,0.84,817.55,1846,15092,13246,49,79,30,18028,4220,4220,4215,370,1,1,15495,22101,2,368
100900,00680K,4215,2,35,0.84,807.49,1869,15092,13223,50,79,29,18051,4215,4215,4215,0,0,0,15495,22099,0,0
100900,00680K,4215,2,35,0.84,807.49,1869,15092,13223,50,79,29,18051,4215,4215,4215,0,0,0,15495,22099,0,0
101000,00680K,4220,2,40,0.96,827.13,1869,15459,13590,50,80,30,18418,4220,4220,4220,0,0,0,15495,22076,0,0
101000,00680K,4215,2,35,0.84,816.64,1893,15459,13566,51,80,29,18442,4215,4215,4215,24,1,0,15128,22076,24,0
101100,00680K,4220,2,40,0.96,817.43,1893,15474,13581,51,81,30,18457,4220,4220,4220,0,0,0,15128,22094,0,0
101100,00680K,4220,2,40,0.96,817.43,1893,15474,13581,51,81,30,18457,4220,4220,4220,0,0,0,15128,22094,0,0
101200,00680K,4215,2,35,0.84,826.83,1916,15842,13926,52,82,30,18848,4215,4215,4215,0,0,0,14745,22079,0,0
101200,00680K,4215,2,35,0.84,826.83,1916,15842,13926,52,82,30,18848,4215,4215,4215,0,0,0,14745,22079,0,0
101300,00680K,4215,2,35,0.84,816.6,1940,15842,13902,54,82,28,18872,4215,4215,4215,23,1,0,15145,22055,23,0
101300,00680K,4220,2,40,0.96,835.57,1940,16210,14270,54,83,29,19240,4215,4220,4215,391,1,1,14199,22033,23,368
101400,00680K,4220,2,40,0.96,836.96,1940,16237,14297,54,84,30,19267,4220,4220,4220,27,0,1,13830,22090,0,27
101400,00680K,4215,2,35,0.84,826.73,1964,16237,14273,55,84,29,19291,4220,4220,4215,51,1,1,14750,22063,24,27
101500,00680K,4220,2,40,0.96,855.45,1964,16801,14837,55,86,31,19855,4220,4220,4220,564,0,2,14382,22039,0,564
101500,00680K,4220,2,40,0.96,855.45,1964,16801,14837,55,86,31,19855,4220,4220,4220,564,0,2,14382,22039,0,564
101600,00680K,4215,2,35,0.84,845.55,1987,16801,14814,56,86,30,19878,4215,4215,4215,0,0,0,14186,21872,0,0
101600,00680K,4215,2,35,0.84,845.55,1987,16801,14814,56,86,30,19878,4215,4215,4215,0,0,0,14186,21872,0,0
101700,00680K,4215,2,35,0.84,852.91,2013,17169,15156,59,87,28,20272,4215,4215,4215,23,1,0,13816,21846,23,0
101700,00680K,4215,2,35,0.84,852.91,2013,17169,15156,59,87,28,20272,4215,4215,4215,23,1,0,13816,21846,23,0
101800,00680K,4215,2,35,0.84,852.91,2013,17169,15156,59,87,28,20272,4215,4215,4215,0,0,0,13816,21846,0,0
101800,00680K,4220,2,40,0.96,861.07,2037,17540,15503,60,91,31,20667,4215,4220,4215,395,1,4,13446,21799,24,371
101900,00680K,4220,2,40,0.96,866.13,2037,17643,15606,60,95,35,20770,4220,4220,4220,103,0,4,13342,21832,0,103
101900,00680K,4220,2,40,0.96,866.47,2037,17650,15613,60,102,42,20777,4220,4220,4220,110,0,11,13335,21859,0,110
102000,00680K,4220,2,40,0.96,874.61,2060,18017,15957,61,103,42,21167,4220,4220,4220,367,0,1,13338,21836,0,367
102000,00680K,4220,2,40,0.96,874.61,2060,18017,15957,61,103,42,21167,4220,4220,4220,367,0,1,13338,21836,0,367
102100,00680K,4220,2,40,0.96,993.09,2085,20706,18621,63,104,41,23881,4215,4220,4215,2714,2,1,12854,18514,25,2689
102100,00680K,4220,2,40,0.96,801.01,2585,20706,18121,64,104,40,24381,4215,4220,4215,3214,3,1,13983,18512,525,2689
102200,00680K,4225,2,45,1.08,815.24,2585,21074,18489,64,105,41,24749,4225,4225,4225,0,0,0,13483,18053,0,0
102200,00680K,4220,2,40,0.96,807.74,2609,21074,18465,65,105,40,24773,4220,4220,4220,24,1,0,13115,19375,24,0
102300,00680K,4220,2,40,0.96,807.74,2609,21074,18465,65,105,40,24773,4220,4220,4220,0,0,0,13115,19375,0,0
102300,00680K,4220,2,40,0.96,814.67,2632,21442,18810,66,106,40,25164,4225,4225,4220,391,1,1,12745,19351,23,368
102400,00680K,4220,2,40,0.96,814.67,2632,21442,18810,66,106,40,25164,4220,4220,4220,0,0,0,12745,19351,0,0
102400,00680K,4220,2,40,0.96,814.67,2632,21442,18810,66,106,40,25164,4220,4220,4220,0,0,0,12745,19351,0,0
102500,00680K,4220,2,40,0.96,810.7,2646,21451,18805,67,107,40,25187,4220,4220,4220,23,1,1,9734,19975,14,9
102500,00680K,4215,2,35,0.84,824.29,2647,21819,19172,68,108,40,25556,4220,4225,4215,392,2,2,12378,20016,15,377
102600,00680K,4215,2,35,0.84,824.29,2647,21819,19172,68,108,40,25556,4215,4215,4215,0,0,0,12378,20016,0,0
102600,00680K,4220,2,40,0.96,825.2,2647,21843,19196,68,110,42,25580,4220,4220,4220,24,0,2,9362,20232,0,24
102700,00680K,4225,2,45,1.08,839.1,2647,22211,19564,68,111,43,25948,4225,4225,4225,368,0,1,12979,20228,0,368
102700,00680K,4220,2,40,0.96,839.55,2647,22223,19576,68,112,44,25960,4225,4225,4220,380,0,2,9613,20228,0,380
102800,00680K,4220,2,40,0.96,839.55,2647,22223,19576,68,112,44,25960,4220,4220,4220,0,0,0,9613,20228,0,0
102800,00680K,4220,2,40,0.96,839.97,2647,22234,19587,68,114,46,25971,4220,4220,4220,11,0,2,9593,20218,0,11
102900,00680K,4220,2,40,0.96,832.73,2670,22234,19564,69,114,45,25994,4220,4220,4220,23,1,0,12610,19921,23,0
102900,00680K,4220,2,40,0.96,832.11,2672,22234,19562,70,114,44,25996,4220,4220,4220,25,2,0,12610,19898,25,0
103000,00680K,4220,2,40,0.96,832.11,2672,22234,19562,70,114,44,25996,4220,4220,4220,0,0,0,12610,19898,0,0
103000,00680K,4225,2,45,1.08,842.77,2696,22721,20025,71,116,45,26507,4220,4225,4220,511,1,2,12729,19872,24,487
103100,00680K,4225,2,45,1.08,842.77,2696,22721,20025,71,116,45,26507,4225,4225,4225,0,0,0,12729,19872,0,0
103100,00680K,4225,2,45,1.08,835.64,2719,22721,20002,72,116,44,26530,4225,4225,4225,23,1,0,13792,19258,23,0
103200,00680K,4230,2,50,1.2,855.61,2719,23264,20545,72,118,46,27073,4230,4230,4230,543,0,2,13795,19236,0,543
103200,00680K,4230,2,50,1.2,855.61,2719,23264,20545,72,118,46,27073,4230,4230,4230,543,0,2,13795,19236,0,543
103300,00680K,4225,2,45,1.08,848.43,2742,23264,20522,73,118,45,27096,4225,4225,4225,23,1,0,13254,19061,23,0
103300,00680K,4225,2,45,1.08,848.12,2743,23264,20521,74,118,44,27097,4225,4225,4225,24,2,0,13254,19038,24,0
103400,00680K,4230,2,50,1.2,861.54,2743,23632,20889,74,119,45,27465,4230,4230,4230,368,0,1,13254,19037,0,368
103500,00680K,4225,2,45,1.08,854.07,2767,23632,20865,75,119,44,27489,4225,4225,4225,0,0,0,12886,19037,0,0
103500,00680K,4225,2,45,1.08,854.07,2767,23632,20865,75,119,44,27489,4225,4225,4225,0,0,0,12886,19037,0,0
103600,00680K,4225,2,45,1.08,867.15,2770,24020,21250,76,121,45,27880,4225,4225,4225,0,0,0,11037,19501,0,0
103600,00680K,4225,2,45,1.08,867.15,2770,24020,21250,76,121,45,27880,4225,4225,4225,0,0,0,11037,19501,0,0
103700,00680K,4225,2,45,1.08,867.15,2770,24020,21250,76,121,45,27880,4225,4225,4225,0,0,0,12719,19527,0,0
103700,00680K,4225,2,45,1.08,866.41,2775,24043,21268,77,122,45,27908,4220,4225,4220,28,1,1,12185,19522,5,23
103800,00680K,4225,2,45,1.08,866.1,2776,24043,21267,78,122,44,27909,4225,4225,4225,0,0,0,12715,19374,0,0
103800,00680K,4225,2,45,1.08,865.79,2777,24043,21266,79,122,43,27910,4225,4225,4225,1,1,0,12718,19373,1,0
103900,00680K,4225,2,45,1.08,837.44,2871,24043,21172,81,122,41,28004,4225,4225,4225,0,0,0,12718,19348,0,0
103900,00680K,4230,2,50,1.2,858.9,2871,24659,21788,81,124,43,28620,4230,4230,4230,616,0,2,12915,19279,0,616
104000,00680K,4225,2,45,1.08,852.07,2894,24659,21765,82,124,42,28643,4225,4225,4225,0,0,0,12049,19042,0,0
104000,00680K,4225,2,45,1.08,852.07,2894,24659,21765,82,124,42,28643,4225,4225,4225,0,0,0,12049,19042,0,0
104100,00680K,4230,2,50,1.2,863.1,2894,24978,22084,82,125,43,28962,4230,4230,4230,0,0,0,12052,20972,0,0
104100,00680K,4230,2,50,1.2,856.29,2917,24978,22061,83,125,42,28985,4230,4230,4230,23,1,0,13515,19037,23,0
104200,00680K,4230,2,50,1.2,856.29,2917,24978,22061,83,125,42,28985,4230,4230,4230,0,0,0,13515,19037,0,0
104200,00680K,4230,2,50,1.2,861.63,2919,25151,22232,84,126,42,29160,4235,4235,4230,175,1,1,13346,21000,2,173
104300,00680K,4235,2,55,1.32,862.45,2919,25175,22256,84,127,43,29184,4235,4235,4235,0,0,0,13362,19012,0,0
104300,00680K,4235,2,55,1.32,862.45,2919,25175,22256,84,127,43,29184,4235,4235,4235,0,0,0,13362,19012,0,0
104400,00680K,4235,2,55,1.32,855.71,2942,25175,22233,85,127,42,29207,4235,4235,4235,0,0,0,13390,19649,0,0
104400,00680K,4240,2,60,1.44,879.95,2942,25888,22946,85,129,44,29920,4240,4240,4240,713,0,2,13396,19676,0,713
104500,00680K,4240,2,60,1.44,879.95,2942,25888,22946,85,129,44,29920,4240,4240,4240,0,0,0,13396,19676,0,0
104500,00680K,4235,2,55,1.32,873.12,2965,25888,22923,86,129,43,29943,4235,4235,4235,23,1,0,13074,19331,23,0
104600,00680K,4240,2,60,1.44,885.53,2965,26256,23291,86,130,44,30311,4240,4240,4240,368,0,1,13074,19338,0,368
104600,00680K,4235,2,55,1.32,878.13,2990,26256,23266,88,130,42,30336,4240,4240,4235,393,2,1,12806,19337,25,368
104700,00680K,4235,2,55,1.32,878.13,2990,26256,23266,88,130,42,30336,4235,4235,4235,0,0,0,12806,19337,0,0
104700,00680K,4235,2,55,1.32,874.91,3001,26256,23255,90,130,40,30347,4235,4235,4235,11,2,0,12806,19441,11,0
104800,00680K,4235,2,55,1.32,880.39,3024,26623,23599,91,131,40,30737,4235,4235,4235,23,1,0,12439,19471,23,0
104800,00680K,4235,2,55,1.32,880.39,3024,26623,23599,91,131,40,30737,4235,4235,4235,23,1,0,12439,19471,23,0
104900,00680K,4235,2,55,1.32,880.39,3024,26623,23599,91,131,40,30737,4235,4235,4235,0,0,0,12439,19471,0,0
104900,00680K,4235,2,55,1.32,723.62,3730,26991,23261,94,132,38,31811,4235,4240,4235,1074,3,1,15290,19426,706,368
105000,00680K,4235,2,55,1.32,723.62,3730,26991,23261,94,132,38,31811,4235,4235,4235,0,0,0,15290,19426,0,0
105000,00680K,4230,2,50,1.2,718.99,3754,26991,23237,95,132,37,31835,4230,4230,4230,24,1,0,14695,18775,24,0
105100,00680K,4230,2,50,1.2,718.61,3756,26991,23235,96,132,36,31837,4230,4230,4230,0,0,0,15639,18751,0,0
105100,00680K,4235,2,55,1.32,727.16,3756,27312,23556,96,133,37,32158,4235,4235,4235,321,0,1,15639,18749,0,321
105200,00680K,4235,2,55,1.32,718.17,3803,27312,23509,98,133,35,32205,4235,4235,4235,47,2,0,15320,18829,47,0
105200,00680K,4235,2,55,1.32,718.17,3803,27312,23509,98,133,35,32205,4235,4235,4235,47,2,0,15320,18829,47,0
105300,00680K,4240,2,60,1.44,727.85,3803,27680,23877,98,134,36,32573,4240,4240,4240,368,0,1,15565,20768,0,368
105300,00680K,4235,2,55,1.32,728.45,3803,27703,23900,98,135,37,32596,4240,4240,4235,391,0,2,14974,20768,0,391
105400,00680K,4235,2,55,1.32,728.45,3803,27703,23900,98,135,37,32596,4235,4235,4235,0,0,0,14974,20768,0,0
105400,00680K,4235,2,55,1.32,729.08,3803,27727,23924,98,137,39,32620,4235,4235,4235,24,0,2,14010,18752,0,24
105500,00680K,4235,2,55,1.32,728.89,3804,27727,23923,99,137,38,32621,4235,4235,4235,1,1,0,14954,19151,1,0
105500,00680K,4235,2,55,1.32,659.7,4203,27727,23524,100,137,37,33020,4235,4235,4235,400,2,0,14954,19150,400,0
105600,00680K,4230,2,50,1.2,656.11,4226,27727,23501,101,137,36,33043,4230,4230,4230,23,1,0,14552,18752,23,0
105600,00680K,4235,2,55,1.32,664.81,4226,28095,23869,101,138,37,33411,4230,4235,4230,391,1,1,14552,18729,23,368
105700,00680K,4230,2,50,1.2,658.12,4269,28095,23826,104,138,34,33454,4230,4230,4230,43,3,0,14685,18711,43,0
105700,00680K,4230,2,50,1.2,658.12,4269,28095,23826,104,138,34,33454,4230,4230,4230,43,3,0,14685,18711,43,0
105800,00680K,4235,2,55,1.32,666.71,4269,28462,24193,104,139,35,33821,4235,4235,4235,367,0,1,14785,18713,0,367
105800,00680K,4230,2,50,1.2,662.99,4293,28462,24169,105,139,34,33845,4235,4235,4230,391,1,1,14418,18747,24,367
105900,00680K,4230,2,50,1.2,662.83,4294,28462,24168,106,139,33,33846,4230,4230,4230,1,1,0,14867,18723,1,0
110000,00680K,4235,2,55,1.32,671.4,4294,28830,24536,106,140,34,34214,4235,4235,4235,0,0,0,16037,18722,0,0
110000,00680K,4230,2,50,1.2,667.82,4317,28830,24513,107,140,33,34237,4230,4230,4230,23,1,0,15669,18722,23,0
110100,00680K,4230,2,50,1.2,667.82,4317,28830,24513,107,140,33,34237,4230,4230,4230,0,0,0,15669,18722,0,0
110100,00680K,4230,2,50,1.2,664.29,4340,28830,24490,108,140,32,34260,4230,4230,4230,23,1,0,15669,18699,23,0
110200,00680K,4235,2,55,1.32,672.76,4340,29198,24858,108,141,33,34628,4235,4235,4235,0,0,0,15669,18676,0,0
110200,00680K,4235,2,55,1.32,672.79,4340,29199,24859,108,142,34,34629,4235,4235,4235,1,0,1,15301,18676,0,1
110300,00680K,4230,2,50,1.2,669.09,4364,29199,24835,109,142,33,34653,4230,4230,4230,0,0,0,15312,18676,0,0
110300,00680K,4235,2,55,1.32,678.44,4364,29607,25243,109,144,35,35061,4235,4235,4235,408,0,2,14944,18652,0,408
110400,00680K,4230,2,50,1.2,678.13,4366,29607,25241,110,144,34,35063,4230,4230,4230,0,0,0,14904,18652,0,0
110400,00680K,4235,2,55,1.32,675.14,4389,29632,25243,111,145,34,35111,4230,4235,4230,48,1,1,14903,18686,23,25
110500,00680K,4235,2,55,1.32,675.14,4389,29632,25243,111,145,34,35111,4235,4235,4235,0,0,0,14903,18686,0,0
110500,00680K,4230,2,50,1.2,679.96,4412,30000,25588,112,146,34,35502,4235,4235,4230,391,1,1,14510,18661,23,368
110600,00680K,4230,2,50,1.2,679.96,4412,30000,25588,112,146,34,35502,4230,4230,4230,0,0,0,14510,18661,0,0
110600,00680K,4230,2,50,1.2,658.56,4558,30017,25459,113,147,34,35665,4230,4230,4230,163,1,1,12744,20478,146,17
110700,00680K,4230,2,50,1.2,659.08,4558,30041,25483,113,148,35,35689,4230,4230,4230,0,0,0,11808,20480,0,0
110700,00680K,4230,2,50,1.2,659.08,4558,30041,25483,113,148,35,35689,4230,4230,4230,0,0,0,11808,20480,0,0
110800,00680K,4230,2,50,1.2,655.63,4582,30041,25459,115,148,33,35713,4230,4230,4230,23,1,0,14511,18871,23,0
110800,00680K,4235,2,55,1.32,667.7,4582,30594,26012,115,150,35,36266,4230,4235,4230,576,1,2,14511,18848,23,553
110900,00680K,4235,2,55,1.32,667.7,4582,30594,26012,115,150,35,36266,4235,4235,4235,0,0,0,14511,18848,0,0
110900,00680K,4235,2,55,1.32,643.81,4752,30594,25842,117,150,33,36436,4235,4235,4235,170,2,0,13963,18639,170,0
111000,00680K,4235,2,55,1.32,643.81,4752,30594,25842,117,150,33,36436,4235,4235,4235,0,0,0,13963,18639,0,0
111000,00680K,4235,2,55,1.32,651.56,4752,30962,26210,117,151,34,36804,4235,4235,4235,368,0,1,14267,20503,0,368
111100,00680K,4235,2,55,1.32,651.56,4752,30962,26210,117,151,34,36804,4235,4235,4235,0,0,0,14267,20503,0,0
111100,00680K,4235,2,55,1.32,651.56,4752,30962,26210,117,151,34,36804,4235,4235,4235,0,0,0,13923,20503,0,0
111200,00680K,4235,2,55,1.32,648.65,4777,30986,26209,119,152,33,36853,4225,4235,4225,49,2,1,12961,18858,25,24
111200,00680K,4235,2,55,1.32,648.65,4777,30986,26209,119,152,33,36853,4225,4235,4225,49,2,1,12961,18858,25,24
111300,00680K,4235,2,55,1.32,648.65,4777,30986,26209,119,152,33,36853,4235,4235,4235,0,0,0,12961,18858,0,0
111300,00680K,4235,2,55,1.32,645.54,4800,30986,26186,120,152,32,36876,4235,4235,4235,23,1,0,14364,18835,23,0
111400,00680K,4240,2,60,1.44,659.42,4800,31652,26852,120,154,34,37542,4240,4240,4240,0,0,0,14364,18812,0,0
111400,00680K,4240,2,60,1.44,659.42,4800,31652,26852,120,154,34,37542,4240,4240,4240,0,0,0,14364,18812,0,0
111500,00680K,4235,2,55,1.32,656.14,4824,31652,26828,121,154,33,37566,4235,4235,4235,0,0,0,13698,18528,0,0
111500,00680K,4225,2,45,1.08,662.51,4833,32019,27186,122,155,33,37942,4240,4240,4225,376,1,1,13329,20564,9,367
111600,00680K,4225,2,45,1.08,662.85,4834,32042,27208,123,156,33,37966,4235,4235,4225,24,1,1,12386,20553,1,23
111600,00680K,4225,2,45,1.08,662.85,4834,32042,27208,123,156,33,37966,4235,4235,4225,24,1,1,12386,20553,1,23
111700,00680K,4240,2,60,1.44,670.67,4834,32420,27586,123,158,35,38344,4240,4240,4240,378,0,2,13565,20535,0,378
111700,00680K,4235,2,55,1.32,680.93,4834,32916,28082,123,160,37,38840,4240,4240,4235,874,0,4,12497,20534,0,874
111800,00680K,4235,2,55,1.32,680.93,4834,32916,28082,123,160,37,38840,4235,4235,4235,0,0,0,12497,20534,0,0
111800,00680K,4235,2,55,1.32,680.93,4834,32916,28082,123,160,37,38840,4235,4235,4235,0,0,0,12497,20534,0,0
111900,00680K,4240,2,60,1.44,688.54,4834,33284,28450,123,161,38,39232,4240,4240,4240,368,0,1,12535,20933,0,368
111900,00680K,4240,2,60,1.44,688.54,4834,33284,28450,123,161,38,39232,4240,4240,4240,368,0,1,12535,20933,0,368
112000,00680K,4235,2,55,1.32,689.02,4834,33307,28473,123,162,39,39255,4235,4235,4235,23,0,1,13129,20933,0,23
112000,00680K,4240,2,60,1.44,696.48,4835,33675,28840,124,163,39,39624,4235,4240,4225,392,1,2,13110,20921,1,391
112100,00680K,4240,2,60,1.44,696.48,4835,33675,28840,124,163,39,39624,4240,4240,4240,0,0,0,13110,20921,0,0
112200,00680K,4235,2,55,1.32,696.79,4835,33690,28855,124,164,40,39639,4235,4235,4235,0,0,0,12761,20921,0,0
112200,00680K,4235,2,55,1.32,696.96,4835,33698,28863,124,165,41,39647,4235,4235,4235,8,0,1,12747,20919,0,8
112300,00680K,4235,2,55,1.32,693.52,4859,33698,28839,125,165,40,39671,4235,4235,4235,0,0,0,13241,18707,0,0
112300,00680K,4235,2,55,1.32,693.52,4859,33698,28839,125,165,40,39671,4235,4235,4235,0,0,0,13241,18707,0,0
112400,00680K,4235,2,55,1.32,693.52,4859,33698,28839,125,165,40,39671,4235,4235,4235,0,0,0,13243,18709,0,0
112400,00680K,4240,2,60,1.44,701.56,4882,34250,29368,126,167,41,40246,4240,4240,4240,575,1,2,12873,15381,23,552
112500,00680K,4245,2,65,1.56,701.8,4884,34276,29392,127,168,41,40274,4245,4245,4245,26,0,1,12872,15355,0,26
112500,00680K,4245,2,65,1.56,701.8,4884,34276,29392,127,168,41,40274,4245,4245,4245,26,0,1,12872,15355,0,26
112600,00680K,4245,2,65,1.56,708.11,4907,34747,29840,128,170,42,40768,4245,4245,4245,0,0,0,13049,15306,0,0
112600,00680K,4245,2,65,1.56,708.11,4907,34747,29840,128,170,42,40768,4245,4245,4245,0,0,0,13049,15306,0,0
112700,00680K,4240,2,60,1.44,704.66,4931,34747,29816,129,170,41,40792,4240,4240,4240,24,1,0,12669,15202,24,0
112700,00680K,4240,2,60,1.44,704.66,4931,34747,29816,129,170,41,40792,4240,4240,4240,24,1,0,12669,15202,24,0
112800,00680K,4245,2,65,1.56,712.13,4931,35115,30184,129,171,42,41160,4245,4245,4245,0,0,0,12669,15163,0,0
112800,00680K,4230,2,50,1.2,711.98,4935,35136,30201,131,172,41,41185,4240,4240,4230,25,2,1,12544,19011,4,21
112900,00680K,4225,2,45,1.08,712.52,4936,35170,30234,132,173,41,41220,4225,4225,4225,1,1,0,12084,21502,1,0
112900,00680K,4240,2,60,1.44,712.84,4936,35186,30250,132,176,44,41236,4225,4240,4225,17,1,3,12079,21501,1,16
113000,00680K,4240,2,60,1.44,664.64,5294,35186,29892,134,176,42,41594,4240,4240,4240,335,1,0,12298,16120,335,0
113000,00680K,4240,2,60,1.44,664.64,5294,35186,29892,134,176,42,41594,4240,4240,4240,335,1,0,12298,16120,335,0
113100,00680K,4235,2,55,1.32,665.09,5294,35210,29916,134,178,44,41618,4235,4235,4235,24,0,2,11298,21502,0,24
113100,00680K,4235,2,55,1.32,665.09,5294,35210,29916,134,178,44,41618,4235,4235,4235,24,0,2,11298,21502,0,24
113200,00680K,4235,2,55,1.32,665.09,5294,35210,29916,134,178,44,41618,4235,4235,4235,0,0,0,11298,21502,0,0
113200,00680K,4235,2,55,1.32,662.22,5317,35210,29893,135,178,43,41641,4235,4235,4235,23,1,0,12730,19311,23,0
113300,00680K,4240,2,60,1.44,674.72,5317,35875,30558,135,180,45,42306,4240,4240,4240,0,0,0,12730,19288,0,0
113300,00680K,4240,2,60,1.44,671.44,5343,35875,30532,138,180,42,42332,4240,4240,4240,26,3,0,12298,18987,26,0
113400,00680K,4245,2,65,1.56,671.46,5343,35876,30533,138,181,43,42333,4245,4245,4245,1,0,1,12304,18964,0,1
113400,00680K,4245,2,65,1.56,678.51,5343,36253,30910,138,183,45,42710,4245,4245,4245,378,0,3,12803,18998,0,378
113500,00680K,4245,2,65,1.56,677.66,5367,36370,31003,139,184,45,42851,4240,4245,4240,141,1,1,12426,18964,24,117
113500,00680K,4245,2,65,1.56,677.66,5367,36370,31003,139,184,45,42851,4240,4245,4240,141,1,1,12426,18964,24,117
113600,00680K,4245,2,65,1.56,684.52,5367,36738,31371,139,185,46,43219,4245,4245,4245,368,0,1,12409,18964,0,368
113600,00680K,4240,2,60,1.44,681.6,5390,36738,31348,140,185,45,43242,4245,4245,4240,391,1,1,12041,18999,23,368
113700,00680K,4240,2,60,1.44,681.6,5390,36738,31348,140,185,45,43242,4240,4240,4240,0,0,0,12041,18999,0,0
113700,00680K,4240,2,60,1.44,678.57,5414,36738,31324,142,185,43,43266,4240,4240,4240,24,2,0,12041,18975,24,0
113800,00680K,4245,2,65,1.56,685.37,5414,37106,31692,142,186,44,43634,4245,4245,4245,368,0,1,12041,18976,0,368
113800,00680K,4240,2,60,1.44,684.87,5418,37106,31688,143,186,43,43638,4245,4245,4240,372,1,1,11673,18976,4,368
113900,00680K,4240,2,60,1.44,681.84,5442,37106,31664,144,186,42,43662,4240,4240,4240,24,1,0,11673,18972,24,0
113900,00680K,4245,2,65,1.56,687.05,5442,37389,31947,144,187,43,43945,4240,4245,4240,307,1,1,11673,18948,24,283
114000,00680K,4250,2,70,1.67,687.34,5442,37405,31963,144,188,44,43961,4250,4250,4250,16,0,1,11462,19032,0,16
114000,00680K,4245,2,65,1.56,684.45,5465,37405,31940,145,188,43,43984,4250,4250,4245,39,1,1,11446,19032,23,16
114100,00680K,4245,2,65,1.56,684.45,5465,37405,31940,145,188,43,43984,4245,4245,4245,0,0,0,11446,19032,0,0
114100,00680K,4245,2,65,1.56,689.29,5489,37835,32346,147,190,43,44438,4250,4250,4245,454,2,2,11016,20184,24,430
114200,00680K,4245,2,65,1.56,689.29,5489,37835,32346,147,190,43,44438,4245,4245,4245,0,0,0,11016,20184,0,0
114200,00680K,4245,2,65,1.56,689.29,5489,37835,32346,147,190,43,44438,4245,4245,4245,0,0,0,11016,20184,0,0
114300,00680K,4250,2,70,1.67,692.96,5513,38203,32690,148,191,43,44830,4245,4250,4245,392,1,1,11019,20163,24,368
114400,00680K,4250,2,70,1.67,692.96,5513,38203,32690,148,191,43,44830,4250,4250,4250,0,0,0,11019,20163,0,0
114400,00680K,4250,2,70,1.67,692.96,5513,38203,32690,148,191,43,44830,4250,4250,4250,0,0,0,10656,20163,0,0
114500,00680K,4250,2,70,1.67,637.2,6053,38570,32517,150,192,42,45737,4250,4250,4250,0,0,0,10753,16557,0,0
114500,00680K,4250,2,70,1.67,637.2,6053,38570,32517,150,192,42,45737,4250,4250,4250,0,0,0,10753,16557,0,0
114600,00680K,4245,2,65,1.56,634.58,6078,38570,32492,152,192,40,45762,4245,4245,4245,0,0,0,10387,16706,0,0
114600,00680K,4245,2,65,1.56,634.58,6078,38570,32492,152,192,40,45762,4245,4245,4245,0,0,0,10387,16706,0,0
114700,00680K,4250,2,70,1.67,640.64,6078,38938,32860,152,193,41,46130,4250,4250,4250,0,0,0,10387,16704,0,0
114700,00680K,4245,2,65,1.56,622.41,6256,38938,32682,156,193,37,46308,4245,4245,4245,178,4,0,10019,16633,178,0
114800,00680K,4245,2,65,1.56,622.41,6256,38938,32682,156,193,37,46308,4245,4245,4245,0,0,0,10019,16633,0,0
114800,00680K,4245,2,65,1.56,625.99,6279,39306,33027,157,194,37,46699,4250,4250,4245,391,1,1,9646,19796,23,368
114900,00680K,4245,2,65,1.56,619.19,6348,39306,32958,158,194,36,46768,4245,4245,4245,0,0,0,9646,19773,0,0
114900,00680K,4245,2,65,1.56,619.19,6348,39306,32958,158,194,36,46768,4245,4245,4245,0,0,0,9646,19773,0,0
115000,00680K,4245,2,65,1.56,572.06,6871,39306,32435,160,194,34,47291,4245,4245,4245,0,0,0,9654,19205,0,0
115000,00680K,4245,2,65,1.56,577.33,6872,39674,32802,161,195,34,47660,4250,4250,4245,369,1,1,8339,19283,1,368
115100,00680K,4245,2,65,1.56,577.33,6872,39674,32802,161,195,34,47660,4245,4245,4245,0,0,0,8339,19283,0,0
115100,00680K,4245,2,65,1.56,575.32,6896,39674,32778,162,195,33,47684,4245,4245,4245,24,1,0,10284,16114,24,0
115200,00680K,4250,2,70,1.67,580.66,6896,40042,33146,162,196,34,48052,4250,4250,4250,0,0,0,10284,16114,0,0
115200,00680K,4245,2,65,1.56,578.73,6919,40042,33123,163,196,33,48075,4245,4245,4245,23,1,0,10116,16213,23,0
115300,00680K,4245,2,65,1.56,578.73,6919,40042,33123,163,196,33,48075,4245,4245,4245,0,0,0,10116,16213,0,0
115300,00680K,4245,2,65,1.56,566.03,7126,40335,33209,164,197,33,48575,4245,4245,4245,500,1,1,9832,19708,207,293
115400,00680K,4245,2,65,1.56,564.2,7149,40335,33186,165,197,32,48598,4245,4245,4245,0,0,0,9616,16057,0,0
115400,00680K,4230,2,50,1.2,560.05,7202,40335,33133,167,197,30,48651,4245,4245,4230,53,2,0,8582,19708,53,0
115500,00680K,4230,2,50,1.2,560.05,7202,40335,33133,167,197,30,48651,4230,4230,4230,0,0,0,8582,19708,0,0
115500,00680K,4240,2,60,1.44,560.39,7202,40359,33157,167,199,32,48675,4240,4240,4240,24,0,2,8331,19709,0,24
115600,00680K,4240,2,60,1.44,549.03,7351,40359,33008,169,199,30,48824,4240,4240,4240,0,0,0,8515,16367,0,0
115600,00680K,4240,2,60,1.44,549.03,7351,40359,33008,169,199,30,48824,4240,4240,4240,0,0,0,8515,16367,0,0
115700,00680K,4245,2,65,1.56,549.34,7351,40382,33031,169,200,31,48847,4245,4245,4245,23,0,1,9504,19387,0,23
115700,00680K,4245,2,65,1.56,549.34,7351,40382,33031,169,200,31,48847,4245,4245,4245,23,0,1,9504,19387,0,23
115800,00680K,4245,2,65,1.56,547.63,7374,40382,33008,170,200,30,48870,4245,4245,4245,0,0,0,9554,16587,0,0
115800,00680K,4250,2,70,1.67,550.54,7375,40602,33227,171,201,30,49091,4245,4250,4245,221,1,1,9554,16563,1,220
115900,00680K,4250,2,70,1.67,548.68,7400,40602,33202,173,201,28,49116,4250,4250,4250,24,1,0,18122,19853,24,0
115900,00680K,4250,2,70,1.67,548.68,7400,40602,33202,173,201,28,49116,4250,4250,4250,24,1,0,18122,19853,24,0
120000,00680K,4250,2,70,1.67,548.68,7400,40602,33202,173,201,28,49116,4250,4250,4250,0,0,0,18122,19853,0,0
120000,00680K,4255,2,75,1.79,534.92,7675,41055,33380,175,203,28,49844,4255,4255,4255,728,2,2,17701,17395,275,453
120100,00680K,4255,2,75,1.79,534.92,7675,41055,33380,175,203,28,49844,4255,4255,4255,0,0,0,17701,17395,0,0
120100,00680K,4255,2,75,1.79,534.92,7675,41055,33380,175,203,28,49844,4255,4255,4255,0,0,0,17701,17395,0,0
120200,00680K,4255,2,75,1.79,533.32,7698,41055,33357,176,203,27,49867,4255,4255,4255,23,1,0,17759,17389,23,0
120200,00680K,4255,2,75,1.79,533.32,7698,41055,33357,176,203,27,49867,4255,4255,4255,23,1,0,17759,17389,23,0
120300,00680K,4255,2,75,1.79,531.59,7723,41055,33332,178,203,25,49892,4255,4255,4255,24,1,0,18208,17400,24,0
120300,00680K,4255,2,75,1.79,506.41,8107,41055,32948,181,203,22,50276,4255,4255,4255,408,4,0,18209,17085,408,0
120400,00680K,4255,2,75,1.79,506.43,8107,41056,32949,181,204,23,50277,4255,4255,4255,1,0,1,17238,20127,0,1
120400,00680K,4250,2,70,1.67,506.5,8107,41062,32955,181,206,25,50283,4255,4255,4250,7,0,3,17247,20700,0,7
120500,00680K,4250,2,70,1.67,506.5,8107,41062,32955,181,206,25,50283,4250,4250,4250,0,0,0,17247,20700,0,0
120500,00680K,4250,2,70,1.67,506.5,8107,41062,32955,181,206,25,50283,4250,4250,4250,0,0,0,17247,20700,0,0
120600,00680K,4245,2,65,1.56,506.62,8107,41072,32965,181,209,28,50293,4245,4245,4245,10,0,3,9413,20129,0,10
120700,00680K,4245,2,65,1.56,506.69,8107,41077,32970,181,213,32,50298,4245,4245,4245,0,0,0,9334,20128,0,0
120700,00680K,4240,2,60,1.44,506.57,8109,41078,32969,182,214,32,50301,4230,4240,4230,3,1,1,9357,20700,2,1
120800,00680K,4240,2,60,1.44,506.57,8109,41078,32969,182,214,32,50301,4240,4240,4240,0,0,0,9357,20700,0,0
120800,00680K,4240,2,60,1.44,506.57,8109,41078,32969,182,214,32,50301,4240,4240,4240,0,0,0,8712,20925,0,0
120900,00680K,4230,2,50,1.2,505.51,8126,41078,32952,183,214,31,50318,4230,4230,4230,0,0,0,9077,20925,0,0
120900,00680K,4230,2,50,1.2,505.51,8126,41078,32952,183,214,31,50318,4230,4230,4230,0,0,0,9077,20925,0,0
121000,00680K,4230,2,50,1.2,505.51,8126,41078,32952,183,214,31,50318,4230,4230,4230,0,0,0,23026,20908,0,0
121000,00680K,4230,2,50,1.2,505.13,8133,41082,32949,184,215,31,50329,4230,4230,4230,11,1,1,22532,22892,7,4
121100,00680K,4235,2,55,1.32,505.55,8133,41116,32983,184,217,33,50363,4235,4235,4235,0,0,0,23683,20916,0,0
121100,00680K,4230,2,50,1.2,504.07,8157,41117,32960,186,218,32,50388,4225,4230,4225,25,2,1,23029,22892,24,1
121200,00680K,4230,2,50,1.2,504.09,8157,41119,32962,186,219,33,50390,4230,4230,4230,0,0,0,22500,22869,0,0
121200,00680K,4230,2,50,1.2,504.09,8157,41119,32962,186,219,33,50390,4230,4230,4230,0,0,0,22500,22869,0,0
121300,00680K,4225,2,45,1.08,502.12,8189,41119,32930,188,219,31,50422,4225,4225,4225,0,0,0,22997,22866,0,0
121300,00680K,4225,2,45,1.08,502.12,8189,41119,32930,188,219,31,50422,4225,4225,4225,0,0,0,22997,22866,0,0
121400,00680K,4225,2,45,1.08,500.72,8212,41119,32907,189,219,30,50445,4225,4225,4225,23,1,0,23658,22857,23,0
121400,00680K,4225,2,45,1.08,500.72,8212,41119,32907,189,219,30,50445,4225,4225,4225,23,1,0,23658,22857,23,0
121500,00680K,4225,2,45,1.08,500.72,8212,41119,32907,189,219,30,50445,4225,4225,4225,0,0,0,23658,22857,0,0
121500,00680K,4235,2,55,1.32,497.87,8259,41119,32860,192,219,27,50492,4225,4235,4225,47,3,0,22701,20832,47,0
121600,00680K,4235,2,55,1.32,497.87,8259,41119,32860,192,219,27,50492,4235,4235,4235,0,0,0,22701,20832,0,0
121600,00680K,4235,2,55,1.32,497.87,8259,41119,32860,192,219,27,50492,4235,4235,4235,0,0,0,22701,20832,0,0
121700,00680K,4235,2,55,1.32,496.49,8282,41119,32837,193,219,26,50515,4235,4235,4235,0,0,0,23644,20853,0,0
121700,00680K,4235,2,55,1.32,496.49,8282,41119,32837,193,219,26,50515,4235,4235,4235,0,0,0,23644,20853,0,0
121800,00680K,4235,2,55,1.32,496.32,8305,41219,32914,194,220,26,50638,4235,4235,4235,23,1,0,23544,20831,23,0
121800,00680K,4235,2,55,1.32,496.32,8305,41219,32914,194,220,26,50638,4235,4235,4235,23,1,0,23544,20831,23,0
121900,00680K,4235,2,55,1.32,496.32,8305,41219,32914,194,220,26,50638,4235,4235,4235,0,0,0,23544,20831,0,0
121900,00680K,4235,2,55,1.32,494.89,8329,41219,32890,195,220,25,50662,4235,4235,4235,24,1,0,24044,20873,24,0
122000,00680K,4235,2,55,1.32,491.81,8381,41219,32838,197,220,23,50714,4235,4235,4235,51,1,0,24044,20848,51,0
122000,00680K,4235,2,55,1.32,491.81,8381,41219,32838,197,220,23,50714,4235,4235,4235,51,1,0,24044,20848,51,0
122100,00680K,4230,2,50,1.2,491.93,8381,41229,32848,197,221,24,50724,4230,4230,4230,10,0,1,23545,22790,0,10
122100,00680K,4230,2,50,1.2,492.15,8381,41247,32866,197,222,25,50742,4230,4230,4230,28,0,2,23535,22790,0,28
122200,00680K,4230,2,50,1.2,492.16,8381,41248,32867,197,223,26,50743,4230,4230,4230,1,0,1,23036,22789,0,1
122200,00680K,4230,2,50,1.2,492.16,8381,41248,32867,197,223,26,50743,4230,4230,4230,1,0,1,23036,22789,0,1
122300,00680K,4230,2,50,1.2,492.16,8381,41248,32867,197,223,26,50743,4230,4230,4230,0,0,0,23036,22789,0,0
122300,00680K,4230,2,50,1.2,490.77,8405,41249,32844,198,224,26,50768,4225,4230,4225,25,1,1,23539,22766,24,1
122400,00680K,4225,2,45,1.08,490.71,8406,41249,32843,199,224,25,50769,4225,4225,4225,1,1,0,23538,22766,1,0
122400,00680K,4225,2,45,1.08,489.37,8429,41249,32820,200,224,24,50792,4225,4225,4225,24,2,0,23538,22790,24,0
122500,00680K,4225,2,45,1.08,489.37,8429,41249,32820,200,224,24,50792,4225,4225,4225,0,0,0,23538,22790,0,0
122500,00680K,4230,2,50,1.2,489.62,8429,41270,32841,200,225,25,50813,4230,4230,4230,21,0,1,23538,22801,0,21
122600,00680K,4230,2,50,1.2,488.29,8452,41270,32818,201,225,24,50836,4230,4230,4230,23,1,0,23517,19466,23,0
122600,00680K,4230,2,50,1.2,488.29,8452,41270,32818,201,225,24,50836,4230,4230,4230,23,1,0,23517,19466,23,0
122700,00680K,4230,2,50,1.2,488.29,8452,41270,32818,201,225,24,50836,4230,4230,4230,0,0,0,23517,19466,0,0
122800,00680K,4230,2,50,1.2,487.47,8467,41274,32807,202,226,24,50855,4230,4230,4230,0,0,0,23022,22033,0,0
122800,00680K,4225,2,45,1.08,487.35,8469,41274,32805,203,226,23,50857,4225,4225,4225,2,1,0,23018,22034,2,0
122900,00680K,4225,2,45,1.08,486.03,8492,41274,32782,204,226,22,50880,4225,4225,4225,0,0,0,23018,22032,0,0
122900,00680K,4230,2,50,1.2,486.09,8492,41279,32787,204,227,23,50885,4230,4230,4230,5,0,1,23018,22009,0,5
123000,00680K,4230,2,50,1.2,486.09,8492,41279,32787,204,227,23,50885,4230,4230,4230,0,0,0,23018,22009,0,0
123000,00680K,4230,2,50,1.2,486.1,8492,41280,32788,204,228,24,50886,4230,4230,4230,1,0,1,22091,22009,0,1
123100,00680K,4230,2,50,1.2,486.1,8492,41280,32788,204,228,24,50886,4230,4230,4230,0,0,0,22091,22009,0,0
123100,00680K,4230,2,50,1.2,486.36,8492,41302,32810,204,229,25,50908,4230,4230,4230,22,0,1,23035,22009,0,22
123200,00680K,4230,2,50,1.2,486.36,8492,41302,32810,204,229,25,50908,4230,4230,4230,0,0,0,23035,22009,0,0
123200,00680K,4230,2,50,1.2,486.65,8492,41326,32834,204,230,26,50932,4230,4230,4230,24,0,1,23541,22046,0,24
123300,00680K,4230,2,50,1.2,485.91,8505,41327,32822,206,231,25,50946,4230,4230,4230,0,0,0,22582,22009,0,0
123300,00680K,4230,2,50,1.2,485.91,8505,41327,32822,206,231,25,50946,4230,4230,4230,0,0,0,22582,22009,0,0
123400,00680K,4230,2,50,1.2,485.91,8505,41327,32822,206,231,25,50946,4230,4230,4230,0,0,0,23527,22009,0,0
123400,00680K,4225,2,45,1.08,484.6,8528,41327,32799,207,231,24,50969,4225,4225,4225,23,1,0,23527,22009,23,0
123500,00680K,4225,2,45,1.08,484.6,8528,41327,32799,207,231,24,50969,4225,4225,4225,0,0,0,23527,22009,0,0
123500,00680K,4225,2,45,1.08,483.24,8552,41327,32775,208,231,23,50993,4225,4225,4225,24,1,0,23527,22010,24,0
123600,00680K,4225,2,45,1.08,483.24,8552,41327,32775,208,231,23,50993,4225,4225,4225,0,0,0,23527,22010,0,0
123600,00680K,4230,2,50,1.2,414.35,9976,41336,31360,210,232,22,52426,4225,4230,4220,1433,2,1,22582,21749,1424,9
123700,00680K,4225,2,45,1.08,414.35,9979,41348,31369,212,233,21,52441,4220,4225,4220,13,1,1,22300,21116,1,12
123700,00680K,4225,2,45,1.08,414.35,9979,41348,31369,212,233,21,52441,4220,4225,4220,13,1,1,22300,21116,1,12
123800,00680K,4225,2,45,1.08,414.35,9979,41348,31369,212,233,21,52441,4225,4225,4225,0,0,0,22300,21116,0,0
123800,00680K,4220,2,40,0.96,414.56,9979,41369,31390,212,234,22,52462,4220,4220,4220,21,0,1,21405,21749,0,21
123900,00680K,4220,2,40,0.96,414.56,9979,41369,31390,212,234,22,52462,4220,4220,4220,0,0,0,21405,21749,0,0
123900,00680K,4225,2,45,1.08,413.6,10003,41372,31369,213,236,23,52489,4215,4225,4215,27,1,2,22199,21951,24,3
124000,00680K,4225,2,45,1.08,413.7,10003,41382,31379,213,237,24,52499,4225,4225,4225,10,0,1,22198,21951,0,10
124000,00680K,4225,2,45,1.08,413.7,10003,41382,31379,213,237,24,52499,4225,4225,4225,10,0,1,22198,21951,0,10
124100,00680K,4220,2,40,0.96,413.65,10004,41382,31378,214,237,23,52500,4220,4220,4220,1,1,0,22210,21949,1,0
124100,00680K,4220,2,40,0.96,413.65,10004,41382,31378,214,237,23,52500,4220,4220,4220,1,1,0,22210,21949,1,0
124200,00680K,4220,2,40,0.96,413.65,10004,41382,31378,214,237,23,52500,4220,4220,4220,0,0,0,22210,21949,0,0
124200,00680K,4220,2,40,0.96,412.71,10027,41382,31355,215,237,22,52523,4220,4220,4220,23,1,0,22211,21950,23,0
124300,00680K,4220,2,40,0.96,412.71,10027,41382,31355,215,237,22,52523,4220,4220,4220,0,0,0,22211,21950,0,0
124300,00680K,4220,2,40,0.96,411.99,10045,41384,31339,216,238,22,52543,4220,4220,4220,20,1,1,21662,22570,18,2
124400,00680K,4220,2,40,0.96,412.03,10045,41388,31343,216,239,23,52547,4220,4220,4220,4,0,1,21660,22570,0,4
124400,00680K,4220,2,40,0.96,412.03,10045,41388,31343,216,239,23,52547,4220,4220,4220,4,0,1,21660,22570,0,4
124500,00680K,4215,2,35,0.84,411.05,10069,41389,31320,218,240,22,52572,4215,4220,4215,25,2,1,18634,22547,24,1
124500,00680K,4220,2,40,0.96,411.27,10069,41411,31342,218,241,23,52594,4215,4220,4215,47,2,2,18634,22546,24,23
124600,00680K,4220,2,40,0.96,411.27,10069,41411,31342,218,241,23,52594,4220,4220,4220,0,0,0,18634,22546,0,0
124600,00680K,4220,2,40,0.96,411.27,10069,41411,31342,218,241,23,52594,4220,4220,4220,0,0,0,18634,22546,0,0
124700,00680K,4220,2,40,0.96,411.27,10069,41411,31342,218,241,23,52594,4220,4220,4220,0,0,0,20711,23006,0,0
124800,00680K,4215,2,35,0.84,373.32,11093,41412,30319,221,242,21,53619,4215,4215,4215,0,0,0,18680,22582,0,0
124800,00680K,4215,2,35,0.84,373.32,11093,41412,30319,221,242,21,53619,4215,4215,4215,0,0,0,18680,22582,0,0
124900,00680K,4220,2,40,0.96,373.51,11093,41434,30341,221,244,23,53641,4220,4220,4220,0,0,0,18680,22082,0,0
124900,00680K,4220,2,40,0.96,372.82,11116,41443,30327,222,245,23,53673,4215,4220,4215,32,1,1,18658,22059,23,9
125000,00680K,4215,2,35,0.84,372.76,11118,41443,30325,223,245,22,53675,4215,4215,4215,0,0,0,18649,22059,0,0
125000,00680K,4225,2,45,1.08,370.71,11183,41457,30274,226,246,20,53754,4215,4225,4215,79,3,1,21243,21362,65,14
125100,00680K,4225,2,45,1.08,370.71,11183,41457,30274,226,246,20,53754,4225,4225,4225,0,0,0,21243,21362,0,0
125100,00680K,4225,2,45,1.08,370.71,11183,41457,30274,226,246,20,53754,4225,4225,4225,0,0,0,21243,21362,0,0
125200,00680K,4225,2,45,1.08,370.75,11183,41461,30278,226,247,21,53758,4225,4225,4225,0,0,0,21658,22012,0,0
125200,00680K,4225,2,45,1.08,370.93,11183,41481,30298,226,248,22,53778,4225,4225,4225,20,0,1,21654,22068,0,20
125300,00680K,4225,2,45,1.08,370.93,11183,41481,30298,226,248,22,53778,4225,4225,4225,0,0,0,21654,22068,0,0
125300,00680K,4230,2,50,1.2,371.2,11206,41597,30391,227,249,22,53917,4225,4230,4225,139,1,1,22188,21407,23,116
125400,00680K,4225,2,45,1.08,371.17,11207,41597,30390,228,249,21,53918,4225,4225,4225,0,0,0,22072,21407,0,0
125400,00680K,4220,2,40,0.96,368.41,11293,41605,30312,229,250,21,54012,4225,4225,4220,94,1,1,18933,21988,86,8
125500,00680K,4220,2,40,0.96,368.41,11293,41605,30312,229,250,21,54012,4220,4220,4220,0,0,0,18933,21988,0,0
125500,00680K,4220,2,40,0.96,368.41,11293,41605,30312,229,250,21,54012,4220,4220,4220,0,0,0,18933,21988,0,0
125600,00680K,4215,2,35,0.84,367.63,11317,41605,30288,230,250,20,54036,4215,4215,4215,0,0,0,19479,22211,0,0
125600,00680K,4220,2,40,0.96,367.64,11317,41606,30289,230,251,21,54037,4220,4220,4220,1,0,1,19479,21236,0,1
125700,00680K,4215,2,35,0.84,366.9,11340,41606,30266,231,251,20,54060,4215,4215,4215,23,1,0,19478,22188,23,0
125700,00680K,4220,2,40,0.96,366.9,11340,41607,30267,231,252,21,54061,4215,4220,4215,24,1,1,19478,22165,23,1
125800,00680K,4215,2,35,0.84,366.84,11342,41607,30265,232,252,20,54063,4215,4215,4215,2,1,0,19477,22164,2,0
125800,00680K,4215,2,35,0.84,365.68,11378,41607,30229,234,252,18,54099,4215,4215,4215,38,3,0,19477,22163,38,0
125900,00680K,4225,2,45,1.08,365.71,11378,41610,30232,234,253,19,54102,4225,4225,4225,3,0,1,23432,22126,0,3
125900,00680K,4225,2,45,1.08,365.71,11378,41610,30232,234,253,19,54102,4225,4225,4225,3,0,1,23432,22126,0,3
130000,00680K,4220,2,40,0.96,365.71,11378,41611,30233,234,254,20,54103,4220,4220,4220,0,0,0,20431,22126,0,0
130000,00680K,4220,2,40,0.96,365.71,11378,41611,30233,234,254,20,54103,4220,4220,4220,0,0,0,20431,22126,0,0
130100,00680K,4215,2,35,0.84,364.98,11401,41611,30210,235,254,19,54126,4215,4215,4215,23,1,0,20363,22126,23,0
130100,00680K,4220,2,40,0.96,364.99,11401,41612,30211,235,255,20,54127,4215,4220,4215,24,1,1,20363,22103,23,1
130200,00680K,4215,2,35,0.84,364.95,11402,41612,30210,236,255,19,54128,4215,4215,4215,1,1,0,20362,22103,1,0
130200,00680K,4215,2,35,0.84,364.22,11425,41612,30187,237,255,18,54151,4215,4215,4215,24,2,0,20362,22102,24,0
130300,00680K,4215,2,35,0.84,364.22,11425,41612,30187,237,255,18,54151,4215,4215,4215,0,0,0,20362,22102,0,0
130300,00680K,4220,2,40,0.96,364.38,11426,41634,30208,238,256,18,54174,4220,4220,4220,23,1,1,23362,21391,1,22
130400,00680K,4220,2,40,0.96,364.38,11426,41634,30208,238,256,18,54174,4220,4220,4220,0,0,0,23362,21391,0,0
130400,00680K,4215,2,35,0.84,353.76,11769,41634,29865,239,256,17,54517,4215,4215,4215,343,1,0,19417,22057,343,0
130500,00680K,4220,2,40,0.96,353.15,11792,41644,29852,240,258,18,54550,4215,4220,4215,33,1,2,19417,21691,23,10
130600,00680K,4220,2,40,0.96,353.15,11792,41644,29852,240,258,18,54550,4220,4220,4220,0,0,0,19417,21691,0,0
130600,00680K,4230,2,50,1.2,353.16,11802,41680,29878,241,260,19,54596,4215,4230,4215,46,1,2,23344,21060,10,36
130700,00680K,4230,2,50,1.2,353.16,11803,41684,29881,242,261,19,54601,4230,4230,4230,0,0,0,22060,21702,0,0
130700,00680K,4230,2,50,1.2,353.16,11803,41684,29881,242,261,19,54601,4230,4230,4230,0,0,0,22060,21702,0,0
130800,00680K,4230,2,50,1.2,353.16,11803,41684,29881,242,261,19,54601,4230,4230,4230,0,0,0,23002,21704,0,0
130800,00680K,4230,2,50,1.2,353.16,11803,41684,29881,242,261,19,54601,4230,4230,4230,0,0,0,22471,21704,0,0
130900,00680K,4230,2,50,1.2,353.16,11803,41684,29881,242,261,19,54601,4230,4230,4230,0,0,0,22471,21704,0,0
130900,00680K,4220,2,40,0.96,353.33,11804,41707,29903,243,262,19,54625,4220,4220,4220,24,1,1,22487,21090,1,23
131000,00680K,4220,2,40,0.96,353.33,11804,41707,29903,243,262,19,54625,4220,4220,4220,0,0,0,22487,21090,0,0
131000,00680K,4220,2,40,0.96,353.33,11804,41707,29903,243,262,19,54625,4220,4220,4220,0,0,0,22487,21090,0,0
131100,00680K,4225,2,45,1.08,352.23,11848,41732,29884,246,263,17,54694,4225,4225,4225,25,0,1,22467,21070,0,25
131100,00680K,4225,2,45,1.08,352.23,11848,41732,29884,246,263,17,54694,4225,4225,4225,25,0,1,22467,21070,0,25
131200,00680K,4230,2,50,1.2,352.44,11848,41757,29909,246,267,21,54719,4225,4230,4225,25,0,4,21518,21045,0,25
131200,00680K,4230,2,50,1.2,352.44,11848,41757,29909,246,267,21,54719,4225,4230,4225,25,0,4,21518,21045,0,25
131300,00680K,4230,2,50,1.2,352.44,11848,41757,29909,246,267,21,54719,4230,4230,4230,0,0,0,21518,21045,0,0
131300,00680K,4230,2,50,1.2,352.44,11848,41757,29909,246,267,21,54719,4230,4230,4230,0,0,0,22995,21043,0,0
131400,00680K,4230,2,50,1.2,352.44,11848,41757,29909,246,267,21,54719,4230,4230,4230,0,0,0,21518,21045,0,0
131400,00680K,4220,2,40,0.96,351.76,11871,41757,29886,247,267,20,54742,4220,4220,4220,23,1,0,22569,21045,23,0
131500,00680K,4220,2,40,0.96,351.73,11872,41757,29885,248,267,19,54743,4220,4220,4220,1,1,0,22569,21022,1,0
131500,00680K,4220,2,40,0.96,351.73,11872,41757,29885,248,267,19,54743,4220,4220,4220,1,1,0,22569,21022,1,0
131600,00680K,4215,2,35,0.84,344.68,12116,41762,29646,250,268,18,54992,4220,4220,4215,249,2,1,18612,20728,244,5
131600,00680K,4215,2,35,0.84,344.68,12116,41762,29646,250,268,18,54992,4220,4220,4215,249,2,1,18612,20728,244,5
131700,00680K,4215,2,35,0.84,344.68,12116,41762,29646,250,268,18,54992,4215,4215,4215,0,0,0,18612,20728,0,0
131700,00680K,4215,2,35,0.84,343.38,12162,41762,29600,252,268,16,55038,4215,4215,4215,46,2,0,19462,21421,46,0
131800,00680K,4215,2,35,0.84,343.33,12202,41893,29691,253,269,16,55209,4215,4215,4215,40,1,0,19308,21398,40,0
131800,00680K,4220,2,40,0.96,342.69,12225,41894,29669,254,270,16,55233,4215,4220,4215,64,2,1,19308,21358,63,1
131900,00680K,4215,2,35,0.84,342.64,12227,41894,29667,255,270,15,55235,4215,4215,4215,2,1,0,19307,21403,2,0
131900,00680K,4215,2,35,0.84,342.64,12227,41894,29667,255,270,15,55235,4215,4215,4215,2,1,0,19307,21403,2,0
132000,00680K,4215,2,35,0.84,341.96,12251,41894,29643,256,270,14,55259,4215,4215,4215,24,1,0,19307,21401,24,0
132000,00680K,4215,2,35,0.84,341.96,12251,41894,29643,256,270,14,55259,4215,4215,4215,24,1,0,19307,21401,24,0
132100,00680K,4215,2,35,0.84,341.32,12274,41894,29620,257,270,13,55282,4215,4215,4215,23,1,0,19307,21377,23,0
132100,00680K,4220,2,40,0.96,341.45,12274,41909,29635,257,271,14,55297,4215,4220,4215,38,1,1,19307,21354,23,15
132200,00680K,4220,2,40,0.96,341.45,12274,41910,29636,257,272,15,55298,4220,4220,4220,1,0,1,19292,21354,0,1
132200,00680K,4220,2,40,0.96,340.82,12297,41911,29614,258,273,15,55322,4220,4220,4215,25,1,2,19291,21331,23,2
132300,00680K,4220,2,40,0.96,340.82,12297,41911,29614,258,273,15,55322,4220,4220,4220,0,0,0,19291,21331,0,0
132400,00680K,4215,2,35,0.84,340.8,12298,41911,29613,259,273,14,55323,4215,4215,4215,0,0,0,19290,21331,0,0
132400,00680K,4215,2,35,0.84,340.13,12322,41911,29589,260,273,13,55347,4215,4215,4215,24,1,0,19345,21330,24,0
132500,00680K,4220,2,40,0.96,338.96,12372,41936,29564,261,275,14,55422,4220,4220,4220,23,0,1,19393,21256,0,23
132500,00680K,4215,2,35,0.84,338.34,12395,41937,29542,262,276,14,55446,4220,4220,4215,47,1,2,19369,21256,23,24
132600,00680K,4215,2,35,0.84,338.34,12395,41937,29542,262,276,14,55446,4215,4215,4215,0,0,0,19369,21256,0,0
132600,00680K,4215,2,35,0.84,338.34,12395,41937,29542,262,276,14,55446,4215,4215,4215,0,0,0,19369,21233,0,0
132700,00680K,4220,2,40,0.96,337.72,12418,41938,29520,263,277,14,55470,4220,4220,4220,0,0,0,19369,21318,0,0
132700,00680K,4220,2,40,0.96,337.72,12418,41938,29520,263,277,14,55470,4220,4220,4220,0,0,0,19369,21318,0,0
132800,00680K,4215,2,35,0.84,337.69,12419,41938,29519,264,277,13,55471,4215,4215,4215,0,0,0,20218,21318,0,0
132800,00680K,4215,2,35,0.84,337.04,12443,41938,29495,265,277,12,55495,4215,4215,4215,24,1,0,20218,21317,24,0
132900,00680K,4215,2,35,0.84,337.04,12443,41938,29495,265,277,12,55495,4215,4215,4215,0,0,0,20218,21317,0,0
132900,00680K,4220,2,40,0.96,336.43,12466,41939,29473,266,278,12,55519,4215,4220,4215,24,1,1,20218,21274,23,1
133000,00680K,4220,2,40,0.96,336.43,12466,41939,29473,266,278,12,55519,4220,4220,4220,0,0,0,20218,21274,0,0
133000,00680K,4220,2,40,0.96,336.43,12466,41939,29473,266,278,12,55519,4220,4220,4220,0,0,0,20218,21274,0,0
133100,00680K,4215,2,35,0.84,335.81,12489,41939,29450,267,278,11,55542,4215,4215,4215,0,0,0,23234,21274,0,0
133100,00680K,4220,2,40,0.96,335.98,12489,41961,29472,267,279,12,55564,4220,4220,4220,22,0,1,23234,21251,0,22
133200,00680K,4215,2,35,0.84,335.29,12515,41961,29446,269,279,10,55590,4215,4215,4215,24,1,0,23212,21249,24,0
133200,00680K,4215,2,35,0.84,335.29,12515,41961,29446,269,279,10,55590,4215,4215,4215,24,1,0,23212,21249,24,0
133300,00680K,4220,2,40,0.96,336.22,12515,42078,29563,269,280,11,55707,4220,4220,4220,117,0,1,20190,21225,0,117
133300,00680K,4215,2,35,0.84,335.6,12538,42078,29540,270,280,10,55730,4220,4220,4215,140,1,1,20073,21225,23,117
133400,00680K,4215,2,35,0.84,335.6,12538,42078,29540,270,280,10,55730,4215,4215,4215,0,0,0,20073,21225,0,0
133400,00680K,4215,2,35,0.84,335.6,12538,42078,29540,270,280,10,55730,4215,4215,4215,0,0,0,20073,21225,0,0
133500,00680K,4215,2,35,0.84,334.99,12561,42078,29517,271,280,9,55753,4215,4215,4215,0,0,0,20073,21202,0,0
133500,00680K,4215,2,35,0.84,334.99,12561,42078,29517,271,280,9,55753,4215,4215,4215,0,0,0,20073,21202,0,0
133600,00680K,4215,2,35,0.84,334.32,12586,42078,29492,273,280,7,55778,4215,4215,4215,25,2,0,20073,21178,25,0
133600,00680K,4215,2,35,0.84,334.32,12586,42078,29492,273,280,7,55778,4215,4215,4215,25,2,0,20073,21178,25,0
133700,00680K,4215,2,35,0.84,334.32,12586,42078,29492,273,280,7,55778,4215,4215,4215,0,0,0,20073,21178,0,0
133700,00680K,4215,2,35,0.84,333.92,12609,42104,29495,274,281,7,55827,4220,4220,4215,49,1,1,20047,21153,23,26
133800,00680K,4215,2,35,0.84,333.92,12609,42104,29495,274,281,7,55827,4215,4215,4215,0,0,0,20047,21153,0,0
133800,00680K,4215,2,35,0.84,333.31,12632,42104,29472,275,281,6,55850,4215,4215,4215,23,1,0,20047,21191,23,0
133900,00680K,4215,2,35,0.84,333.31,12632,42104,29472,275,281,6,55850,4215,4215,4215,0,0,0,20047,21191,0,0
133900,00680K,4215,2,35,0.84,333.31,12632,42104,29472,275,281,6,55850,4215,4215,4215,0,0,0,20047,21191,0,0
134000,00680K,4215,2,35,0.84,332.63,12658,42104,29446,277,281,4,55876,4215,4215,4215,26,2,0,20047,21172,26,0
134000,00680K,4215,2,35,0.84,332.63,12658,42104,29446,277,281,4,55876,4215,4215,4215,26,2,0,20047,21172,26,0
134100,00680K,4220,2,40,0.96,332.79,12658,42124,29466,277,282,5,55896,4220,4220,4220,20,0,1,20047,21170,0,20
134200,00680K,4215,2,35,0.84,332.18,12681,42124,29443,278,282,4,55919,4215,4215,4215,0,0,0,20027,21170,0,0
134200,00680K,4215,2,35,0.84,332.18,12681,42124,29443,278,282,4,55919,4215,4215,4215,0,0,0,20027,21170,0,0
134300,00680K,4215,2,35,0.84,331.58,12704,42124,29420,279,282,3,55942,4215,4215,4215,0,0,0,20027,21174,0,0
134300,00680K,4215,2,35,0.84,329.02,12803,42124,29321,280,282,2,56041,4215,4215,4215,99,1,0,20027,21151,99,0
134400,00680K,4215,2,35,0.84,329.02,12803,42124,29321,280,282,2,56041,4215,4215,4215,0,0,0,20027,21151,0,0
134400,00680K,4215,2,35,0.84,328.4,12827,42124,29297,281,282,1,56065,4215,4215,4215,24,1,0,20027,21052,24,0
134500,00680K,4220,2,40,0.96,328.56,12828,42148,29320,282,283,1,56090,4220,4220,4220,0,0,0,20027,21029,0,0
134500,00680K,4220,2,40,0.96,328.56,12828,42148,29320,282,283,1,56090,4220,4220,4220,0,0,0,20027,21029,0,0
134600,00680K,4215,2,35,0.84,327.97,12851,42148,29297,283,283,0,56113,4215,4215,4215,0,0,0,20003,21261,0,0
134600,00680K,4215,2,35,0.84,327.97,12851,42148,29297,283,283,0,56113,4215,4215,4215,0,0,0,20003,21261,0,0
134700,00680K,4215,2,35,0.84,327.39,12874,42148,29274,284,283,-1,56136,4215,4215,4215,0,0,0,20003,21238,0,0
134700,00680K,4215,2,35,0.84,327.39,12874,42148,29274,284,283,-1,56136,4215,4215,4215,0,0,0,20003,21238,0,0
134800,00680K,4215,2,35,0.84,327.39,12874,42148,29274,284,283,-1,56136,4215,4215,4215,0,0,0,20185,21216,0,0
134800,00680K,4215,2,35,0.84,326.78,12898,42148,29250,285,283,-2,56160,4215,4215,4215,24,1,0,20185,21216,24,0
134900,00680K,4215,2,35,0.84,326.75,12899,42148,29249,286,283,-3,56161,4215,4215,4215,0,0,0,20185,21192,0,0
134900,00680K,4215,2,35,0.84,326.2,12922,42151,29229,287,284,-3,56187,4220,4220,4215,26,1,1,20182,21191,23,3
135000,00680K,4215,2,35,0.84,326.2,12922,42151,29229,287,284,-3,56187,4215,4215,4215,0,0,0,20182,21191,0,0
135000,00680K,4215,2,35,0.84,326.2,12922,42151,29229,287,284,-3,56187,4215,4215,4215,0,0,0,20182,21191,0,0
135100,00680K,4215,2,35,0.84,325.65,12945,42155,29210,288,285,-3,56214,4215,4215,4215,23,1,0,20178,21261,23,0
135100,00680K,4220,2,40,0.96,325.82,12945,42177,29232,288,286,-2,56236,4215,4220,4215,45,1,1,20178,21238,23,22
135200,00680K,4220,2,40,0.96,325.82,12945,42177,29232,288,286,-2,56236,4220,4220,4220,0,0,0,20178,21238,0,0
135200,00680K,4220,2,40,0.96,325.24,12969,42180,29211,289,287,-2,56263,4215,4220,4215,27,1,1,20156,21214,24,3
135300,00680K,4215,2,35,0.84,325.19,12971,42180,29209,290,287,-3,56265,4215,4215,4215,2,1,0,20153,21214,2,0
135300,00680K,4215,2,35,0.84,324.61,12994,42180,29186,291,287,-4,56288,4215,4215,4215,25,2,0,20153,21212,25,0
135400,00680K,4220,2,40,0.96,324.64,12994,42184,29190,291,288,-3,56292,4220,4220,4220,0,0,0,20153,21189,0,0
135400,00680K,4220,2,40,0.96,324.64,12994,42184,29190,291,288,-3,56292,4220,4220,4220,0,0,0,20153,21189,0,0
135500,00680K,4220,2,40,0.96,324.1,13017,42188,29171,292,289,-3,56319,4215,4220,4215,27,1,1,20149,21210,23,4
135500,00680K,4220,2,40,0.96,324.1,13017,42188,29171,292,289,-3,56319,4215,4220,4215,27,1,1,20149,21210,23,4
135600,00680K,4215,2,35,0.84,323.5,13041,42188,29147,293,289,-4,56343,4215,4215,4215,24,1,0,20145,21309,24,0
135600,00680K,4220,2,40,0.96,323.69,13041,42213,29172,293,291,-2,56368,4215,4220,4215,49,1,2,20123,21263,24,25
135700,00680K,4215,2,35,0.84,323.67,13042,42213,29171,294,291,-3,56369,4215,4215,4215,1,1,0,20120,21332,1,0
135700,00680K,4215,2,35,0.84,323.1,13065,42213,29148,295,291,-4,56392,4215,4215,4215,24,2,0,20120,21352,24,0
135800,00680K,4220,2,40,0.96,323.13,13065,42217,29152,295,292,-3,56396,4220,4220,4220,4,0,1,20120,21329,0,4
135800,00680K,4220,2,40,0.96,323.13,13065,42217,29152,295,292,-3,56396,4220,4220,4220,4,0,1,20120,21329,0,4
135900,00680K,4220,2,40,0.96,322.64,13088,42227,29139,296,293,-3,56429,4215,4220,4215,33,1,1,20116,21306,23,10
140000,00680K,4220,2,40,0.96,322.66,13088,42230,29142,296,294,-2,56432,4220,4220,4220,0,0,0,20106,21306,0,0
140000,00680K,4215,2,35,0.84,322.07,13112,42230,29118,297,294,-3,56456,4215,4215,4215,24,1,0,21247,21307,24,0
140100,00680K,4220,2,40,0.96,323.25,13112,42384,29272,297,296,-1,56610,4220,4220,4220,154,0,2,21226,21262,0,154
140100,00680K,4220,2,40,0.96,323.28,13112,42388,29276,297,297,0,56614,4220,4220,4220,158,0,3,21093,21129,0,158
140200,00680K,4215,2,35,0.84,322.66,13137,42388,29251,299,297,-2,56639,4215,4215,4215,0,0,0,21089,21147,0,0
140200,00680K,4215,2,35,0.84,322.66,13137,42388,29251,299,297,-2,56639,4215,4215,4215,0,0,0,21089,21147,0,0
140300,00680K,4220,2,40,0.96,322.69,13137,42392,29255,299,298,-1,56643,4220,4220,4220,0,0,0,21089,21124,0,0
140300,00680K,4215,2,35,0.84,322.1,13161,42392,29231,300,298,-2,56667,4215,4215,4215,24,1,0,21085,21025,24,0
140400,00680K,4220,2,40,0.96,322.13,13161,42396,29235,300,299,-1,56671,4220,4220,4220,0,0,0,21085,20859,0,0
140400,00680K,4215,2,35,0.84,321.57,13185,42399,29214,301,300,-1,56698,4220,4220,4215,27,1,1,21078,20859,24,3
140500,00680K,4215,2,35,0.84,321.57,13185,42399,29214,301,300,-1,56698,4215,4215,4215,0,0,0,21078,20859,0,0
140500,00680K,4220,2,40,0.96,321.76,13185,42424,29239,301,301,0,56723,4220,4220,4220,25,0,1,21078,20871,0,25
140600,00680K,4215,2,35,0.84,321.18,13210,42428,29218,303,302,-1,56752,4215,4215,4215,0,0,0,21049,20849,0,0
140600,00680K,4215,2,35,0.84,321.18,13210,42428,29218,303,302,-1,56752,4215,4215,4215,0,0,0,21049,20849,0,0
140700,00680K,4215,2,35,0.84,320.6,13234,42428,29194,304,302,-2,56776,4215,4215,4215,24,1,0,21049,20849,24,0
140700,00680K,4220,2,40,0.96,320.63,13234,42432,29198,304,303,-1,56780,4215,4220,4215,28,1,1,21049,20825,24,4
140800,00680K,4220,2,40,0.96,321.42,13234,42537,29303,304,304,0,56885,4220,4220,4220,105,0,1,21045,20825,0,105
140800,00680K,4220,2,40,0.96,320.86,13258,42540,29282,305,305,0,56912,4220,4220,4215,132,1,2,20940,20681,24,108
140900,00680K,4220,2,40,0.96,320.87,13258,42541,29283,305,306,1,56913,4220,4220,4220,0,0,0,20937,20681,0,0
140900,00680K,4220,2,40,0.96,320.87,13258,42541,29283,305,306,1,56913,4220,4220,4220,0,0,0,20937,20681,0,0
141000,00680K,4220,2,40,0.96,320.3,13283,42545,29262,307,307,0,56942,4215,4220,4215,5,1,1,20956,20656,1,4
141000,00680K,4220,2,40,0.96,320.3,13283,42545,29262,307,307,0,56942,4215,4220,4215,5,1,1,20956,20656,1,4
141100,00680K,4215,2,35,0.84,319.89,13307,42568,29261,308,308,0,56989,4220,4220,4215,47,1,1,20929,20656,24,23
141100,00680K,4220,2,40,0.96,319.91,13307,42571,29264,308,309,1,56992,4220,4220,4215,50,1,2,20929,20632,24,26
141200,00680K,4220,2,40,0.96,319.91,13307,42571,29264,308,309,1,56992,4220,4220,4220,0,0,0,20929,20632,0,0
141200,00680K,4215,2,35,0.84,319.34,13331,42571,29240,309,309,0,57016,4215,4215,4215,24,1,0,20926,20907,24,0
141300,00680K,4220,2,40,0.96,319.37,13331,42575,29244,309,310,1,57020,4220,4220,4220,4,0,1,20926,20883,0,4
141300,00680K,4215,2,35,0.84,318.79,13355,42575,29220,310,310,0,57044,4220,4220,4215,28,1,1,20922,20583,24,4
141400,00680K,4215,2,35,0.84,318.75,13357,42575,29218,311,310,-1,57046,4215,4215,4215,2,1,0,20922,20559,2,0
141400,00680K,4220,2,40,0.96,318.78,13357,42579,29222,311,311,0,57050,4215,4220,4215,6,1,1,20922,20557,2,4
141500,00680K,4220,2,40,0.96,318.37,13381,42601,29220,312,312,0,57096,4215,4220,4215,46,1,1,20918,20533,24,22
141500,00680K,4220,2,40,0.96,318.37,13381,42601,29220,312,312,0,57096,4215,4220,4215,46,1,1,20918,20533,24,22
141600,00680K,4220,2,40,0.96,318.39,13381,42604,29223,312,313,1,57099,4220,4220,4220,3,0,1,20896,20533,0,3
141700,00680K,4215,2,35,0.84,317.82,13405,42604,29199,313,313,0,57123,4215,4215,4215,0,0,0,20893,20533,0,0
141700,00680K,4215,2,35,0.84,317.82,13405,42604,29199,313,313,0,57123,4215,4215,4215,0,0,0,20893,20533,0,0
141800,00680K,4215,2,35,0.84,317.28,13429,42608,29179,314,314,0,57151,4215,4215,4215,0,0,0,20889,20509,0,0
141800,00680K,4215,2,35,0.84,317.28,13429,42608,29179,314,314,0,57151,4215,4215,4215,0,0,0,20889,20509,0,0
141900,00680K,4215,2,35,0.84,317.26,13430,42608,29178,315,314,-1,57152,4215,4215,4215,0,0,0,20889,20485,0,0
141900,00680K,4215,2,35,0.84,316.72,13454,42611,29157,316,315,-1,57179,4220,4220,4215,27,1,1,20886,20504,24,3
142000,00680K,4220,2,40,0.96,317.09,13454,42661,29207,316,316,0,57229,4220,4220,4220,50,0,1,20886,20533,0,50
142000,00680K,4215,2,35,0.84,316.55,13478,42665,29187,317,317,0,57257,4220,4220,4215,78,1,2,20832,20533,24,54
142100,00680K,4215,2,35,0.84,316.55,13478,42665,29187,317,317,0,57257,4215,4215,4215,0,0,0,20832,20533,0,0
142100,00680K,4220,2,40,0.96,316.71,13478,42686,29208,317,319,2,57278,4220,4220,4220,21,0,2,22831,20510,0,21
142200,00680K,4220,2,40,0.96,297.45,14352,42690,28338,319,320,1,58156,4220,4220,4220,4,0,1,21961,19616,0,4
142200,00680K,4220,2,40,0.96,297.45,14352,42690,28338,319,320,1,58156,4220,4220,4220,4,0,1,21961,19616,0,4
142300,00680K,4215,2,35,0.84,297.41,14354,42690,28336,320,320,0,58158,4215,4215,4215,0,0,0,21957,19616,0,0
142300,00680K,4220,2,40,0.96,296.93,14378,42693,28315,321,321,0,58185,4215,4220,4215,27,1,1,21957,19609,24,3
142400,00680K,4220,2,40,0.96,296.93,14378,42693,28315,321,321,0,58185,4220,4220,4220,0,0,0,21957,19609,0,0
142400,00680K,4215,2,35,0.84,296.44,14402,42693,28291,322,321,-1,58209,4215,4215,4215,24,1,0,21954,19609,24,0
142500,00680K,4220,2,40,0.96,296.6,14402,42716,28314,322,323,1,58232,4220,4220,4220,23,0,2,21935,19566,0,23
142500,00680K,4220,2,40,0.96,296.6,14402,42716,28314,322,323,1,58232,4220,4220,4220,23,0,2,21935,19566,0,23
142600,00680K,4215,2,35,0.84,296.02,14430,42716,28286,324,323,-1,58260,4215,4215,4215,24,1,0,21931,19585,24,0
142600,00680K,4220,2,40,0.96,296.05,14430,42720,28290,324,324,0,58264,4215,4220,4215,28,1,1,21931,19561,24,4
142700,00680K,4215,2,35,0.84,296.03,14431,42720,28289,325,324,-1,58265,4215,4215,4215,1,1,0,21927,19585,1,0
142700,00680K,4215,2,35,0.84,295.54,14455,42720,28265,326,324,-2,58289,4215,4215,4215,25,2,0,21927,19584,25,0
142800,00680K,4220,2,40,0.96,295.56,14455,42723,28268,326,325,-1,58292,4220,4220,4220,3,0,1,21927,19555,0,3
142800,00680K,4215,2,35,0.84,295.07,14479,42723,28244,327,325,-2,58316,4220,4220,4215,27,1,1,21924,19555,24,3
142900,00680K,4215,2,35,0.84,265.29,16104,42723,26619,328,325,-3,59941,4215,4215,4215,1625,1,0,21924,19531,1625,0
142900,00680K,4215,2,35,0.84,265.32,16104,42727,26623,328,326,-2,59945,4215,4215,4215,1629,1,1,10463,19373,1625,4
143000,00680K,4210,2,30,0.72,264.92,16128,42727,26599,329,326,-3,59969,4210,4210,4210,24,1,0,10959,19374,24,0
143000,00680K,4210,2,30,0.72,264.92,16128,42727,26599,329,326,-3,59969,4210,4210,4210,24,1,0,10959,19374,24,0
143100,00680K,4210,2,30,0.72,264.53,16153,42730,26577,331,327,-4,59997,4210,4210,4210,25,2,0,10956,18849,25,0
143100,00680K,4215,2,35,0.84,264.84,16153,42780,26627,331,328,-3,60047,4210,4215,4210,75,2,1,10956,18825,25,50
143200,00680K,4215,2,35,0.84,264.87,16153,42784,26631,331,329,-2,60051,4215,4215,4215,4,0,1,13988,18845,0,4
143300,00680K,4210,2,30,0.72,264.47,16177,42784,26607,332,329,-3,60075,4210,4210,4210,0,0,0,13984,18845,0,0
143300,00680K,4210,2,30,0.72,264.47,16177,42784,26607,332,329,-3,60075,4210,4210,4210,0,0,0,13984,18845,0,0
143400,00680K,4215,2,35,0.84,264.5,16177,42788,26611,332,330,-2,60079,4215,4215,4215,0,0,0,13984,18831,0,0
143400,00680K,4210,2,30,0.72,226.98,18851,42788,23937,334,330,-4,62753,4210,4210,4210,2674,2,0,13980,19515,2674,0
143500,00680K,4210,2,30,0.72,226.98,18851,42788,23937,334,330,-4,62753,4210,4210,4210,0,0,0,13980,19515,0,0
143500,00680K,4210,2,30,0.72,226.68,18877,42791,23914,336,331,-5,62782,4215,4215,4210,29,2,1,30206,16897,26,3
143600,00680K,4210,2,30,0.72,226.68,18877,42791,23914,336,331,-5,62782,4210,4210,4210,0,0,0,30206,16897,0,0
143600,00680K,4215,2,35,0.84,226.79,18877,42811,23934,336,332,-4,62802,4215,4215,4215,20,0,1,30206,16913,0,20
143700,00680K,4215,2,35,0.84,226.52,18901,42815,23914,337,333,-4,62830,4215,4215,4215,0,0,0,31186,16869,0,0
143700,00680K,4215,2,35,0.84,227.05,18901,42915,24014,337,334,-3,62930,4215,4215,4215,100,0,1,31182,16869,0,100
143800,00680K,4210,2,30,0.72,226.76,18925,42915,23990,338,334,-4,62954,4210,4210,4210,24,1,0,31082,16984,24,0
143800,00680K,4215,2,35,0.84,226.78,18925,42918,23993,338,335,-3,62957,4210,4215,4210,27,1,1,31082,16977,24,3
143900,00680K,4215,2,35,0.84,226.78,18925,42918,23993,338,335,-3,62957,4215,4215,4215,0,0,0,31082,16977,0,0
143900,00680K,4210,2,30,0.72,226.49,18949,42918,23969,339,335,-4,62981,4210,4210,4210,24,1,0,31079,16977,24,0
144000,00680K,4215,2,35,0.84,226.5,18950,42922,23972,340,336,-4,62986,4215,4215,4215,0,0,0,31079,16952,0,0
144000,00680K,4215,2,35,0.84,226.6,18950,42941,23991,340,337,-3,63005,4215,4215,4215,19,0,1,31075,16977,0,19
144100,00680K,4210,2,30,0.72,226.31,18974,42941,23967,341,337,-4,63029,4210,4210,4210,0,0,0,31056,16977,0,0
144100,00680K,4215,2,35,0.84,226.34,18974,42945,23971,341,338,-3,63033,4215,4215,4215,4,0,1,31056,16953,0,4
144200,00680K,4210,2,30,0.72,226.05,18998,42945,23947,342,338,-4,63057,4210,4210,4210,24,1,0,31052,16853,24,0
144200,00680K,4210,2,30,0.72,224.48,19131,42945,23814,343,338,-5,63190,4210,4210,4210,157,2,0,31052,17034,157,0
144300,00680K,4215,2,35,0.84,224.49,19131,42948,23817,343,339,-4,63193,4215,4215,4215,0,0,0,31052,16901,0,0
144300,00680K,4210,2,30,0.72,224.21,19155,42948,23793,344,339,-5,63217,4210,4210,4210,24,1,0,31049,16901,24,0
144400,00680K,4215,2,35,0.84,223.68,19203,42953,23750,346,341,-5,63270,4210,4215,4210,52,2,1,31048,16830,48,4
144400,00680K,4215,2,35,0.84,223.41,19227,42956,23729,347,344,-3,63297,4210,4215,4210,79,3,4,31042,16820,72,7
144500,00680K,4215,2,35,0.84,223.47,19227,42966,23739,347,354,7,63307,4215,4215,4215,8,0,8,31032,16812,0,8
144500,00680K,4215,2,35,0.84,223.49,19227,42970,23743,347,355,8,63311,4215,4215,4215,12,0,9,31031,16811,0,12
144600,00680K,4210,2,30,0.72,223.21,19251,42970,23719,348,355,7,63335,4210,4210,4210,24,1,0,31027,16811,24,0
144600,00680K,4210,2,30,0.72,223.21,19251,42970,23719,348,355,7,63335,4210,4210,4210,24,1,0,31027,16811,24,0
144700,00680K,4215,2,35,0.84,223.38,19251,43003,23752,348,357,9,63368,4215,4215,4215,33,0,2,31024,16787,0,33
144700,00680K,4210,2,30,0.72,223.1,19275,43003,23728,349,357,8,63392,4215,4215,4210,57,1,2,30994,16787,24,33
144800,00680K,4215,2,35,0.84,223.17,19276,43018,23742,350,360,10,63408,4210,4215,4210,16,1,3,30990,16762,1,15
144900,00680K,4210,2,30,0.72,222.92,19300,43023,23723,351,362,11,63437,4210,4210,4210,0,0,0,30974,16777,0,0
144900,00680K,4215,2,35,0.84,222.99,19300,43038,23738,351,363,12,63452,4215,4215,4215,15,0,1,30974,16753,0,15
145000,00680K,4215,2,35,0.84,222.99,19300,43038,23738,351,363,12,63452,4215,4215,4215,0,0,0,30974,16753,0,0
145000,00680K,4215,2,35,0.84,222.73,19324,43041,23717,352,364,12,63479,4210,4215,4210,27,1,1,30959,16714,24,3
145100,00680K,4215,2,35,0.84,222.73,19324,43041,23717,352,364,12,63479,4215,4215,4215,0,0,0,30959,16714,0,0
145100,00680K,4210,2,30,0.72,222.02,19388,43046,23658,354,369,15,63548,4210,4215,4210,69,2,5,30951,16697,64,5
145200,00680K,4215,2,35,0.84,222.13,19388,43066,23678,354,386,32,63568,4215,4215,4215,0,0,0,31432,16673,0,0
145200,00680K,4210,2,30,0.72,222.12,19389,43066,23677,355,386,31,63569,4210,4210,4210,1,1,0,31431,16696,1,0
145300,00680K,4215,2,35,0.84,221.95,19413,43087,23674,356,387,31,63614,4215,4215,4215,21,0,1,31431,16671,0,21
145300,00680K,4215,2,35,0.84,221.97,19413,43091,23678,356,388,32,63618,4215,4215,4215,25,0,2,31410,16650,0,25
145400,00680K,4215,2,35,0.84,221.97,19413,43091,23678,356,388,32,63618,4215,4215,4215,0,0,0,31410,16650,0,0
145400,00680K,4210,2,30,0.72,221.7,19437,43091,23654,357,388,31,63642,4210,4210,4210,24,1,0,31406,16650,24,0
145500,00680K,4215,2,35,0.84,221.71,19437,43094,23657,357,389,32,63645,4215,4215,4215,0,0,0,31406,16644,0,0
145500,00680K,4210,2,30,0.72,221.44,19461,43094,23633,358,389,31,63669,4210,4210,4210,24,1,0,31403,16644,24,0
145600,00680K,4215,2,35,0.84,221.55,19461,43116,23655,358,391,33,63691,4215,4215,4215,22,0,2,31385,16602,0,22
145600,00680K,4210,2,30,0.72,221.61,19462,43129,23667,359,393,34,63705,4215,4215,4210,36,1,4,31368,16602,1,35
145700,00680K,4210,2,30,0.72,221.33,19486,43129,23643,360,393,33,63729,4210,4210,4210,0,0,0,31368,16601,0,0
145700,00680K,4215,2,35,0.84,221.35,19486,43132,23646,360,394,34,63732,4215,4215,4215,3,0,1,31368,16793,0,3
145800,00680K,4210,2,30,0.72,221.08,19510,43132,23622,361,394,33,63756,4210,4210,4210,24,1,0,31365,16798,24,0
145800,00680K,4210,2,30,0.72,221.08,19510,43132,23622,361,394,33,63756,4210,4210,4210,24,1,0,31365,16798,24,0
145900,00680K,4215,2,35,0.84,221.1,19510,43136,23626,361,395,34,63760,4215,4215,4215,4,0,1,31365,16774,0,4
145900,00680K,4210,2,30,0.72,220.91,19534,43152,23618,362,396,34,63800,4215,4215,4210,44,1,2,31345,16759,24,20
150000,00680K,4210,2,30,0.72,220.91,19534,43152,23618,362,396,34,63800,4210,4210,4210,0,0,0,31345,16759,0,0
150000,00680K,4215,2,35,0.84,220.93,19534,43156,23622,362,397,35,63804,4215,4215,4215,4,0,1,31345,16745,0,4
150100,00680K,4210,2,30,0.72,220.63,19560,43156,23596,364,397,33,63830,4210,4210,4210,26,2,0,31341,16779,26,0
150100,00680K,4215,2,35,0.84,220.69,19560,43166,23606,364,398,34,63840,4210,4215,4210,36,2,1,29341,16767,26,10
150200,00680K,4215,2,35,0.84,220.76,19560,43181,23621,364,400,36,63855,4215,4215,4215,15,0,2,29328,16767,0,15
150200,00680K,4215,2,35,0.84,220.83,19560,43195,23635,364,402,38,63869,4215,4215,4215,29,0,4,29315,16767,0,29
150300,00680K,4210,2,30,0.72,220.29,19615,43209,23594,365,403,38,63938,4215,4215,4210,69,1,1,29288,16753,55,14
150400,00680K,4215,2,35,0.84,220.37,19615,43226,23611,365,405,40,63955,4215,4215,4215,0,0,0,29275,16698,0,0
150400,00680K,4215,2,35,0.84,220.44,19615,43239,23624,365,406,41,63968,4215,4215,4215,13,0,1,29271,16710,0,13
150500,00680K,4215,2,35,0.84,220.5,19615,43252,23637,365,407,42,63981,4215,4215,4215,0,0,0,29258,16510,0,0
150500,00680K,4215,2,35,0.84,220.65,19615,43280,23665,365,410,45,64009,4215,4215,4215,28,0,3,29229,16510,0,28
150600,00680K,4215,2,35,0.84,220.71,19615,43293,23678,365,411,46,64022,4215,4215,4215,0,0,0,29217,16498,0,0
150600,00680K,4215,2,35,0.84,220.8,19615,43309,23694,365,413,48,64038,4215,4215,4215,16,0,2,29191,16654,0,16
150700,00680K,4215,2,35,0.84,220.85,19615,43320,23705,365,414,49,64049,4215,4215,4215,11,0,1,29188,16654,0,11
150700,00680K,4215,2,35,0.84,220.92,19615,43333,23718,365,415,50,64062,4215,4215,4215,24,0,2,29177,16643,0,24
150800,00680K,4215,2,35,0.84,221.0,19615,43350,23735,365,417,52,64079,4215,4215,4215,4,0,1,29151,16498,0,4
150800,00680K,4215,2,35,0.84,221.07,19615,43363,23748,365,418,53,64092,4215,4215,4215,17,0,2,29147,16498,0,17
150900,00680K,4215,2,35,0.84,221.18,19615,43384,23769,365,420,55,64113,4215,4215,4215,0,0,0,29125,16498,0,0
150900,00680K,4215,2,35,0.84,221.27,19615,43402,23787,365,423,58,64131,4215,4215,4215,18,0,3,29108,16498,0,18
151000,00680K,4215,2,35,0.84,221.27,19615,43402,23787,365,423,58,64131,4215,4215,4215,0,0,0,29108,16498,0,0
151000,00680K,4210,2,30,0.72,219.1,19815,43415,23600,366,424,58,64344,4215,4215,4210,213,1,1,29636,16499,200,13
151100,00680K,4215,2,35,0.84,219.24,19815,43442,23627,366,428,62,64371,4215,4215,4215,6,0,2,10732,16366,0,6
151100,00680K,4215,2,35,0.84,219.3,19815,43455,23640,366,429,63,64384,4215,4215,4215,19,0,3,10730,16366,0,19
151200,00680K,4215,2,35,0.84,219.44,19815,43482,23667,366,431,65,64411,4215,4215,4215,27,0,2,10702,16352,0,27
151200,00680K,4215,2,35,0.84,219.53,19815,43499,23684,366,433,67,64428,4215,4215,4215,44,0,4,10686,16452,0,44
151300,00680K,4215,2,35,0.84,219.59,19815,43512,23697,366,434,68,64441,4215,4215,4215,13,0,1,10673,16462,0,13
151300,00680K,4215,2,35,0.84,219.59,19815,43512,23697,366,434,68,64441,4215,4215,4215,13,0,1,10673,16462,0,13
151400,00680K,4215,2,35,0.84,219.67,19815,43528,23713,366,436,70,64457,4215,4215,4215,3,0,1,10647,16462,0,3
151400,00680K,4215,2,35,0.84,219.74,19815,43541,23726,366,437,71,64470,4215,4215,4215,16,0,2,10644,16462,0,16
151500,00680K,4215,2,35,0.84,219.85,19815,43564,23749,366,439,73,64493,4215,4215,4215,13,0,1,10621,16462,0,13
151500,00680K,4215,2,35,0.84,219.98,19815,43590,23775,366,442,76,64519,4215,4215,4215,39,0,4,10594,16452,0,39
151600,00680K,4215,2,35,0.84,220.05,19815,43603,23788,366,443,77,64532,4215,4215,4215,13,0,1,10582,16452,0,13
151600,00680K,4215,2,35,0.84,220.12,19815,43616,23801,366,444,78,64545,4215,4215,4215,26,0,2,10569,16457,0,26
151700,00680K,4215,2,35,0.84,220.16,19815,43625,23810,366,446,80,64554,4215,4215,4215,5,0,1,10552,16457,0,5
151700,00680K,4215,2,35,0.84,220.25,19815,43642,23827,366,448,82,64571,4215,4215,4215,22,0,3,10534,16456,0,22
151800,00680K,4215,2,35,0.84,221.03,19815,43797,23982,366,451,85,64726,4215,4215,4215,155,0,3,10514,16452,0,155
151800,00680K,4215,2,35,0.84,220.56,19865,43814,23949,367,454,87,64793,4215,4215,4210,222,1,6,10373,16307,50,172
151900,00680K,4215,2,35,0.84,220.57,19865,43816,23951,367,456,89,64795,4215,4215,4215,1,0,1,10257,16307,0,1
152000,00680K,4215,2,35,0.84,220.57,19865,43816,23951,367,456,89,64795,4215,4215,4215,0,0,0,10257,16307,0,0
152000,00680K,4215,2,35,0.84,221.36,19865,43974,24109,367,457,90,64953,4215,4215,4215,158,0,1,10256,15355,0,158
152000,00680K,4215,2,35,0.84,221.36,19865,43974,24109,367,457,90,64953,4215,4215,4215,158,0,1,10256,15355,0,158
152000,00680K,4215,2,35,0.84,221.36,19865,43974,24109,367,457,90,64953,4215,4215,4215,158,0,1,10256,15355,0,158
152000,00680K,4215,2,35,0.84,221.36,19865,43974,24109,367,457,90,64953,4215,4215,4215,158,0,1,10256,15355,0,158
152000,00680K,4215,2,35,0.84,221.36,19865,43974,24109,367,457,90,64953,4215,4215,4215,158,0,1,10256,15355,0,158
152000,00680K,4215,2,35,0.84,221.36,19865,43974,24109,367,457,90,64953,4215,4215,4215,158,0,1,10256,15355,0,158
152000,00680K,4215,2,35,0.84,221.36,19865,43974,24109,367,457,90,64953,4215,4215,4215,158,0,1,10256,15355,0,158
152000,00680K,4215,2,35,0.84,221.36,19865,43974,24109,367,457,90,64953,4215,4215,4215,158,0,1,10256,15355,0,158
152000,00680K,4215,2,35,0.84,221.36,19865,43974,24109,367,457,90,64953,4215,4215,4215,158,0,1,10256,15355,0,158
152000,00680K,4215,2,35,0.84,221.36,19865,43974,24109,367,457,90,64953,4215,4215,4215,158,0,1,10256,15355,0,158
152000,00680K,4215,2,35,0.84,221.36,19865,43974,24109,367,457,90,64953,4215,4215,4215,158,0,1,10256,15355,0,158
152000,00680K,4215,2,35,0.84,221.36,19865,43974,24109,367,457,90,64953,4215,4215,4215,158,0,1,10256,15355,0,158
152000,00680K,4215,2,35,0.84,221.36,19865,43974,24109,367,457,90,64953,4215,4215,4215,158,0,1,10256,15355,0,158
152000,00680K,4215,2,35,0.84,221.36,19865,43974,24109,367,457,90,64953,4215,4215,4215,158,0,1,10256,15355,0,158
152000,00680K,4215,2,35,0.84,221.36,19865,43974,24109,367,457,90,64953,4215,4215,4215,158,0,1,10256,15355,0,158
152000,00680K,4215,2,35,0.84,221.36,19865,43974,24109,367,457,90,64953,4215,4215,4215,158,0,1,10256,15355,0,158
152000,00680K,4215,2,35,0.84,221.36,19865,43974,24109,367,457,90,64953,4215,4215,4215,158,0,1,10256,15355,0,158
152000,00680K,4215,2,35,0.84,221.36,19865,43974,24109,367,457,90,64953,4215,4215,4215,158,0,1,10256,15355,0,158
152000,00680K,4215,2,35,0.84,221.36,19865,43974,24109,367,457,90,64953,4215,4215,4215,158,0,1,10256,15355,0,158
152000,00680K,4215,2,35,0.84,221.36,19865,43974,24109,367,457,90,64953,4215,4215,4215,158,0,1,10256,15355,0,158
152000,00680K,4215,2,35,0.84,221.36,19865,43974,24109,367,457,90,64953,4215,4215,4215,158,0,1,10256,15355,0,158
153000,00680K,4215,2,35,0.84,221.36,19865,43974,24109,367,457,90,64953,4215,4215,4215,0,0,0,20728,25019,0,0
153000,00680K,4215,2,35,0.84,221.36,19865,43974,24109,367,457,90,65363,4215,4215,4215,410,0,0,20728,25019,0,0
